{"type": "FeatureCollection", "features": [{"type": "Feature", "properties": {"wid": "M22022144", "area": 131520.65}, "geometry": {"type": "Polygon", "coordinates": [[[14.11958, 47.27958], [14.12125, 47.27958], [14.12375, 47.27875], [14.12792, 47.28125], [14.13125, 47.28625], [14.13125, 47.28875], [14.13375, 47.29042], [14.13458, 47.29375], [14.13792, 47.29708], [14.13875, 47.29708], [14.14042, 47.29708], [14.14458, 47.29625], [14.14708, 47.29708], [14.14958, 47.29542], [14.15625, 47.29625], [14.15792, 47.29458], [14.15792, 47.29542], [14.16125, 47.29708], [14.16208, 47.29958], [14.16458, 47.29958], [14.16458, 47.30208], [14.16708, 47.30375], [14.16708, 47.30542], [14.16958, 47.30792], [14.17458, 47.30708], [14.17542, 47.30542], [14.18375, 47.30542], [14.18708, 47.30625], [14.19208, 47.30542], [14.19792, 47.30792], [14.19958, 47.30792], [14.20042, 47.31125], [14.20292, 47.31292], [14.20542, 47.31292], [14.21125, 47.31875], [14.21958, 47.32042], [14.22625, 47.32458], [14.22708, 47.32875], [14.22792, 47.32875], [14.22458, 47.33375], [14.22542, 47.33958], [14.22708, 47.33958], [14.22708, 47.34542], [14.22542, 47.34792], [14.22542, 47.35542], [14.22458, 47.35708], [14.22625, 47.35958], [14.22958, 47.36125], [14.22958, 47.36292], [14.23292, 47.36542], [14.23375, 47.37042], [14.23708, 47.37042], [14.23958, 47.37458], [14.24125, 47.37458], [14.24292, 47.37792], [14.24792, 47.37958], [14.25958, 47.37958], [14.26375, 47.38042], [14.26792, 47.38292], [14.27875, 47.38292], [14.28708, 47.38458], [14.28792, 47.38708], [14.29042, 47.38958], [14.29958, 47.39292], [14.29958, 47.39542], [14.30292, 47.39875], [14.30875, 47.39875], [14.31208, 47.40125], [14.32125, 47.40125], [14.32708, 47.40375], [14.32792, 47.40542], [14.33208, 47.40625], [14.33542, 47.40875], [14.33542, 47.40792], [14.34042, 47.40792], [14.34375, 47.41042], [14.34708, 47.41042], [14.35042, 47.41208], [14.35125, 47.41375], [14.35875, 47.41708], [14.36375, 47.41708], [14.36542, 47.41875], [14.37125, 47.41958], [14.37625, 47.41958], [14.37625, 47.42042], [14.37875, 47.42292], [14.38458, 47.42375], [14.38792, 47.42792], [14.38792, 47.43208], [14.39292, 47.43458], [14.39292, 47.43708], [14.39625, 47.43875], [14.40042, 47.43875], [14.40125, 47.43875], [14.40375, 47.43625], [14.40375, 47.43458], [14.40958, 47.43458], [14.41542, 47.43125], [14.42792, 47.43125], [14.43125, 47.43042], [14.43458, 47.42708], [14.43458, 47.42542], [14.43875, 47.42542], [14.43875, 47.42375], [14.44542, 47.41625], [14.44792, 47.41625], [14.45042, 47.41292], [14.46042, 47.41292], [14.46542, 47.41125], [14.46792, 47.41375], [14.47125, 47.41375], [14.47292, 47.41625], [14.47708, 47.41542], [14.48125, 47.41542], [14.48125, 47.41458], [14.48458, 47.41125], [14.48625, 47.41125], [14.49125, 47.40708], [14.49208, 47.40375], [14.49708, 47.40208], [14.50042, 47.39958], [14.50708, 47.39625], [14.50708, 47.39292], [14.50875, 47.39042], [14.53375, 47.39042], [14.53625, 47.39125], [14.54125, 47.39042], [14.54292, 47.38375], [14.53875, 47.37875], [14.53625, 47.37792], [14.53875, 47.37292], [14.53792, 47.36792], [14.54292, 47.36542], [14.54292, 47.36458], [14.54708, 47.36458], [14.54708, 47.36542], [14.55708, 47.36542], [14.55875, 47.36708], [14.56292, 47.36708], [14.56625, 47.36458], [14.56792, 47.36208], [14.57792, 47.36208], [14.58042, 47.36458], [14.58125, 47.36458], [14.58292, 47.36875], [14.58292, 47.37208], [14.58458, 47.37375], [14.58792, 47.37458], [14.59125, 47.37792], [14.61042, 47.37792], [14.61708, 47.38125], [14.61708, 47.38292], [14.61375, 47.38458], [14.61375, 47.38792], [14.61125, 47.38875], [14.60875, 47.39375], [14.60292, 47.39375], [14.60208, 47.39458], [14.60208, 47.40042], [14.60125, 47.40542], [14.60292, 47.40875], [14.60458, 47.40958], [14.60542, 47.41625], [14.60292, 47.41958], [14.60375, 47.42625], [14.60292, 47.42708], [14.60375, 47.42958], [14.60292, 47.43208], [14.60792, 47.43792], [14.60958, 47.43792], [14.61458, 47.44292], [14.62542, 47.44292], [14.63125, 47.44375], [14.63458, 47.44208], [14.63958, 47.44208], [14.64208, 47.43958], [14.64958, 47.43625], [14.65208, 47.43375], [14.65458, 47.43292], [14.65958, 47.43542], [14.66375, 47.43542], [14.66708, 47.43708], [14.66708, 47.44125], [14.67292, 47.44792], [14.67375, 47.45292], [14.67375, 47.46375], [14.67292, 47.46625], [14.67625, 47.46958], [14.67625, 47.47125], [14.67958, 47.47208], [14.67958, 47.47375], [14.68542, 47.47958], [14.68542, 47.48375], [14.68708, 47.48458], [14.68708, 47.48542], [14.69042, 47.48458], [14.69708, 47.48458], [14.70042, 47.48292], [14.70042, 47.48375], [14.70542, 47.48542], [14.70625, 47.48958], [14.71292, 47.48958], [14.71375, 47.49125], [14.72292, 47.49125], [14.72458, 47.49125], [14.72958, 47.49125], [14.73292, 47.48958], [14.74208, 47.48958], [14.74458, 47.48875], [14.74875, 47.48958], [14.76375, 47.48958], [14.76708, 47.49042], [14.76958, 47.48792], [14.77625, 47.48708], [14.78458, 47.48542], [14.78958, 47.48208], [14.79375, 47.48125], [14.79875, 47.48208], [14.81208, 47.48208], [14.81542, 47.48458], [14.81958, 47.48542], [14.82042, 47.48875], [14.82375, 47.48958], [14.82458, 47.48958], [14.83208, 47.48958], [14.83542, 47.48875], [14.83875, 47.48625], [14.84542, 47.48542], [14.84708, 47.48292], [14.84708, 47.48375], [14.84792, 47.48542], [14.85375, 47.48542], [14.85375, 47.48792], [14.85542, 47.48958], [14.85958, 47.49042], [14.86542, 47.49042], [14.87125, 47.48958], [14.87708, 47.49208], [14.88125, 47.49208], [14.88708, 47.48958], [14.89375, 47.48875], [14.90292, 47.49292], [14.91292, 47.49292], [14.91375, 47.49458], [14.92042, 47.49458], [14.92125, 47.49625], [14.92625, 47.49708], [14.92792, 47.49708], [14.92792, 47.49792], [14.92958, 47.49958], [14.93292, 47.50042], [14.93292, 47.50292], [14.93125, 47.50458], [14.93125, 47.51042], [14.93375, 47.51458], [14.93625, 47.51542], [14.93875, 47.51792], [14.94292, 47.51792], [14.94792, 47.52292], [14.94792, 47.52458], [14.95625, 47.53292], [14.96125, 47.53292], [14.96542, 47.53542], [14.96792, 47.53792], [14.97125, 47.53792], [14.97208, 47.53958], [14.97542, 47.54042], [14.97708, 47.54208], [14.97708, 47.54292], [14.98208, 47.54792], [14.98292, 47.55208], [14.97875, 47.55458], [14.97542, 47.56208], [14.97292, 47.56458], [14.97292, 47.56875], [14.97125, 47.56958], [14.97125, 47.57042], [14.97125, 47.57125], [14.97458, 47.57125], [14.97542, 47.57458], [14.97375, 47.57542], [14.97375, 47.57958], [14.97708, 47.58125], [14.97958, 47.58125], [14.98542, 47.58458], [14.98458, 47.58792], [14.98625, 47.58958], [14.99125, 47.59042], [14.99708, 47.59042], [14.99875, 47.59375], [15.00208, 47.59292], [15.00792, 47.59292], [15.01042, 47.59458], [15.01542, 47.59542], [15.02042, 47.59792], [15.02208, 47.59958], [15.02375, 47.59958], [15.02708, 47.60375], [15.02875, 47.60542], [15.03208, 47.60542], [15.03208, 47.60625], [15.05208, 47.60625], [15.05625, 47.60708], [15.06042, 47.60292], [15.06792, 47.60375], [15.06958, 47.60542], [15.07458, 47.60542], [15.07708, 47.60458], [15.07958, 47.60458], [15.07958, 47.60542], [15.08542, 47.60625], [15.08625, 47.61042], [15.08875, 47.61292], [15.10792, 47.61292], [15.11042, 47.61458], [15.11542, 47.61458], [15.11792, 47.61292], [15.12625, 47.61208], [15.12708, 47.61375], [15.13292, 47.61375], [15.13542, 47.61542], [15.13958, 47.61625], [15.14208, 47.61875], [15.14625, 47.61958], [15.14792, 47.61958], [15.14875, 47.62208], [15.15792, 47.62208], [15.16208, 47.62458], [15.16458, 47.62792], [15.16958, 47.63042], [15.17458, 47.63042], [15.17708, 47.63208], [15.17875, 47.63208], [15.17875, 47.63125], [15.18292, 47.62875], [15.18458, 47.62542], [15.19292, 47.62542], [15.19875, 47.62792], [15.20958, 47.62792], [15.21625, 47.62708], [15.21625, 47.62875], [15.22375, 47.62875], [15.22792, 47.63208], [15.23292, 47.63208], [15.23458, 47.63375], [15.24042, 47.63458], [15.24708, 47.63458], [15.25042, 47.63542], [15.25125, 47.63708], [15.25458, 47.63792], [15.26708, 47.63792], [15.26792, 47.63792], [15.26958, 47.63542], [15.27375, 47.63542], [15.28125, 47.62792], [15.28125, 47.62542], [15.28375, 47.62458], [15.28625, 47.62208], [15.28958, 47.62125], [15.29875, 47.61625], [15.30375, 47.61292], [15.30625, 47.61042], [15.30625, 47.60792], [15.30875, 47.60542], [15.31542, 47.60542], [15.31625, 47.60625], [15.31625, 47.60708], [15.31458, 47.60958], [15.31458, 47.61708], [15.31625, 47.62042], [15.31625, 47.62292], [15.32542, 47.62708], [15.32625, 47.62708], [15.32792, 47.62708], [15.33292, 47.62792], [15.33458, 47.62958], [15.33792, 47.63042], [15.34375, 47.63042], [15.34625, 47.62792], [15.35292, 47.62875], [15.35958, 47.62875], [15.36458, 47.63042], [15.37542, 47.63042], [15.37958, 47.63125], [15.38125, 47.63292], [15.38458, 47.63375], [15.39542, 47.63375], [15.40042, 47.63875], [15.40458, 47.64125], [15.40458, 47.64208], [15.40542, 47.64458], [15.40458, 47.64708], [15.40875, 47.65125], [15.41125, 47.65125], [15.41208, 47.65542], [15.40625, 47.65958], [15.40625, 47.66125], [15.39958, 47.66458], [15.39125, 47.66542], [15.38792, 47.66708], [15.38708, 47.67375], [15.38458, 47.67625], [15.37875, 47.67708], [15.37625, 47.67958], [15.37542, 47.68292], [15.37208, 47.68375], [15.37292, 47.68375], [15.37458, 47.68625], [15.37708, 47.68625], [15.37875, 47.68875], [15.37875, 47.69292], [15.38208, 47.69292], [15.38625, 47.68958], [15.39292, 47.69042], [15.39625, 47.69542], [15.39625, 47.70792], [15.39875, 47.70708], [15.40625, 47.70708], [15.40708, 47.70458], [15.41292, 47.70792], [15.41458, 47.70958], [15.42125, 47.70958], [15.42125, 47.71125], [15.41875, 47.71458], [15.41208, 47.71542], [15.41125, 47.71792], [15.40792, 47.71875], [15.40708, 47.72042], [15.40042, 47.72042], [15.39625, 47.72458], [15.39625, 47.72708], [15.39375, 47.73042], [15.39708, 47.73125], [15.39542, 47.73542], [15.39542, 47.73708], [15.39542, 47.73792], [15.39875, 47.73958], [15.40208, 47.73958], [15.40292, 47.73792], [15.40708, 47.73875], [15.41292, 47.73875], [15.42042, 47.74042], [15.42708, 47.74708], [15.42875, 47.74792], [15.43375, 47.75292], [15.45042, 47.75292], [15.45458, 47.75375], [15.46042, 47.75375], [15.46375, 47.75708], [15.46792, 47.75708], [15.47125, 47.75875], [15.47875, 47.75875], [15.47875, 47.75792], [15.48208, 47.75792], [15.48208, 47.76125], [15.48458, 47.76625], [15.48458, 47.77375], [15.48792, 47.77792], [15.48792, 47.78542], [15.48625, 47.78875], [15.48375, 47.79125], [15.48708, 47.79292], [15.49125, 47.79292], [15.49125, 47.79375], [15.49542, 47.79292], [15.49708, 47.79375], [15.50292, 47.79375], [15.50708, 47.79458], [15.50958, 47.79708], [15.51292, 47.79792], [15.52125, 47.79792], [15.52542, 47.79958], [15.52958, 47.79958], [15.53458, 47.79542], [15.53792, 47.79375], [15.54292, 47.78875], [15.54792, 47.78875], [15.54875, 47.78625], [15.55792, 47.78625], [15.56208, 47.78792], [15.56292, 47.78958], [15.56792, 47.79042], [15.57292, 47.79042], [15.57792, 47.79292], [15.58042, 47.79875], [15.58292, 47.79958], [15.58792, 47.79875], [15.60042, 47.79875], [15.60042, 47.79958], [15.60542, 47.79958], [15.61125, 47.80208], [15.61542, 47.80292], [15.61792, 47.80542], [15.61792, 47.81208], [15.62125, 47.81375], [15.62958, 47.81542], [15.63125, 47.81542], [15.63125, 47.82375], [15.63208, 47.82542], [15.62292, 47.83375], [15.62292, 47.83792], [15.61792, 47.84042], [15.61958, 47.84625], [15.62375, 47.84875], [15.62708, 47.84875], [15.62708, 47.85208], [15.62875, 47.85458], [15.62625, 47.85708], [15.62375, 47.85792], [15.62542, 47.86042], [15.62542, 47.86625], [15.62292, 47.87042], [15.62458, 47.87542], [15.62958, 47.87542], [15.63542, 47.87708], [15.63958, 47.87958], [15.63958, 47.88375], [15.64292, 47.88458], [15.64875, 47.88458], [15.65208, 47.88542], [15.65542, 47.88875], [15.65542, 47.89042], [15.65875, 47.89125], [15.65875, 47.89542], [15.66042, 47.89875], [15.66292, 47.90125], [15.66708, 47.90292], [15.66792, 47.90292], [15.67042, 47.90292], [15.67292, 47.90125], [15.67625, 47.90125], [15.67875, 47.89875], [15.67875, 47.89625], [15.67708, 47.89292], [15.67542, 47.89208], [15.67542, 47.88708], [15.67875, 47.88375], [15.67542, 47.88042], [15.67792, 47.88042], [15.67792, 47.88125], [15.68375, 47.88708], [15.68792, 47.88708], [15.69042, 47.89042], [15.69042, 47.89375], [15.69292, 47.89792], [15.69708, 47.89792], [15.69875, 47.90125], [15.70375, 47.90125], [15.70458, 47.90292], [15.71042, 47.90458], [15.71375, 47.90792], [15.71292, 47.91292], [15.71625, 47.91542], [15.71792, 47.91458], [15.72458, 47.91542], [15.72875, 47.91792], [15.73625, 47.91792], [15.73875, 47.91875], [15.73958, 47.92292], [15.74208, 47.92458], [15.74542, 47.92458], [15.74875, 47.92625], [15.74875, 47.92875], [15.75042, 47.93125], [15.75375, 47.93208], [15.75625, 47.93458], [15.76125, 47.93375], [15.77125, 47.93375], [15.77375, 47.93125], [15.77958, 47.93125], [15.78458, 47.93375], [15.78542, 47.93542], [15.79042, 47.93542], [15.79292, 47.93292], [15.79708, 47.93375], [15.79792, 47.93542], [15.79958, 47.93542], [15.80375, 47.93625], [15.80542, 47.93458], [15.80958, 47.93458], [15.81292, 47.93625], [15.81792, 47.93708], [15.81958, 47.93542], [15.81958, 47.93292], [15.81458, 47.92958], [15.81458, 47.92542], [15.81375, 47.92542], [15.81042, 47.92292], [15.80458, 47.92292], [15.79958, 47.92208], [15.79625, 47.91875], [15.79458, 47.91542], [15.79542, 47.90958], [15.79708, 47.90875], [15.79708, 47.90375], [15.79375, 47.90208], [15.79125, 47.89875], [15.78792, 47.89708], [15.78625, 47.89292], [15.78625, 47.88958], [15.78958, 47.88708], [15.79208, 47.88708], [15.79208, 47.88375], [15.79625, 47.88292], [15.79875, 47.88125], [15.80542, 47.88125], [15.80458, 47.87958], [15.79875, 47.87375], [15.79875, 47.86875], [15.80042, 47.86542], [15.79875, 47.86375], [15.79458, 47.86208], [15.79375, 47.85792], [15.79375, 47.85292], [15.79208, 47.84958], [15.78875, 47.84792], [15.78708, 47.84458], [15.78292, 47.84208], [15.78375, 47.83875], [15.78625, 47.83625], [15.79042, 47.83625], [15.79208, 47.83458], [15.79542, 47.83458], [15.79625, 47.83292], [15.79958, 47.83292], [15.79958, 47.82708], [15.80125, 47.82542], [15.80125, 47.82208], [15.79708, 47.81875], [15.79375, 47.81708], [15.79875, 47.81208], [15.80125, 47.81125], [15.80042, 47.80792], [15.80042, 47.80208], [15.79875, 47.79875], [15.80042, 47.79792], [15.80458, 47.79292], [15.80458, 47.78958], [15.80708, 47.78708], [15.80792, 47.78458], [15.80792, 47.78542], [15.81125, 47.78792], [15.81125, 47.78958], [15.81375, 47.79208], [15.81625, 47.79292], [15.81875, 47.79875], [15.82792, 47.79875], [15.83042, 47.80042], [15.83042, 47.80542], [15.83542, 47.80708], [15.83792, 47.80958], [15.84542, 47.80958], [15.85042, 47.81292], [15.85625, 47.81792], [15.86292, 47.82042], [15.86708, 47.82125], [15.88958, 47.82125], [15.89292, 47.82292], [15.89792, 47.82292], [15.89958, 47.82458], [15.90375, 47.82458], [15.90792, 47.82708], [15.90875, 47.82708], [15.91208, 47.82375], [15.91458, 47.81708], [15.92042, 47.80958], [15.92958, 47.80958], [15.93625, 47.81208], [15.93708, 47.81375], [15.94125, 47.81458], [15.95208, 47.81042], [15.95542, 47.80958], [15.95708, 47.80708], [15.96292, 47.80708], [15.96458, 47.80792], [15.96708, 47.80458], [15.97125, 47.80542], [15.97625, 47.80792], [15.97708, 47.80958], [15.98208, 47.81292], [15.98542, 47.81292], [15.98708, 47.81542], [15.99208, 47.81542], [15.99375, 47.81792], [15.99708, 47.81625], [16.00125, 47.81625], [16.00208, 47.81458], [16.00458, 47.81458], [16.00708, 47.81792], [16.00792, 47.82125], [16.01125, 47.82458], [16.01125, 47.82625], [16.01458, 47.82958], [16.01458, 47.83125], [16.02042, 47.83208], [16.02542, 47.83792], [16.02792, 47.83708], [16.03292, 47.83708], [16.03708, 47.83792], [16.03958, 47.83542], [16.04625, 47.83542], [16.04792, 47.83875], [16.05458, 47.83958], [16.05875, 47.84208], [16.06125, 47.84458], [16.06375, 47.84542], [16.06458, 47.85042], [16.07375, 47.85042], [16.07792, 47.85125], [16.08125, 47.85292], [16.08292, 47.85042], [16.09125, 47.85042], [16.09542, 47.85292], [16.10125, 47.85292], [16.10292, 47.84958], [16.11042, 47.85042], [16.11208, 47.84792], [16.11792, 47.84792], [16.12208, 47.84625], [16.12792, 47.84625], [16.13292, 47.84458], [16.13708, 47.84875], [16.13708, 47.85042], [16.13958, 47.85292], [16.14708, 47.85125], [16.15542, 47.85125], [16.15625, 47.84958], [16.16208, 47.85125], [16.16458, 47.85375], [16.17458, 47.85375], [16.17708, 47.85458], [16.17958, 47.85708], [16.18292, 47.85625], [16.18708, 47.86042], [16.18708, 47.86292], [16.19042, 47.86292], [16.19042, 47.86375], [16.19542, 47.86292], [16.20542, 47.86292], [16.20708, 47.86208], [16.21625, 47.86208], [16.21875, 47.85958], [16.22292, 47.86042], [16.23208, 47.86042], [16.23708, 47.85958], [16.23708, 47.85542], [16.24125, 47.85458], [16.24125, 47.84875], [16.24292, 47.84375], [16.24625, 47.84292], [16.24708, 47.83875], [16.25125, 47.83458], [16.25458, 47.83375], [16.25958, 47.83375], [16.26375, 47.83458], [16.26375, 47.83292], [16.26542, 47.83292], [16.26875, 47.83625], [16.27292, 47.83792], [16.27625, 47.83792], [16.27625, 47.84458], [16.27958, 47.84792], [16.28042, 47.85125], [16.28375, 47.85125], [16.28792, 47.84958], [16.29042, 47.85125], [16.29458, 47.85125], [16.30042, 47.84958], [16.30625, 47.84958], [16.30708, 47.85125], [16.31208, 47.85125], [16.31208, 47.85292], [16.31708, 47.85708], [16.32042, 47.85708], [16.32042, 47.85792], [16.32292, 47.85875], [16.32292, 47.86125], [16.32458, 47.86542], [16.33125, 47.86625], [16.33208, 47.86792], [16.34125, 47.87208], [16.34708, 47.87292], [16.35292, 47.87292], [16.35625, 47.87375], [16.35625, 47.87542], [16.36292, 47.87542], [16.36542, 47.87875], [16.37042, 47.88125], [16.37375, 47.88125], [16.37542, 47.88458], [16.37625, 47.88625], [16.37958, 47.88958], [16.37958, 47.89292], [16.38125, 47.89458], [16.38208, 47.89792], [16.38208, 47.90042], [16.38625, 47.90042], [16.38875, 47.90292], [16.39125, 47.90792], [16.39708, 47.91458], [16.40208, 47.91458], [16.40625, 47.91625], [16.41042, 47.91625], [16.41292, 47.91375], [16.42125, 47.91625], [16.42292, 47.91625], [16.42708, 47.92125], [16.43042, 47.92292], [16.43042, 47.92625], [16.43708, 47.93042], [16.44125, 47.93042], [16.44375, 47.93208], [16.44625, 47.93542], [16.45125, 47.93542], [16.45708, 47.93875], [16.45792, 47.93875], [16.45792, 47.94375], [16.46208, 47.94458], [16.46875, 47.94458], [16.47208, 47.94875], [16.47375, 47.94875], [16.47375, 47.95708], [16.47792, 47.95708], [16.47875, 47.96042], [16.48375, 47.96042], [16.48458, 47.96375], [16.48792, 47.96625], [16.48792, 47.96792], [16.49042, 47.97042], [16.49375, 47.97042], [16.49542, 47.97292], [16.50042, 47.97458], [16.50792, 47.97458], [16.51125, 47.97875], [16.51875, 47.98042], [16.51875, 47.98542], [16.52208, 47.98792], [16.52208, 47.99375], [16.52375, 47.99708], [16.53042, 47.99708], [16.53042, 47.99542], [16.53958, 47.99458], [16.54458, 47.99625], [16.54458, 47.99792], [16.55375, 47.99958], [16.55792, 47.99958], [16.55875, 47.99708], [16.56292, 47.99625], [16.56542, 47.99875], [16.56708, 48.00458], [16.56708, 48.00708], [16.56708, 48.00958], [16.57125, 48.00958], [16.57292, 48.01125], [16.57625, 48.01125], [16.57875, 48.01375], [16.58125, 48.01292], [16.58625, 48.01375], [16.58792, 48.01708], [16.58792, 48.01958], [16.59208, 48.02292], [16.59875, 48.02292], [16.59875, 48.02458], [16.60542, 48.02458], [16.60958, 48.02375], [16.61542, 48.02375], [16.61708, 48.02542], [16.62125, 48.02542], [16.62292, 48.02375], [16.62625, 48.02375], [16.63042, 48.02542], [16.63125, 48.02292], [16.63708, 48.02292], [16.64125, 48.02708], [16.64208, 48.03125], [16.64708, 48.03042], [16.64792, 48.03042], [16.64708, 48.03458], [16.64875, 48.03625], [16.64875, 48.03958], [16.65125, 48.03958], [16.65375, 48.04458], [16.65708, 48.04458], [16.65708, 48.04792], [16.66375, 48.05458], [16.65958, 48.05792], [16.65708, 48.05875], [16.65708, 48.06125], [16.65208, 48.06625], [16.65208, 48.06792], [16.65125, 48.06792], [16.65042, 48.07208], [16.65375, 48.07625], [16.65208, 48.07958], [16.65292, 48.07958], [16.65458, 48.07958], [16.65542, 48.08375], [16.65875, 48.08208], [16.66375, 48.08208], [16.66708, 48.08042], [16.66958, 48.08208], [16.67708, 48.08208], [16.67708, 48.08375], [16.68042, 48.08458], [16.68125, 48.08625], [16.68458, 48.08625], [16.68542, 48.08458], [16.69375, 48.08458], [16.69958, 48.08542], [16.70292, 48.08208], [16.70958, 48.08125], [16.71958, 48.08125], [16.72208, 48.08042], [16.72542, 48.08125], [16.72625, 48.08292], [16.73292, 48.08292], [16.73625, 48.08208], [16.73708, 48.08042], [16.73875, 48.08042], [16.73875, 48.07875], [16.74375, 48.07792], [16.74375, 48.07958], [16.74542, 48.08125], [16.75042, 48.08208], [16.75708, 48.08208], [16.75875, 48.08375], [16.76375, 48.08458], [16.76875, 48.08458], [16.77292, 48.08542], [16.77458, 48.08708], [16.77958, 48.08708], [16.78542, 48.09208], [16.79042, 48.09292], [16.79375, 48.09625], [16.80125, 48.09542], [16.80292, 48.09708], [16.80625, 48.09792], [16.80958, 48.09708], [16.81708, 48.09708], [16.82125, 48.09958], [16.83208, 48.09958], [16.84125, 48.09792], [16.84458, 48.09792], [16.84875, 48.10042], [16.85542, 48.10042], [16.86208, 48.10208], [16.86458, 48.10208], [16.86458, 48.10125], [16.86875, 48.10042], [16.86958, 48.09875], [16.87458, 48.09708], [16.87875, 48.09708], [16.88042, 48.09542], [16.88708, 48.09542], [16.88958, 48.09375], [16.89542, 48.09375], [16.89625, 48.09125], [16.90208, 48.09125], [16.90458, 48.08958], [16.90458, 48.09042], [16.90708, 48.09292], [16.91292, 48.09292], [16.91292, 48.09458], [16.91958, 48.09458], [16.92375, 48.09375], [16.92375, 48.09625], [16.92958, 48.10042], [16.93208, 48.10125], [16.93708, 48.10125], [16.94125, 48.09875], [16.95208, 48.09875], [16.95458, 48.09708], [16.95958, 48.09625], [16.96625, 48.09625], [16.96958, 48.09708], [16.96958, 48.10125], [16.97125, 48.10125], [16.97125, 48.10542], [16.96958, 48.10875], [16.97292, 48.11042], [16.97292, 48.11292], [16.97292, 48.11375], [16.98292, 48.11375], [16.98542, 48.11125], [16.99042, 48.11125], [16.99208, 48.10958], [16.99875, 48.10958], [16.99958, 48.11125], [17.00042, 48.11125], [17.00625, 48.11125], [17.00875, 48.11042], [17.01208, 48.11375], [17.02042, 48.11375], [17.02125, 48.11458], [17.02125, 48.11958], [17.01958, 48.12042], [17.02708, 48.12792], [17.02708, 48.13042], [17.02875, 48.13208], [17.03292, 48.13208], [17.03458, 48.13542], [17.03792, 48.13542], [17.04042, 48.13708], [17.04708, 48.13708], [17.04792, 48.13875], [17.05458, 48.13958], [17.06958, 48.13958], [17.07292, 48.13958], [17.07375, 48.13958], [17.07458, 48.13458], [17.07375, 48.13208], [17.07708, 48.13125], [17.07958, 48.13292], [17.07958, 48.13542], [17.08292, 48.13708], [17.08375, 48.13458], [17.08708, 48.13625], [17.09208, 48.13542], [17.09125, 48.12875], [17.10125, 48.12958], [17.10792, 48.12625], [17.10625, 48.12292], [17.10375, 48.12208], [17.10542, 48.11875], [17.10208, 48.11708], [17.10292, 48.11042], [17.10625, 48.10875], [17.10542, 48.10708], [17.10542, 48.09875], [17.10708, 48.09625], [17.11958, 48.09625], [17.12125, 48.09292], [17.12125, 48.08875], [17.12292, 48.08792], [17.12292, 48.08125], [17.12458, 48.07875], [17.12625, 48.07458], [17.13458, 48.07458], [17.13958, 48.07125], [17.14125, 48.06875], [17.14542, 48.06875], [17.14792, 48.07042], [17.15292, 48.06958], [17.15375, 48.06708], [17.15875, 48.06708], [17.15875, 48.06125], [17.16292, 48.05792], [17.16458, 48.05542], [17.17125, 48.05542], [17.17458, 48.05458], [17.17708, 48.05208], [17.18208, 48.04875], [17.18208, 48.05208], [17.19125, 48.05208], [17.19208, 48.05292], [17.19208, 48.05458], [17.18958, 48.05625], [17.18208, 48.05875], [17.17625, 48.05958], [17.17208, 48.06208], [17.17208, 48.06458], [17.16625, 48.07042], [17.16542, 48.07292], [17.16125, 48.07708], [17.15958, 48.08042], [17.16375, 48.08208], [17.16708, 48.08542], [17.17208, 48.08542], [17.17375, 48.09042], [17.17792, 48.09542], [17.17708, 48.10208], [17.17958, 48.10375], [17.17792, 48.10542], [17.17875, 48.11125], [17.17625, 48.11125], [17.17625, 48.11542], [17.17958, 48.11792], [17.17792, 48.11958], [17.17708, 48.12542], [17.17125, 48.12792], [17.15958, 48.12792], [17.15458, 48.12875], [17.15458, 48.13208], [17.15708, 48.13292], [17.15792, 48.13625], [17.15958, 48.13792], [17.15208, 48.14208], [17.14875, 48.14042], [17.14542, 48.14208], [17.14125, 48.14208], [17.14125, 48.14708], [17.14208, 48.14792], [17.14042, 48.14792], [17.14042, 48.15208], [17.13458, 48.15042], [17.13375, 48.14875], [17.12458, 48.14875], [17.11875, 48.15458], [17.11542, 48.15542], [17.10625, 48.16458], [17.10625, 48.16625], [17.10375, 48.17208], [17.10125, 48.17458], [17.10292, 48.17625], [17.10125, 48.17875], [17.10042, 48.17958], [17.09958, 48.18292], [17.09958, 48.18458], [17.10458, 48.18958], [17.10458, 48.19458], [17.10708, 48.19792], [17.10708, 48.20458], [17.10625, 48.20792], [17.10458, 48.20958], [17.10458, 48.21292], [17.10792, 48.21542], [17.11292, 48.21458], [17.11792, 48.21708], [17.12125, 48.22125], [17.11958, 48.22292], [17.11875, 48.23125], [17.12208, 48.23292], [17.12292, 48.23292], [17.12208, 48.23542], [17.12375, 48.23708], [17.12875, 48.23708], [17.13125, 48.23625], [17.13292, 48.23958], [17.13708, 48.24042], [17.13708, 48.24208], [17.14042, 48.24542], [17.14792, 48.24958], [17.14792, 48.25208], [17.14625, 48.25375], [17.14792, 48.25542], [17.14875, 48.25542], [17.15542, 48.25542], [17.15792, 48.25958], [17.16292, 48.25958], [17.16875, 48.26542], [17.16708, 48.27208], [17.16875, 48.27375], [17.16958, 48.27375], [17.16792, 48.27792], [17.16208, 48.28125], [17.15792, 48.28542], [17.15792, 48.28708], [17.15458, 48.28792], [17.15458, 48.29208], [17.15292, 48.29375], [17.15292, 48.29958], [17.15125, 48.30042], [17.15625, 48.30625], [17.15542, 48.30958], [17.16042, 48.31375], [17.17042, 48.31292], [17.17375, 48.31042], [17.18042, 48.31208], [17.18042, 48.31708], [17.18292, 48.31958], [17.18708, 48.32042], [17.18958, 48.32292], [17.18792, 48.32542], [17.18792, 48.32958], [17.18458, 48.33208], [17.18458, 48.33292], [17.18458, 48.33375], [17.18708, 48.33458], [17.18708, 48.33792], [17.19292, 48.34042], [17.19292, 48.34375], [17.19042, 48.34542], [17.18875, 48.35375], [17.19042, 48.35458], [17.19125, 48.35792], [17.19792, 48.36292], [17.19708, 48.36792], [17.19792, 48.37125], [17.20042, 48.37458], [17.20125, 48.37458], [17.20458, 48.37458], [17.20458, 48.37625], [17.21042, 48.37875], [17.21208, 48.38042], [17.21625, 48.37875], [17.22542, 48.37875], [17.22875, 48.38125], [17.23792, 48.38125], [17.24208, 48.37792], [17.24375, 48.37792], [17.24458, 48.38208], [17.24708, 48.38542], [17.24708, 48.38792], [17.24042, 48.39208], [17.24042, 48.39542], [17.23792, 48.39792], [17.23708, 48.39792], [17.23708, 48.40125], [17.23875, 48.40208], [17.23708, 48.40458], [17.23708, 48.40792], [17.23375, 48.40875], [17.23458, 48.41708], [17.23708, 48.41792], [17.23875, 48.42292], [17.24292, 48.42542], [17.24542, 48.42792], [17.24708, 48.43125], [17.24792, 48.43125], [17.25292, 48.43042], [17.25625, 48.43208], [17.26292, 48.43208], [17.26875, 48.43292], [17.27208, 48.43208], [17.27375, 48.43542], [17.29042, 48.43542], [17.29208, 48.43708], [17.29208, 48.43958], [17.29208, 48.44958], [17.29125, 48.45542], [17.28958, 48.45708], [17.28458, 48.45875], [17.28125, 48.46208], [17.28542, 48.46375], [17.28875, 48.46375], [17.28958, 48.46708], [17.29375, 48.47042], [17.29792, 48.46958], [17.30292, 48.46958], [17.30625, 48.47042], [17.30708, 48.47208], [17.31292, 48.47458], [17.31458, 48.47625], [17.31292, 48.47958], [17.31458, 48.48125], [17.32875, 48.48125], [17.33042, 48.48375], [17.33375, 48.48458], [17.33708, 48.48875], [17.33708, 48.49125], [17.33958, 48.49375], [17.33542, 48.49708], [17.33708, 48.49875], [17.35042, 48.50292], [17.35125, 48.50292], [17.35708, 48.50708], [17.36208, 48.51208], [17.36375, 48.51458], [17.37792, 48.51625], [17.38708, 48.51625], [17.39208, 48.51708], [17.39375, 48.51875], [17.39375, 48.52208], [17.39208, 48.52375], [17.39292, 48.52375], [17.39375, 48.52875], [17.39375, 48.53542], [17.39542, 48.53625], [17.39042, 48.54125], [17.38625, 48.54625], [17.38625, 48.54958], [17.38208, 48.55292], [17.38208, 48.55542], [17.38458, 48.55708], [17.38458, 48.56042], [17.38708, 48.56208], [17.38292, 48.56542], [17.38292, 48.57042], [17.38708, 48.57042], [17.39125, 48.57292], [17.39875, 48.57292], [17.40292, 48.57458], [17.40542, 48.57292], [17.41042, 48.57292], [17.41375, 48.57625], [17.41458, 48.57625], [17.41708, 48.57375], [17.42375, 48.57625], [17.43458, 48.57625], [17.44208, 48.57542], [17.44375, 48.57375], [17.44375, 48.56958], [17.44542, 48.56875], [17.45292, 48.57042], [17.46208, 48.57042], [17.46625, 48.57542], [17.46458, 48.58042], [17.46208, 48.58208], [17.46625, 48.58458], [17.46625, 48.58625], [17.47292, 48.58625], [17.47625, 48.58708], [17.47792, 48.58958], [17.48208, 48.58958], [17.48208, 48.59208], [17.48542, 48.59458], [17.49042, 48.60042], [17.49125, 48.60292], [17.49042, 48.60292], [17.48792, 48.60542], [17.48792, 48.60625], [17.48792, 48.60958], [17.49458, 48.60958], [17.49708, 48.61208], [17.50292, 48.61208], [17.50625, 48.61375], [17.50708, 48.61625], [17.50375, 48.61958], [17.50375, 48.62292], [17.50625, 48.62625], [17.51208, 48.62625], [17.51458, 48.62708], [17.51458, 48.62958], [17.51708, 48.63042], [17.52208, 48.63042], [17.52292, 48.63542], [17.52792, 48.63625], [17.52875, 48.63792], [17.53542, 48.63792], [17.53625, 48.64042], [17.54042, 48.63875], [17.54625, 48.64375], [17.54792, 48.64208], [17.55625, 48.64292], [17.55792, 48.64625], [17.56042, 48.64875], [17.56375, 48.64708], [17.56792, 48.64375], [17.57042, 48.64292], [17.57208, 48.63958], [17.57208, 48.63542], [17.57375, 48.63708], [17.57708, 48.63792], [17.58875, 48.63792], [17.59125, 48.63792], [17.59042, 48.63875], [17.59375, 48.64208], [17.59458, 48.64542], [17.59042, 48.64625], [17.58875, 48.64792], [17.58875, 48.65125], [17.59042, 48.65208], [17.59125, 48.65625], [17.58958, 48.65708], [17.58958, 48.66208], [17.59125, 48.66458], [17.59458, 48.66458], [17.60125, 48.67208], [17.60042, 48.67458], [17.59708, 48.67625], [17.59458, 48.67875], [17.59042, 48.67958], [17.59458, 48.68375], [17.59208, 48.68625], [17.59208, 48.68792], [17.59625, 48.69208], [17.59958, 48.69375], [17.60375, 48.69375], [17.60458, 48.69708], [17.60875, 48.70125], [17.61708, 48.70125], [17.61708, 48.70458], [17.61625, 48.70875], [17.61208, 48.71208], [17.60792, 48.71292], [17.60625, 48.71125], [17.59875, 48.70875], [17.59292, 48.71042], [17.59292, 48.71208], [17.58875, 48.71625], [17.58292, 48.71708], [17.57958, 48.71875], [17.57708, 48.72292], [17.58208, 48.72792], [17.58125, 48.72792], [17.58542, 48.73292], [17.59042, 48.73458], [17.59208, 48.73792], [17.59542, 48.74125], [17.59208, 48.74708], [17.58958, 48.74958], [17.59542, 48.75958], [17.59792, 48.75958], [17.60125, 48.76208], [17.60125, 48.76542], [17.59792, 48.76625], [17.60125, 48.76958], [17.60208, 48.77292], [17.60458, 48.77292], [17.60792, 48.77625], [17.60792, 48.77875], [17.60625, 48.78042], [17.60625, 48.78542], [17.60125, 48.79042], [17.59792, 48.79458], [17.60042, 48.79708], [17.60042, 48.80375], [17.59875, 48.80542], [17.60042, 48.80708], [17.60042, 48.80958], [17.60292, 48.81208], [17.60458, 48.81542], [17.60792, 48.81875], [17.60792, 48.82292], [17.61375, 48.82875], [17.61458, 48.82875], [17.61458, 48.83208], [17.61708, 48.83708], [17.62125, 48.84125], [17.62125, 48.84625], [17.62042, 48.84708], [17.62125, 48.84708], [17.62708, 48.85208], [17.63042, 48.85292], [17.63125, 48.85458], [17.63542, 48.85542], [17.64042, 48.85458], [17.65208, 48.85458], [17.65208, 48.85542], [17.66125, 48.85542], [17.66792, 48.85292], [17.66792, 48.85458], [17.67292, 48.85542], [17.67542, 48.85792], [17.67458, 48.85792], [17.67125, 48.86125], [17.66958, 48.86458], [17.66958, 48.86958], [17.66708, 48.87042], [17.66875, 48.87625], [17.66875, 48.88208], [17.66958, 48.88458], [17.66625, 48.88792], [17.66125, 48.88958], [17.65708, 48.89375], [17.65375, 48.89458], [17.64875, 48.89792], [17.64875, 48.89875], [17.65292, 48.90292], [17.65292, 48.90875], [17.65625, 48.91125], [17.65625, 48.91208], [17.66042, 48.91208], [17.66208, 48.91375], [17.67125, 48.91375], [17.67542, 48.91542], [17.68125, 48.91625], [17.69958, 48.91625], [17.70375, 48.92042], [17.70625, 48.92125], [17.70875, 48.92375], [17.71458, 48.92542], [17.71625, 48.92875], [17.71875, 48.92875], [17.71958, 48.93125], [17.72292, 48.93208], [17.72542, 48.93458], [17.72542, 48.93625], [17.72875, 48.93792], [17.73125, 48.94042], [17.73625, 48.94042], [17.73958, 48.94125], [17.74125, 48.94292], [17.74958, 48.94625], [17.75458, 48.95125], [17.76125, 48.95292], [17.76625, 48.95292], [17.77042, 48.95375], [17.77292, 48.95208], [17.78125, 48.95208], [17.78458, 48.95292], [17.79125, 48.95625], [17.79208, 48.95625], [17.79375, 48.95958], [17.79625, 48.96208], [17.79958, 48.96292], [17.80208, 48.96542], [17.80458, 48.96542], [17.80958, 48.96792], [17.81375, 48.97292], [17.81542, 48.97708], [17.81542, 48.98042], [17.81958, 48.98292], [17.82542, 48.98542], [17.82708, 48.98708], [17.84208, 48.98708], [17.84458, 48.98792], [17.84792, 48.99125], [17.85375, 48.99375], [17.85958, 48.99375], [17.86625, 48.99708], [17.86625, 48.99792], [17.86792, 48.99708], [17.87208, 48.99792], [17.87542, 48.99958], [17.88208, 49.00042], [17.88875, 49.00292], [17.89375, 49.00292], [17.89542, 49.00458], [17.89458, 49.00958], [17.89708, 49.01208], [17.89708, 49.01375], [17.90792, 49.01542], [17.91458, 49.01542], [17.91458, 49.01625], [17.91625, 49.01625], [17.91792, 49.01625], [17.91625, 49.01792], [17.91625, 49.02042], [17.91375, 49.02292], [17.91042, 49.02458], [17.90125, 49.02458], [17.89708, 49.02875], [17.89542, 49.02875], [17.88958, 49.03458], [17.89125, 49.03708], [17.89125, 49.04375], [17.88958, 49.04542], [17.89042, 49.04792], [17.89042, 49.05375], [17.89208, 49.05458], [17.89292, 49.06042], [17.89125, 49.06208], [17.88708, 49.06208], [17.88458, 49.06542], [17.88042, 49.06625], [17.87792, 49.06875], [17.87458, 49.07042], [17.86958, 49.07542], [17.86958, 49.07708], [17.86542, 49.08125], [17.86125, 49.07958], [17.85542, 49.07958], [17.85292, 49.07708], [17.84875, 49.08042], [17.84375, 49.08042], [17.84042, 49.08208], [17.84042, 49.08458], [17.83792, 49.08792], [17.83292, 49.08792], [17.83042, 49.09042], [17.82708, 49.09125], [17.82708, 49.09542], [17.83042, 49.09708], [17.82958, 49.10042], [17.82708, 49.10292], [17.82708, 49.10375], [17.82708, 49.10542], [17.83042, 49.10708], [17.83125, 49.11375], [17.83042, 49.11708], [17.82875, 49.11792], [17.82792, 49.12125], [17.82625, 49.12208], [17.82625, 49.12542], [17.82958, 49.12875], [17.83458, 49.13125], [17.83958, 49.13125], [17.84208, 49.12875], [17.84875, 49.12542], [17.85208, 49.12708], [17.85208, 49.12875], [17.85542, 49.12958], [17.85875, 49.13292], [17.86292, 49.13125], [17.86625, 49.13125], [17.86625, 49.13375], [17.86792, 49.13542], [17.87542, 49.13458], [17.87625, 49.13792], [17.87792, 49.13875], [17.87708, 49.13875], [17.87625, 49.13958], [17.87625, 49.14792], [17.87375, 49.14958], [17.87542, 49.15292], [17.87958, 49.15792], [17.87958, 49.16292], [17.87708, 49.16625], [17.87792, 49.16875], [17.88042, 49.17125], [17.87875, 49.17458], [17.87875, 49.17875], [17.87625, 49.18292], [17.87625, 49.18375], [17.87625, 49.18458], [17.87792, 49.18625], [17.88208, 49.18792], [17.88792, 49.18792], [17.89208, 49.19042], [17.89458, 49.19042], [17.89792, 49.19292], [17.89792, 49.19708], [17.90208, 49.19792], [17.90458, 49.19542], [17.90875, 49.19542], [17.91125, 49.19708], [17.91125, 49.20125], [17.91292, 49.20292], [17.92208, 49.20292], [17.92458, 49.20208], [17.92875, 49.20375], [17.92958, 49.20792], [17.93375, 49.20875], [17.94375, 49.20875], [17.94542, 49.21125], [17.94792, 49.21125], [17.95042, 49.21375], [17.95542, 49.21375], [17.95708, 49.21458], [17.95708, 49.21542], [17.96125, 49.21458], [17.97458, 49.21458], [17.97625, 49.21042], [17.97625, 49.20958], [17.98208, 49.20958], [17.98458, 49.20875], [17.98708, 49.21125], [17.99458, 49.21125], [17.99625, 49.20875], [17.99625, 49.20542], [17.99958, 49.20042], [18.00292, 49.19958], [18.00708, 49.19542], [18.00792, 49.19292], [18.00792, 49.18792], [18.00625, 49.18708], [18.00792, 49.18208], [18.01542, 49.17458], [18.01625, 49.17125], [18.02042, 49.17208], [18.02458, 49.17125], [18.02875, 49.17125], [18.03292, 49.17292], [18.03792, 49.17375], [18.04125, 49.17125], [18.04542, 49.17125], [18.05042, 49.17625], [18.05292, 49.17375], [18.05792, 49.17375], [18.06042, 49.17625], [18.06458, 49.17625], [18.06958, 49.17792], [18.07458, 49.17792], [18.07958, 49.17375], [18.08208, 49.16792], [18.08458, 49.16542], [18.08708, 49.16542], [18.09125, 49.16125], [18.09458, 49.16042], [18.09625, 49.15792], [18.09625, 49.15458], [18.09875, 49.15125], [18.09875, 49.14875], [18.10125, 49.14875], [18.10625, 49.14958], [18.10958, 49.15125], [18.11292, 49.15125], [18.11708, 49.15292], [18.11708, 49.15542], [18.11292, 49.15625], [18.11125, 49.15792], [18.11125, 49.16208], [18.10875, 49.16458], [18.10875, 49.16708], [18.10625, 49.16958], [18.10625, 49.18042], [18.10542, 49.18542], [18.10708, 49.18708], [18.10708, 49.18958], [18.11792, 49.18958], [18.11958, 49.19125], [18.12375, 49.19125], [18.12708, 49.19458], [18.13208, 49.19458], [18.13542, 49.19708], [18.13208, 49.20042], [18.13208, 49.20792], [18.13042, 49.21292], [18.12792, 49.21292], [18.12458, 49.21625], [18.12792, 49.22042], [18.12792, 49.22375], [18.13042, 49.22542], [18.13125, 49.22875], [18.13625, 49.22958], [18.13875, 49.23208], [18.13792, 49.23708], [18.13958, 49.23958], [18.13958, 49.24292], [18.14125, 49.24458], [18.14458, 49.24458], [18.14708, 49.24625], [18.14708, 49.24875], [18.15292, 49.25292], [18.15625, 49.25292], [18.16042, 49.25458], [18.16208, 49.25625], [18.16208, 49.25875], [18.16208, 49.26042], [18.16292, 49.26042], [18.16625, 49.26208], [18.17042, 49.26208], [18.17292, 49.26542], [18.17792, 49.26542], [18.17958, 49.26875], [18.18458, 49.26958], [18.18458, 49.27625], [18.18542, 49.28292], [18.18375, 49.28542], [18.18542, 49.28792], [18.18875, 49.28792], [18.19125, 49.29042], [18.19792, 49.28958], [18.20125, 49.29292], [18.20708, 49.29292], [18.21042, 49.29208], [18.21292, 49.29375], [18.21875, 49.29292], [18.22125, 49.29542], [18.22625, 49.29458], [18.23458, 49.29458], [18.23875, 49.29625], [18.23958, 49.29458], [18.24875, 49.29458], [18.24875, 49.29542], [18.25375, 49.29708], [18.25792, 49.29708], [18.25958, 49.29875], [18.26542, 49.29875], [18.26958, 49.30042], [18.27042, 49.30208], [18.27625, 49.30208], [18.27792, 49.30375], [18.28708, 49.30375], [18.28708, 49.30458], [18.29958, 49.30458], [18.30375, 49.30625], [18.30375, 49.30542], [18.30458, 49.30625], [18.31042, 49.30625], [18.31292, 49.30875], [18.31708, 49.31042], [18.32042, 49.31042], [18.32458, 49.31208], [18.32792, 49.31458], [18.32958, 49.31458], [18.33042, 49.31542], [18.33958, 49.31542], [18.34208, 49.31708], [18.34625, 49.31708], [18.34875, 49.31875], [18.35458, 49.31875], [18.35792, 49.31958], [18.35958, 49.31792], [18.36542, 49.31875], [18.37375, 49.31875], [18.37375, 49.31958], [18.37875, 49.32375], [18.38458, 49.32375], [18.38792, 49.32292], [18.39125, 49.32458], [18.39125, 49.32708], [18.39292, 49.32875], [18.39958, 49.33042], [18.40042, 49.33458], [18.40375, 49.33625], [18.40958, 49.33708], [18.40958, 49.33875], [18.40708, 49.34042], [18.40708, 49.34458], [18.40458, 49.35125], [18.39958, 49.35625], [18.39875, 49.35625], [18.40125, 49.35875], [18.40958, 49.36042], [18.41292, 49.36625], [18.41542, 49.36625], [18.41542, 49.37042], [18.41292, 49.37292], [18.41208, 49.37875], [18.41042, 49.38542], [18.40875, 49.38625], [18.40875, 49.39125], [18.40458, 49.39375], [18.40458, 49.39625], [18.40042, 49.39708], [18.40042, 49.39875], [18.39292, 49.39875], [18.38542, 49.40042], [18.38542, 49.40292], [18.38292, 49.40375], [18.37708, 49.40375], [18.37458, 49.40542], [18.36708, 49.40542], [18.36625, 49.40458], [18.36625, 49.40875], [18.36875, 49.41042], [18.36875, 49.41708], [18.37208, 49.42042], [18.37208, 49.42458], [18.36958, 49.42625], [18.36958, 49.42875], [18.36708, 49.43042], [18.36708, 49.43292], [18.35875, 49.43292], [18.35792, 49.43625], [18.35875, 49.44042], [18.35458, 49.44208], [18.35208, 49.44625], [18.34708, 49.44625], [18.34375, 49.44542], [18.34208, 49.44708], [18.33792, 49.44792], [18.33708, 49.44958], [18.33292, 49.45125], [18.32542, 49.45125], [18.32125, 49.45208], [18.32042, 49.45625], [18.31542, 49.46125], [18.31292, 49.46125], [18.30875, 49.46292], [18.30708, 49.46458], [18.30708, 49.47375], [18.30542, 49.47458], [18.30542, 49.48375], [18.30208, 49.48958], [18.29208, 49.49208], [18.27958, 49.49208], [18.27792, 49.49375], [18.27458, 49.49292], [18.26708, 49.49292], [18.26625, 49.49042], [18.26042, 49.48375], [18.25458, 49.48292], [18.25458, 49.47958], [18.25375, 49.48292], [18.24958, 49.48292], [18.24708, 49.48458], [18.24125, 49.48458], [18.23875, 49.48708], [18.23042, 49.48708], [18.22458, 49.48958], [18.22208, 49.49208], [18.21208, 49.49208], [18.20958, 49.49042], [18.20542, 49.49042], [18.20042, 49.48792], [18.19708, 49.49125], [18.18875, 49.49625], [18.17792, 49.50708], [18.17458, 49.50625], [18.17125, 49.51042], [18.17125, 49.51375], [18.16708, 49.51375], [18.16542, 49.51625], [18.15958, 49.51875], [18.15458, 49.51375], [18.15042, 49.51375], [18.14792, 49.51125], [18.14375, 49.51125], [18.13542, 49.50875], [18.13292, 49.51458], [18.12708, 49.52042], [18.12542, 49.51958], [18.11958, 49.51958], [18.11458, 49.51875], [18.11208, 49.51708], [18.10542, 49.51792], [18.09875, 49.51792], [18.09625, 49.51875], [18.09292, 49.51792], [18.08208, 49.51792], [18.07792, 49.51542], [18.07208, 49.51625], [18.06542, 49.51625], [18.05958, 49.51542], [18.05792, 49.51375], [18.05125, 49.51375], [18.04708, 49.51208], [18.03958, 49.51125], [18.03042, 49.51125], [18.02375, 49.50792], [18.01958, 49.50708], [18.01875, 49.51125], [18.01708, 49.51375], [18.01292, 49.51542], [18.01375, 49.51792], [18.01042, 49.51792], [18.00958, 49.52042], [18.00708, 49.52042], [18.00625, 49.51792], [18.00042, 49.52042], [17.99792, 49.52375], [17.99875, 49.52708], [17.99292, 49.53208], [17.98375, 49.53208], [17.98292, 49.53458], [17.97792, 49.53792], [17.96792, 49.53792], [17.96792, 49.54042], [17.96375, 49.54458], [17.96792, 49.54625], [17.97042, 49.54958], [17.96625, 49.55375], [17.95792, 49.55625], [17.95708, 49.55792], [17.95125, 49.55875], [17.94792, 49.56208], [17.94792, 49.56542], [17.94625, 49.56792], [17.93708, 49.56792], [17.93625, 49.56542], [17.93292, 49.56542], [17.93208, 49.56375], [17.92208, 49.56375], [17.91958, 49.56208], [17.91292, 49.56292], [17.90792, 49.56125], [17.90458, 49.55875], [17.90375, 49.55542], [17.89208, 49.55542], [17.89125, 49.55375], [17.88625, 49.55292], [17.88375, 49.54958], [17.88375, 49.55208], [17.88125, 49.55375], [17.88125, 49.55708], [17.87375, 49.55625], [17.87042, 49.55375], [17.86542, 49.55375], [17.85958, 49.55625], [17.85458, 49.56042], [17.84708, 49.55875], [17.84042, 49.55875], [17.83708, 49.55542], [17.83708, 49.55208], [17.83292, 49.55375], [17.82875, 49.55375], [17.82625, 49.55542], [17.81458, 49.55542], [17.80792, 49.55458], [17.80792, 49.55292], [17.80208, 49.55375], [17.80125, 49.55792], [17.80208, 49.55958], [17.79875, 49.56458], [17.79542, 49.56458], [17.79208, 49.56708], [17.78958, 49.56708], [17.78542, 49.56958], [17.78125, 49.56958], [17.77958, 49.57125], [17.77292, 49.57125], [17.77125, 49.57458], [17.76792, 49.57708], [17.76542, 49.57708], [17.76042, 49.58208], [17.75875, 49.58542], [17.75625, 49.58792], [17.75625, 49.59042], [17.75042, 49.59375], [17.75042, 49.59625], [17.74792, 49.59875], [17.75208, 49.60625], [17.75792, 49.60875], [17.75208, 49.61375], [17.75208, 49.61542], [17.75708, 49.62042], [17.75625, 49.62375], [17.75292, 49.62375], [17.75208, 49.62542], [17.74792, 49.62792], [17.74042, 49.62792], [17.73792, 49.63042], [17.73708, 49.63458], [17.73875, 49.63958], [17.73708, 49.64292], [17.73708, 49.64708], [17.73958, 49.64875], [17.73958, 49.65208], [17.73625, 49.65542], [17.72708, 49.65542], [17.72375, 49.65458], [17.72125, 49.65542], [17.71958, 49.65292], [17.71292, 49.65292], [17.71042, 49.65542], [17.70792, 49.65292], [17.70542, 49.65542], [17.69208, 49.65542], [17.68875, 49.65458], [17.68542, 49.65125], [17.68292, 49.65292], [17.68292, 49.65708], [17.68042, 49.65958], [17.67708, 49.65958], [17.67458, 49.66208], [17.67125, 49.66208], [17.67042, 49.66042], [17.65875, 49.66042], [17.65625, 49.66208], [17.65208, 49.66208], [17.64958, 49.66458], [17.64958, 49.66792], [17.64792, 49.66875], [17.64792, 49.67208], [17.64125, 49.67292], [17.64125, 49.67125], [17.63708, 49.66792], [17.63292, 49.66792], [17.63375, 49.66375], [17.63208, 49.65958], [17.63208, 49.65458], [17.62875, 49.65375], [17.62125, 49.65625], [17.61292, 49.65625], [17.60958, 49.65875], [17.60542, 49.65708], [17.60042, 49.65625], [17.59958, 49.65458], [17.59542, 49.65458], [17.59458, 49.65125], [17.59708, 49.64958], [17.59708, 49.64708], [17.59542, 49.64375], [17.59708, 49.64125], [17.59875, 49.63625], [17.59958, 49.62958], [17.59708, 49.62708], [17.59875, 49.62292], [17.59792, 49.62125], [17.59792, 49.61542], [17.59375, 49.61875], [17.59042, 49.61792], [17.58542, 49.61792], [17.58125, 49.61708], [17.58042, 49.61875], [17.57542, 49.61875], [17.57375, 49.61708], [17.56792, 49.61625], [17.56792, 49.61458], [17.56375, 49.61458], [17.56208, 49.61125], [17.56208, 49.61042], [17.55875, 49.61292], [17.55125, 49.61208], [17.54792, 49.61042], [17.54708, 49.61292], [17.53792, 49.61375], [17.53708, 49.60958], [17.53125, 49.60792], [17.52792, 49.60792], [17.52625, 49.60958], [17.52292, 49.60958], [17.52292, 49.60875], [17.51958, 49.60958], [17.51875, 49.61125], [17.51542, 49.61125], [17.51292, 49.61292], [17.51292, 49.61708], [17.51042, 49.61708], [17.50708, 49.62042], [17.50458, 49.61958], [17.50125, 49.62125], [17.50125, 49.62375], [17.49875, 49.62625], [17.49875, 49.62958], [17.49708, 49.63042], [17.49708, 49.63375], [17.49458, 49.63542], [17.49042, 49.63542], [17.48792, 49.63375], [17.48375, 49.63458], [17.47875, 49.63708], [17.47875, 49.64042], [17.48042, 49.64125], [17.48292, 49.64625], [17.48792, 49.64792], [17.48792, 49.65875], [17.48958, 49.66208], [17.49208, 49.66458], [17.49208, 49.66958], [17.49042, 49.67042], [17.48292, 49.67042], [17.48292, 49.67542], [17.48625, 49.67792], [17.48625, 49.68042], [17.48208, 49.68542], [17.48375, 49.68792], [17.48208, 49.68958], [17.48208, 49.69292], [17.48042, 49.69625], [17.47625, 49.70042], [17.47625, 49.70208], [17.47292, 49.70542], [17.46875, 49.70625], [17.46875, 49.70958], [17.47042, 49.71208], [17.46625, 49.71458], [17.46625, 49.71625], [17.47125, 49.71625], [17.47292, 49.71875], [17.47792, 49.71875], [17.47875, 49.71708], [17.48292, 49.71625], [17.48875, 49.71625], [17.48625, 49.72208], [17.48792, 49.72292], [17.48625, 49.72625], [17.48125, 49.72625], [17.48042, 49.72792], [17.47708, 49.72958], [17.47708, 49.73125], [17.48042, 49.73458], [17.47458, 49.74125], [17.47708, 49.74542], [17.47958, 49.74625], [17.47875, 49.75042], [17.47625, 49.75042], [17.47292, 49.75375], [17.46958, 49.75375], [17.46958, 49.75708], [17.46708, 49.75875], [17.46208, 49.75875], [17.45708, 49.76375], [17.45792, 49.76625], [17.46125, 49.76625], [17.46542, 49.77042], [17.46958, 49.77208], [17.47625, 49.77958], [17.47625, 49.78125], [17.48042, 49.78208], [17.48292, 49.78542], [17.48542, 49.78542], [17.48875, 49.78875], [17.49042, 49.78875], [17.49292, 49.79208], [17.49708, 49.79375], [17.50125, 49.79375], [17.50458, 49.79542], [17.50542, 49.80042], [17.50292, 49.80292], [17.49958, 49.80292], [17.49792, 49.80458], [17.49875, 49.80792], [17.50042, 49.80875], [17.50042, 49.81208], [17.48958, 49.81625], [17.48208, 49.82375], [17.47958, 49.82458], [17.48542, 49.83125], [17.48542, 49.83458], [17.48708, 49.83625], [17.48708, 49.84292], [17.48375, 49.84542], [17.48375, 49.85375], [17.48458, 49.85792], [17.48792, 49.85958], [17.48708, 49.86458], [17.49042, 49.86542], [17.49042, 49.86958], [17.49375, 49.87292], [17.49458, 49.87542], [17.48875, 49.87542], [17.48292, 49.87458], [17.48125, 49.87292], [17.47458, 49.87292], [17.47208, 49.86958], [17.47208, 49.86708], [17.46042, 49.86708], [17.45875, 49.86458], [17.45208, 49.86458], [17.45125, 49.86625], [17.44708, 49.86625], [17.44458, 49.86458], [17.44125, 49.86458], [17.43792, 49.86208], [17.43792, 49.85875], [17.43958, 49.85542], [17.43542, 49.85125], [17.43542, 49.84875], [17.43292, 49.84708], [17.43292, 49.84292], [17.43042, 49.83958], [17.42708, 49.83792], [17.42042, 49.84625], [17.41708, 49.84625], [17.41625, 49.84792], [17.41208, 49.84958], [17.41042, 49.85125], [17.40708, 49.85208], [17.40042, 49.85958], [17.39708, 49.85958], [17.39458, 49.86208], [17.39208, 49.86208], [17.38875, 49.86542], [17.38292, 49.86625], [17.38208, 49.86875], [17.37958, 49.86875], [17.37708, 49.86542], [17.37042, 49.86542], [17.37042, 49.86208], [17.36792, 49.85875], [17.35458, 49.85875], [17.35125, 49.86042], [17.34958, 49.86375], [17.33958, 49.86375], [17.33875, 49.86958], [17.33625, 49.87458], [17.33208, 49.87875], [17.33208, 49.88042], [17.33458, 49.88292], [17.33375, 49.88625], [17.33208, 49.88792], [17.32042, 49.88792], [17.31875, 49.88625], [17.31292, 49.88625], [17.31292, 49.89208], [17.30958, 49.89625], [17.30792, 49.89625], [17.30208, 49.90292], [17.30625, 49.90792], [17.30625, 49.90958], [17.30958, 49.91208], [17.30708, 49.91792], [17.30042, 49.91792], [17.29708, 49.91625], [17.29542, 49.91792], [17.29125, 49.91875], [17.28375, 49.91875], [17.27958, 49.92042], [17.27292, 49.91958], [17.27208, 49.92125], [17.26042, 49.92125], [17.25708, 49.92292], [17.25042, 49.92875], [17.24792, 49.92708], [17.24542, 49.92792], [17.23875, 49.92792], [17.23375, 49.92708], [17.23125, 49.92875], [17.23042, 49.93375], [17.22042, 49.93375], [17.21625, 49.93458], [17.21208, 49.93875], [17.20792, 49.93708], [17.20458, 49.94208], [17.20375, 49.94542], [17.20458, 49.94708], [17.20375, 49.95125], [17.20625, 49.95375], [17.20458, 49.95542], [17.20125, 49.95625], [17.20042, 49.95792], [17.19292, 49.96542], [17.18625, 49.96625], [17.18292, 49.96792], [17.17958, 49.97208], [17.17958, 49.97458], [17.17458, 49.97792], [17.17042, 49.97792], [17.16792, 49.98042], [17.16292, 49.98042], [17.16125, 49.98208], [17.15458, 49.98375], [17.14708, 49.98458], [17.14958, 49.98458], [17.15042, 49.98708], [17.15042, 49.99375], [17.15208, 49.99375], [17.15208, 49.99875], [17.15375, 50.00042], [17.15875, 49.99875], [17.16792, 50.00792], [17.16875, 50.01208], [17.17375, 50.01625], [17.17625, 50.01625], [17.18125, 50.01958], [17.18375, 50.02458], [17.18375, 50.02708], [17.18708, 50.03292], [17.19375, 50.03292], [17.19708, 50.03375], [17.20042, 50.03958], [17.20708, 50.04125], [17.21042, 50.04542], [17.21208, 50.04625], [17.21792, 50.04625], [17.22125, 50.05042], [17.22375, 50.05042], [17.22708, 50.05292], [17.22875, 50.05542], [17.22875, 50.05792], [17.23542, 50.06292], [17.23375, 50.06542], [17.23375, 50.06792], [17.23125, 50.06875], [17.23125, 50.07208], [17.22875, 50.07375], [17.22625, 50.07708], [17.22625, 50.08208], [17.22958, 50.08208], [17.23042, 50.08792], [17.22792, 50.08958], [17.22625, 50.09292], [17.22208, 50.09792], [17.22042, 50.10292], [17.21708, 50.10458], [17.21208, 50.10458], [17.20625, 50.10208], [17.20542, 50.10375], [17.20208, 50.10458], [17.19958, 50.10708], [17.18708, 50.10708], [17.17792, 50.11625], [17.17458, 50.11875], [17.17042, 50.11958], [17.15542, 50.11958], [17.15375, 50.12125], [17.15375, 50.12542], [17.14958, 50.12792], [17.14958, 50.13208], [17.14458, 50.13792], [17.14208, 50.13792], [17.13625, 50.14375], [17.13625, 50.14958], [17.13292, 50.15292], [17.12958, 50.15375], [17.12875, 50.15542], [17.12375, 50.15542], [17.12125, 50.15792], [17.12125, 50.15958], [17.11625, 50.16458], [17.11792, 50.16625], [17.11792, 50.17042], [17.11292, 50.17458], [17.11292, 50.18292], [17.10792, 50.18625], [17.10208, 50.18542], [17.09875, 50.18375], [17.08792, 50.18375], [17.08125, 50.18125], [17.07875, 50.18125], [17.06792, 50.19208], [17.06458, 50.19292], [17.05875, 50.19292], [17.05708, 50.19458], [17.05708, 50.19875], [17.05542, 50.20125], [17.05542, 50.20542], [17.05375, 50.20542], [17.04875, 50.21042], [17.04875, 50.21292], [17.03542, 50.22625], [17.03542, 50.22792], [17.03208, 50.23042], [17.02792, 50.23042], [17.02375, 50.22708], [17.02042, 50.22542], [17.02042, 50.22375], [17.01458, 50.21875], [17.01208, 50.21875], [17.00708, 50.21708], [17.00375, 50.21708], [16.99875, 50.21542], [16.99625, 50.21792], [16.99625, 50.22042], [16.99375, 50.22292], [16.99375, 50.22708], [16.98875, 50.22792], [16.98708, 50.23125], [16.98292, 50.23208], [16.98208, 50.23625], [16.97958, 50.23875], [16.98208, 50.23958], [16.97875, 50.24458], [16.97375, 50.24458], [16.96875, 50.24125], [16.96625, 50.24125], [16.96208, 50.23792], [16.96208, 50.23458], [16.96458, 50.23125], [16.95958, 50.22625], [16.95708, 50.22542], [16.95708, 50.22292], [16.95375, 50.22125], [16.94875, 50.22125], [16.94625, 50.22292], [16.93542, 50.22292], [16.93125, 50.22375], [16.92792, 50.22292], [16.92375, 50.22625], [16.91708, 50.22625], [16.91125, 50.22375], [16.90125, 50.22375], [16.89792, 50.22292], [16.89792, 50.22042], [16.89542, 50.21792], [16.89125, 50.21625], [16.88792, 50.21625], [16.88542, 50.21375], [16.88458, 50.21125], [16.88458, 50.20042], [16.88125, 50.19958], [16.88042, 50.19792], [16.87708, 50.19792], [16.87375, 50.19625], [16.86542, 50.19625], [16.86458, 50.19208], [16.86458, 50.19708], [16.86292, 50.19875], [16.86208, 50.20208], [16.85708, 50.20375], [16.85208, 50.20792], [16.84542, 50.20708], [16.84292, 50.20542], [16.83958, 50.20542], [16.83375, 50.20292], [16.83208, 50.20125], [16.82708, 50.20042], [16.82292, 50.19708], [16.81792, 50.19208], [16.81292, 50.19208], [16.80792, 50.18708], [16.80625, 50.18625], [16.80125, 50.18125], [16.79875, 50.17542], [16.79875, 50.17042], [16.79708, 50.16875], [16.79625, 50.16292], [16.79125, 50.15708], [16.78708, 50.15458], [16.78708, 50.15125], [16.78875, 50.15042], [16.79042, 50.14375], [16.79042, 50.13708], [16.78792, 50.13458], [16.78792, 50.12875], [16.78875, 50.12542], [16.79125, 50.12375], [16.79125, 50.11875], [16.78958, 50.11625], [16.79208, 50.11458], [16.79208, 50.11208], [16.79458, 50.10958], [16.79125, 50.10625], [16.79042, 50.10375], [16.78625, 50.10375], [16.78125, 50.10125], [16.78792, 50.09458], [16.79042, 50.09458], [16.79042, 50.08875], [16.79292, 50.08542], [16.79792, 50.08125], [16.79792, 50.07875], [16.79375, 50.07625], [16.79208, 50.07375], [16.79208, 50.07125], [16.79458, 50.06958], [16.79542, 50.06542], [16.80125, 50.06292], [16.80125, 50.06125], [16.80625, 50.05625], [16.80875, 50.05625], [16.80542, 50.05292], [16.80208, 50.05208], [16.79875, 50.04958], [16.78875, 50.04958], [16.78792, 50.04792], [16.78292, 50.04875], [16.77792, 50.04792], [16.77542, 50.05042], [16.76708, 50.05375], [16.76125, 50.05458], [16.75208, 50.05375], [16.74542, 50.05375], [16.73958, 50.05625], [16.73292, 50.05542], [16.73125, 50.05375], [16.72542, 50.05375], [16.72458, 50.05208], [16.70875, 50.05208], [16.70625, 50.04958], [16.70042, 50.04958], [16.69375, 50.05042], [16.69375, 50.04792], [16.69958, 50.04208], [16.70042, 50.03958], [16.70375, 50.03792], [16.70375, 50.03458], [16.70542, 50.03375], [16.70542, 50.02875], [16.70125, 50.02458], [16.70208, 50.02042], [16.70542, 50.01875], [16.70875, 50.01875], [16.71125, 50.01542], [16.71125, 50.01208], [16.70875, 50.00958], [16.70292, 50.00958], [16.69792, 50.00708], [16.69375, 50.00708], [16.69125, 50.00542], [16.68375, 50.00375], [16.67375, 50.00375], [16.67042, 50.00125], [16.66542, 50.00125], [16.65958, 49.99542], [16.65375, 49.99542], [16.65208, 49.99458], [16.65208, 49.98542], [16.64958, 49.98375], [16.65292, 49.97625], [16.64625, 49.97208], [16.64042, 49.97125], [16.63875, 49.96958], [16.63458, 49.96792], [16.63625, 49.96375], [16.63458, 49.96208], [16.62792, 49.96208], [16.62458, 49.95875], [16.61958, 49.95958], [16.60792, 49.95958], [16.60792, 49.96042], [16.59958, 49.96042], [16.59625, 49.96292], [16.59292, 49.96292], [16.59042, 49.96125], [16.58958, 49.95875], [16.58208, 49.95875], [16.57958, 49.96292], [16.57708, 49.96208], [16.56542, 49.96208], [16.56292, 49.96042], [16.55875, 49.96125], [16.55208, 49.96125], [16.54958, 49.96375], [16.54542, 49.96208], [16.54208, 49.96208], [16.53958, 49.96458], [16.53625, 49.96458], [16.53292, 49.96292], [16.53125, 49.96042], [16.53208, 49.95708], [16.52792, 49.95458], [16.52792, 49.95208], [16.52625, 49.95042], [16.51958, 49.95042], [16.51708, 49.94792], [16.51042, 49.94875], [16.50375, 49.94208], [16.50625, 49.93958], [16.50792, 49.93625], [16.50792, 49.93375], [16.51292, 49.92875], [16.51542, 49.92375], [16.51708, 49.92292], [16.51708, 49.91625], [16.51792, 49.91208], [16.51958, 49.91125], [16.51958, 49.90792], [16.51542, 49.90542], [16.51792, 49.89708], [16.52042, 49.89708], [16.52125, 49.89375], [16.51792, 49.89042], [16.51792, 49.88292], [16.51958, 49.88125], [16.51875, 49.87542], [16.51708, 49.87458], [16.51458, 49.86958], [16.51458, 49.86625], [16.51208, 49.86375], [16.52042, 49.85542], [16.52375, 49.85125], [16.52542, 49.85125], [16.52708, 49.84625], [16.53125, 49.84375], [16.53292, 49.84042], [16.53375, 49.83458], [16.53708, 49.83292], [16.53958, 49.83042], [16.54458, 49.82792], [16.54792, 49.82542], [16.55375, 49.82542], [16.55708, 49.82375], [16.56708, 49.82375], [16.57125, 49.82125], [16.57042, 49.81625], [16.57208, 49.81542], [16.57208, 49.81208], [16.57875, 49.81125], [16.58042, 49.81042], [16.57875, 49.80875], [16.57542, 49.80875], [16.56875, 49.80542], [16.56875, 49.80208], [16.56542, 49.79708], [16.56625, 49.79292], [16.57042, 49.79208], [16.56792, 49.78958], [16.57042, 49.78375], [16.57458, 49.78125], [16.57458, 49.77792], [16.57708, 49.77042], [16.58125, 49.76875], [16.57958, 49.76708], [16.57875, 49.76375], [16.57958, 49.75958], [16.57958, 49.75375], [16.58542, 49.75292], [16.58125, 49.75292], [16.57708, 49.74875], [16.57542, 49.74458], [16.57542, 49.74125], [16.57292, 49.74125], [16.56958, 49.73875], [16.56625, 49.74208], [16.56458, 49.74542], [16.56208, 49.74292], [16.55625, 49.74375], [16.54875, 49.74375], [16.54375, 49.74542], [16.53875, 49.74542], [16.53708, 49.74292], [16.53208, 49.74292], [16.52792, 49.74708], [16.51875, 49.74708], [16.51542, 49.75125], [16.51208, 49.75208], [16.51208, 49.75458], [16.50958, 49.75625], [16.50875, 49.75958], [16.50542, 49.76292], [16.50542, 49.76542], [16.50125, 49.76708], [16.50125, 49.76875], [16.49708, 49.77125], [16.49875, 49.77958], [16.49875, 49.78458], [16.48958, 49.79208], [16.48458, 49.79375], [16.47542, 49.79375], [16.47208, 49.79292], [16.46958, 49.79542], [16.46375, 49.79458], [16.46375, 49.79125], [16.46042, 49.78875], [16.45875, 49.78625], [16.45458, 49.78625], [16.44458, 49.78875], [16.44042, 49.78875], [16.43958, 49.79125], [16.42042, 49.79125], [16.41625, 49.79208], [16.41542, 49.78958], [16.40958, 49.78958], [16.40792, 49.78875], [16.40792, 49.78458], [16.40375, 49.78458], [16.40375, 49.78208], [16.40542, 49.78042], [16.40542, 49.77708], [16.40792, 49.77458], [16.40792, 49.77208], [16.41125, 49.77125], [16.41042, 49.76542], [16.40708, 49.76625], [16.40625, 49.76958], [16.40208, 49.76958], [16.40125, 49.76708], [16.39875, 49.76708], [16.39375, 49.76292], [16.39375, 49.75958], [16.39208, 49.75792], [16.39208, 49.75458], [16.38958, 49.75208], [16.38958, 49.74292], [16.39042, 49.74125], [16.38792, 49.73875], [16.38458, 49.73875], [16.38208, 49.73458], [16.37542, 49.73458], [16.37542, 49.72958], [16.37292, 49.72875], [16.37042, 49.72542], [16.37125, 49.72292], [16.36958, 49.71208], [16.36625, 49.71208], [16.36292, 49.70875], [16.35875, 49.70792], [16.35875, 49.70875], [16.35458, 49.70875], [16.35458, 49.71292], [16.34958, 49.71625], [16.34292, 49.71708], [16.33375, 49.71708], [16.33375, 49.71625], [16.32458, 49.71625], [16.32125, 49.71875], [16.32125, 49.72125], [16.31625, 49.72208], [16.30958, 49.72542], [16.29375, 49.72875], [16.28958, 49.72875], [16.28625, 49.73208], [16.28625, 49.73375], [16.28125, 49.73542], [16.27375, 49.73542], [16.27208, 49.73375], [16.26208, 49.73375], [16.26125, 49.72958], [16.25792, 49.72958], [16.25542, 49.73125], [16.25292, 49.73042], [16.23792, 49.73042], [16.23292, 49.73125], [16.23125, 49.73292], [16.22792, 49.73208], [16.22792, 49.72625], [16.22375, 49.72542], [16.22125, 49.72708], [16.22125, 49.73042], [16.21708, 49.73292], [16.21375, 49.73292], [16.21042, 49.73458], [16.21125, 49.73875], [16.20958, 49.74125], [16.20625, 49.74125], [16.20292, 49.74292], [16.20292, 49.74542], [16.19958, 49.74708], [16.19792, 49.75042], [16.19375, 49.75125], [16.18792, 49.75792], [16.18208, 49.75792], [16.17792, 49.75625], [16.17625, 49.75292], [16.17625, 49.75042], [16.17458, 49.74875], [16.16792, 49.75208], [16.16292, 49.75208], [16.15875, 49.75292], [16.15875, 49.75542], [16.15625, 49.75792], [16.15375, 49.75875], [16.15042, 49.76208], [16.14542, 49.76292], [16.14208, 49.76208], [16.13708, 49.76208], [16.13625, 49.75958], [16.13292, 49.76125], [16.12958, 49.76458], [16.12125, 49.76042], [16.11708, 49.76125], [16.11208, 49.76125], [16.11208, 49.75875], [16.11542, 49.75792], [16.11875, 49.75458], [16.11792, 49.75292], [16.11792, 49.74708], [16.11292, 49.74125], [16.11208, 49.73708], [16.10792, 49.73708], [16.10625, 49.73875], [16.09875, 49.74208], [16.09625, 49.73875], [16.09625, 49.73542], [16.09958, 49.73208], [16.09708, 49.73042], [16.09292, 49.73042], [16.08958, 49.72708], [16.08875, 49.72375], [16.08458, 49.72375], [16.08042, 49.72625], [16.07708, 49.72625], [16.07542, 49.72958], [16.07125, 49.73042], [16.06458, 49.73375], [16.06125, 49.73375], [16.05792, 49.73542], [16.05625, 49.73875], [16.05292, 49.73875], [16.05125, 49.74125], [16.04458, 49.74042], [16.03792, 49.74042], [16.03792, 49.73792], [16.03542, 49.73542], [16.02875, 49.73542], [16.02125, 49.73375], [16.02292, 49.73208], [16.02292, 49.72708], [16.02208, 49.72375], [16.01875, 49.72208], [16.01875, 49.71958], [16.00875, 49.71958], [16.00792, 49.71708], [16.00208, 49.71375], [16.00208, 49.70875], [15.99625, 49.70792], [15.99542, 49.70292], [15.99375, 49.70208], [15.98792, 49.70208], [15.98708, 49.69708], [15.98458, 49.69458], [15.97458, 49.69458], [15.97125, 49.69292], [15.97042, 49.69042], [15.96625, 49.68625], [15.96625, 49.67792], [15.96375, 49.67625], [15.96375, 49.67208], [15.96208, 49.67042], [15.95625, 49.67042], [15.95125, 49.66708], [15.94625, 49.66708], [15.94625, 49.65958], [15.94708, 49.65625], [15.94625, 49.65458], [15.95042, 49.65042], [15.95292, 49.65125], [15.95625, 49.65458], [15.96208, 49.65292], [15.96625, 49.65292], [15.97208, 49.65125], [15.97292, 49.64958], [15.97875, 49.64875], [15.98125, 49.64542], [15.98625, 49.64542], [15.98708, 49.64375], [15.99208, 49.64375], [16.00042, 49.64042], [16.00542, 49.63458], [16.00542, 49.63125], [16.00375, 49.62958], [16.00792, 49.62625], [16.01042, 49.62625], [16.01458, 49.62458], [16.01958, 49.61958], [16.02292, 49.61958], [16.02292, 49.61125], [16.02042, 49.61125], [16.01792, 49.60792], [16.02042, 49.60458], [16.02625, 49.60208], [16.03125, 49.60208], [16.03292, 49.60042], [16.03708, 49.59875], [16.03875, 49.59958], [16.03875, 49.59458], [16.03625, 49.59458], [16.03208, 49.59042], [16.02875, 49.58958], [16.02375, 49.58458], [16.02042, 49.58292], [16.01958, 49.58125], [16.01208, 49.58125], [16.01292, 49.57958], [16.01292, 49.57292], [16.01375, 49.56875], [16.01042, 49.56625], [16.01042, 49.56375], [16.00792, 49.55792], [16.00458, 49.55792], [15.99875, 49.55208], [15.99875, 49.55125], [15.99375, 49.55708], [15.99125, 49.55875], [15.98792, 49.55792], [15.97792, 49.55792], [15.97375, 49.55875], [15.97125, 49.55625], [15.96458, 49.55625], [15.95792, 49.55042], [15.95792, 49.54458], [15.95625, 49.54292], [15.95042, 49.54292], [15.94292, 49.54042], [15.92125, 49.54042], [15.91292, 49.54375], [15.90875, 49.54458], [15.90208, 49.55208], [15.89708, 49.55292], [15.89625, 49.55125], [15.89208, 49.55125], [15.89042, 49.54875], [15.88042, 49.54875], [15.87875, 49.54708], [15.87125, 49.54708], [15.86875, 49.54208], [15.86875, 49.53875], [15.86542, 49.53875], [15.86542, 49.53542], [15.86292, 49.53292], [15.85792, 49.53292], [15.85458, 49.53208], [15.85542, 49.52875], [15.85542, 49.52292], [15.85208, 49.51958], [15.85292, 49.51375], [15.85042, 49.51208], [15.85125, 49.50792], [15.84292, 49.50792], [15.84292, 49.50208], [15.84125, 49.49875], [15.83042, 49.49708], [15.82875, 49.49458], [15.82958, 49.49042], [15.82792, 49.48708], [15.82792, 49.48458], [15.82625, 49.48208], [15.81958, 49.48125], [15.81958, 49.47375], [15.82292, 49.47208], [15.82208, 49.46875], [15.82375, 49.46542], [15.82625, 49.46292], [15.83208, 49.46292], [15.82875, 49.46208], [15.82792, 49.46042], [15.82292, 49.46042], [15.81708, 49.45958], [15.81542, 49.46125], [15.80958, 49.46042], [15.80542, 49.45625], [15.80458, 49.45375], [15.80042, 49.45375], [15.79708, 49.45042], [15.79958, 49.44875], [15.79875, 49.44625], [15.79542, 49.44625], [15.79292, 49.44375], [15.79292, 49.43958], [15.79458, 49.43875], [15.79458, 49.43542], [15.79208, 49.43458], [15.79042, 49.43208], [15.78625, 49.43208], [15.78458, 49.42958], [15.77708, 49.42958], [15.77625, 49.42792], [15.77292, 49.42792], [15.77042, 49.42542], [15.76708, 49.42458], [15.76458, 49.42208], [15.76542, 49.41875], [15.76958, 49.41292], [15.77625, 49.40958], [15.78208, 49.40958], [15.78292, 49.40375], [15.77958, 49.40292], [15.77708, 49.40042], [15.77792, 49.39875], [15.77542, 49.39958], [15.76958, 49.39958], [15.76542, 49.39708], [15.75958, 49.39708], [15.76042, 49.39542], [15.75208, 49.39542], [15.74958, 49.39792], [15.74542, 49.39875], [15.74042, 49.39875], [15.73958, 49.39625], [15.73708, 49.39625], [15.72875, 49.39958], [15.72375, 49.39958], [15.72042, 49.40292], [15.72125, 49.40875], [15.71875, 49.41042], [15.71792, 49.41458], [15.70958, 49.41875], [15.70792, 49.42208], [15.70542, 49.42292], [15.70292, 49.42542], [15.70292, 49.42792], [15.69708, 49.42875], [15.69375, 49.43125], [15.68292, 49.43125], [15.67958, 49.43042], [15.67875, 49.42542], [15.67708, 49.42458], [15.67542, 49.42125], [15.67292, 49.41875], [15.67292, 49.41542], [15.66375, 49.40958], [15.66042, 49.40958], [15.66125, 49.41375], [15.65292, 49.41708], [15.65208, 49.41958], [15.64792, 49.42208], [15.64375, 49.42125], [15.63792, 49.41792], [15.63125, 49.41792], [15.62875, 49.41958], [15.62042, 49.41958], [15.61708, 49.42292], [15.61292, 49.42458], [15.61292, 49.42792], [15.60958, 49.42708], [15.60042, 49.42958], [15.59958, 49.43125], [15.59042, 49.43125], [15.58708, 49.42958], [15.58042, 49.43208], [15.57208, 49.43208], [15.56958, 49.43458], [15.56625, 49.43458], [15.56292, 49.43875], [15.56292, 49.44208], [15.56125, 49.44542], [15.55958, 49.44625], [15.55958, 49.45292], [15.55458, 49.45542], [15.55542, 49.46208], [15.55875, 49.46208], [15.55958, 49.46458], [15.56208, 49.46458], [15.56292, 49.46708], [15.56042, 49.47208], [15.55542, 49.47625], [15.55208, 49.47625], [15.55208, 49.48375], [15.54792, 49.48375], [15.54708, 49.48208], [15.53625, 49.48208], [15.53375, 49.48042], [15.53042, 49.48042], [15.52792, 49.48292], [15.51708, 49.48458], [15.51542, 49.48792], [15.51208, 49.48792], [15.51042, 49.48542], [15.49875, 49.48542], [15.49458, 49.48625], [15.49042, 49.48458], [15.48875, 49.48208], [15.48542, 49.48125], [15.47542, 49.48125], [15.47375, 49.47958], [15.46958, 49.47958], [15.46958, 49.47792], [15.46625, 49.47708], [15.45875, 49.47708], [15.45292, 49.47375], [15.45292, 49.46792], [15.45042, 49.46792], [15.44625, 49.46375], [15.44708, 49.46208], [15.44542, 49.45792], [15.44042, 49.45792], [15.43792, 49.45875], [15.43458, 49.45542], [15.43292, 49.45208], [15.42792, 49.45208], [15.42542, 49.45375], [15.41792, 49.44625], [15.41208, 49.44208], [15.41375, 49.43458], [15.41042, 49.43542], [15.40958, 49.43292], [15.40708, 49.43292], [15.40292, 49.43125], [15.40125, 49.42792], [15.39958, 49.42708], [15.39958, 49.42292], [15.39625, 49.42125], [15.39292, 49.41792], [15.38875, 49.41708], [15.38708, 49.40875], [15.38042, 49.40792], [15.36708, 49.40792], [15.36708, 49.40708], [15.35792, 49.40708], [15.35708, 49.40458], [15.35125, 49.40792], [15.34875, 49.40792], [15.34375, 49.40458], [15.33792, 49.40542], [15.33792, 49.40375], [15.32958, 49.40375], [15.33292, 49.40042], [15.33542, 49.40042], [15.33458, 49.39458], [15.33208, 49.39292], [15.33208, 49.39042], [15.32625, 49.38875], [15.32208, 49.38792], [15.32042, 49.38208], [15.31792, 49.37958], [15.31875, 49.37708], [15.31875, 49.37208], [15.31625, 49.37125], [15.31292, 49.36792], [15.30875, 49.36708], [15.30625, 49.36958], [15.30208, 49.36542], [15.30208, 49.35958], [15.30375, 49.35708], [15.30292, 49.35375], [15.30042, 49.35458], [15.29625, 49.35042], [15.29208, 49.35042], [15.29125, 49.34792], [15.29292, 49.34542], [15.29042, 49.34208], [15.28375, 49.33875], [15.28125, 49.33875], [15.27875, 49.33458], [15.27875, 49.33042], [15.28292, 49.33042], [15.28375, 49.32708], [15.28708, 49.32625], [15.28708, 49.32292], [15.28375, 49.32125], [15.27875, 49.32125], [15.27625, 49.32042], [15.27625, 49.31708], [15.27458, 49.31542], [15.27042, 49.31542], [15.26958, 49.31292], [15.26708, 49.31292], [15.26792, 49.30625], [15.27042, 49.30625], [15.27125, 49.30375], [15.27458, 49.30292], [15.27458, 49.30042], [15.27292, 49.29458], [15.26958, 49.29292], [15.27292, 49.28958], [15.27792, 49.28875], [15.27792, 49.28292], [15.28042, 49.28125], [15.28042, 49.27792], [15.28375, 49.27458], [15.28125, 49.27125], [15.27458, 49.26625], [15.27292, 49.26375], [15.27375, 49.25792], [15.27875, 49.25792], [15.27958, 49.25625], [15.28458, 49.25542], [15.29625, 49.25542], [15.30042, 49.25708], [15.30208, 49.25958], [15.30042, 49.26292], [15.30042, 49.26625], [15.30375, 49.26875], [15.30958, 49.26875], [15.31292, 49.26625], [15.31542, 49.26625], [15.31792, 49.26375], [15.32292, 49.26375], [15.32458, 49.26625], [15.33125, 49.26625], [15.33292, 49.26292], [15.33708, 49.26042], [15.33875, 49.25792], [15.34208, 49.25542], [15.34292, 49.25208], [15.34208, 49.24875], [15.33958, 49.24875], [15.33875, 49.24625], [15.33958, 49.24125], [15.33792, 49.23958], [15.33458, 49.23875], [15.33042, 49.23375], [15.34208, 49.23208], [15.34208, 49.22958], [15.34375, 49.22625], [15.34208, 49.22458], [15.34208, 49.22208], [15.33792, 49.22042], [15.33292, 49.21542], [15.33042, 49.21542], [15.32458, 49.21042], [15.32375, 49.20542], [15.32208, 49.20375], [15.31542, 49.20458], [15.30708, 49.20458], [15.30542, 49.20375], [15.30458, 49.20042], [15.29875, 49.19542], [15.29792, 49.18792], [15.30125, 49.18625], [15.30125, 49.18375], [15.30292, 49.18208], [15.30792, 49.18042], [15.30958, 49.17792], [15.31042, 49.17792], [15.30958, 49.17625], [15.30458, 49.17375], [15.30125, 49.17292], [15.30125, 49.17042], [15.30375, 49.16708], [15.29958, 49.16542], [15.29958, 49.16292], [15.28875, 49.15958], [15.29042, 49.15625], [15.29042, 49.15208], [15.29292, 49.14958], [15.29542, 49.14958], [15.29542, 49.14542], [15.29125, 49.14542], [15.29042, 49.14375], [15.28708, 49.14292], [15.28208, 49.13875], [15.28208, 49.13708], [15.27708, 49.13208], [15.27208, 49.13292], [15.26958, 49.12958], [15.26375, 49.12958], [15.25625, 49.13125], [15.25458, 49.12958], [15.25542, 49.12458], [15.26292, 49.12125], [15.26708, 49.11792], [15.26708, 49.11542], [15.26292, 49.11458], [15.25875, 49.11125], [15.25375, 49.11125], [15.25125, 49.10958], [15.25125, 49.10292], [15.24958, 49.10208], [15.24958, 49.09875], [15.24708, 49.09875], [15.24708, 49.09458], [15.24875, 49.09458], [15.24958, 49.08708], [15.25708, 49.08708], [15.25542, 49.08375], [15.25292, 49.08208], [15.24958, 49.08292], [15.24125, 49.08292], [15.23792, 49.08208], [15.23708, 49.08458], [15.23125, 49.08542], [15.22875, 49.08292], [15.22875, 49.07958], [15.23292, 49.07708], [15.23375, 49.07125], [15.24208, 49.06792], [15.24208, 49.06208], [15.24542, 49.06042], [15.24375, 49.06042], [15.24042, 49.05708], [15.23708, 49.05625], [15.23625, 49.05375], [15.23292, 49.05292], [15.22625, 49.05292], [15.22542, 49.04708], [15.22208, 49.04458], [15.21708, 49.04292], [15.21125, 49.04208], [15.20792, 49.03625], [15.20542, 49.03542], [15.20042, 49.03542], [15.20042, 49.03042], [15.19542, 49.03042], [15.19292, 49.02958], [15.19208, 49.02458], [15.18792, 49.02208], [15.18125, 49.02125], [15.17792, 49.01708], [15.17792, 49.00792], [15.17625, 49.00625], [15.18042, 49.00458], [15.18042, 48.99292], [15.18625, 48.99292], [15.18792, 48.99125], [15.19292, 48.99125], [15.19792, 48.99042], [15.20125, 48.99292], [15.20542, 48.99292], [15.20542, 48.99125], [15.21042, 48.99125], [15.21458, 48.99208], [15.21458, 48.98542], [15.20958, 48.98458], [15.20958, 48.98292], [15.20625, 48.98042], [15.20292, 48.98042], [15.20125, 48.97458], [15.20125, 48.96792], [15.20458, 48.96542], [15.21458, 48.96542], [15.21792, 48.96375], [15.21792, 48.95875], [15.21625, 48.95792], [15.21625, 48.95375], [15.21375, 48.95042], [15.20625, 48.95042], [15.20458, 48.94875], [15.20458, 48.94375], [15.20125, 48.93958], [15.19708, 48.93958], [15.19708, 48.93792], [15.19208, 48.93542], [15.19292, 48.92958], [15.18958, 48.92875], [15.18875, 48.92625], [15.18208, 48.92625], [15.18042, 48.92375], [15.18042, 48.91875], [15.18125, 48.91208], [15.17875, 48.90875], [15.17208, 48.90625], [15.17125, 48.90375], [15.17375, 48.90042], [15.17542, 48.90042], [15.17708, 48.89625], [15.17542, 48.88708], [15.17792, 48.88458], [15.17542, 48.88125], [15.17042, 48.88375], [15.17042, 48.88625], [15.16708, 48.88625], [15.16458, 48.88375], [15.16542, 48.87792], [15.16375, 48.87625], [15.16042, 48.87542], [15.16208, 48.87208], [15.15958, 48.87125], [15.15542, 48.86708], [15.15625, 48.86125], [15.15458, 48.86042], [15.15458, 48.85625], [15.15792, 48.85125], [15.15875, 48.85042], [15.15875, 48.83542], [15.16292, 48.83375], [15.16708, 48.83042], [15.16708, 48.82208], [15.16875, 48.82125], [15.16708, 48.81875], [15.16792, 48.81292], [15.16958, 48.81292], [15.16958, 48.80292], [15.16292, 48.79958], [15.16292, 48.79625], [15.16292, 48.79542], [15.15208, 48.79542], [15.15375, 48.79375], [15.15125, 48.79125], [15.15125, 48.78792], [15.14625, 48.78792], [15.14042, 48.78625], [15.13708, 48.78292], [15.13542, 48.77792], [15.13375, 48.77542], [15.12625, 48.77542], [15.12625, 48.77208], [15.12958, 48.76958], [15.12958, 48.76042], [15.12792, 48.76125], [15.12042, 48.76125], [15.12042, 48.75625], [15.12208, 48.75292], [15.12625, 48.75125], [15.12042, 48.74542], [15.11958, 48.74375], [15.11958, 48.73792], [15.12042, 48.73625], [15.11708, 48.73208], [15.11875, 48.73125], [15.11875, 48.72375], [15.12125, 48.72042], [15.11708, 48.72125], [15.11625, 48.71958], [15.10208, 48.71958], [15.09458, 48.71792], [15.09375, 48.71458], [15.09125, 48.71208], [15.08792, 48.71375], [15.08375, 48.71375], [15.08042, 48.71042], [15.07875, 48.70708], [15.07375, 48.70875], [15.06875, 48.70875], [15.06708, 48.71125], [15.06125, 48.71125], [15.05875, 48.70875], [15.05875, 48.70625], [15.05292, 48.70375], [15.05292, 48.69792], [15.04958, 48.69458], [15.04375, 48.69458], [15.04042, 48.69125], [15.04042, 48.68625], [15.04208, 48.68458], [15.04208, 48.68208], [15.04625, 48.67958], [15.04625, 48.67708], [15.04792, 48.67458], [15.04208, 48.67375], [15.03792, 48.67042], [15.03875, 48.66625], [15.03708, 48.66542], [15.03542, 48.66708], [15.03125, 48.66708], [15.02875, 48.66875], [15.02375, 48.66875], [15.02375, 48.67125], [15.02042, 48.67125], [15.01958, 48.67375], [15.01292, 48.67292], [15.00958, 48.67625], [15.00708, 48.67375], [14.99792, 48.67542], [14.99458, 48.67875], [14.99458, 48.68125], [14.99292, 48.68375], [14.98875, 48.68458], [14.98292, 48.67958], [14.98375, 48.67625], [14.99125, 48.66958], [14.98792, 48.66208], [14.98792, 48.65958], [14.98042, 48.65958], [14.97708, 48.66042], [14.97042, 48.65958], [14.96875, 48.66125], [14.96208, 48.65958], [14.95542, 48.65958], [14.95208, 48.65625], [14.94958, 48.65625], [14.94625, 48.65292], [14.94125, 48.65208], [14.94042, 48.64958], [14.93542, 48.64958], [14.93375, 48.65208], [14.92792, 48.65208], [14.92375, 48.65292], [14.91792, 48.65958], [14.91458, 48.65958], [14.91042, 48.65542], [14.90875, 48.65208], [14.90542, 48.65208], [14.90542, 48.64708], [14.90375, 48.64542], [14.89792, 48.64542], [14.89375, 48.64375], [14.89208, 48.64042], [14.88958, 48.63792], [14.88958, 48.63125], [14.89292, 48.62958], [14.88958, 48.62958], [14.88792, 48.62792], [14.88792, 48.62292], [14.88958, 48.61958], [14.88625, 48.61458], [14.88292, 48.61125], [14.87458, 48.61125], [14.87292, 48.60958], [14.86208, 48.60958], [14.86042, 48.60708], [14.86042, 48.59958], [14.85708, 48.59792], [14.85042, 48.59792], [14.85042, 48.59458], [14.84875, 48.59375], [14.84042, 48.59375], [14.83458, 48.58708], [14.82708, 48.58792], [14.82625, 48.59042], [14.81625, 48.59208], [14.80792, 48.59208], [14.80375, 48.58875], [14.80042, 48.58792], [14.79625, 48.58958], [14.79458, 48.59125], [14.79125, 48.59125], [14.78875, 48.59292], [14.78042, 48.59292], [14.77958, 48.59125], [14.77125, 48.59125], [14.76958, 48.59375], [14.76208, 48.59375], [14.75958, 48.59208], [14.75375, 48.59125], [14.74708, 48.59125], [14.74208, 48.58958], [14.73958, 48.59208], [14.73458, 48.59208], [14.73292, 48.59375], [14.72958, 48.59458], [14.72208, 48.59458], [14.71958, 48.59708], [14.70958, 48.59708], [14.70958, 48.59542], [14.70625, 48.59208], [14.70708, 48.58792], [14.70542, 48.58458], [14.70292, 48.58458], [14.70125, 48.58208], [14.69375, 48.58292], [14.69375, 48.58042], [14.69125, 48.57875], [14.69125, 48.57542], [14.68625, 48.57792], [14.68625, 48.58292], [14.68042, 48.58208], [14.67375, 48.58542], [14.66875, 48.58542], [14.66875, 48.58375], [14.66292, 48.58375], [14.65958, 48.58208], [14.65792, 48.57875], [14.65792, 48.57458], [14.65958, 48.57375], [14.65958, 48.56958], [14.66292, 48.56792], [14.66292, 48.56542], [14.65958, 48.56208], [14.65458, 48.56125], [14.65208, 48.55958], [14.64625, 48.56042], [14.63708, 48.56042], [14.63375, 48.55708], [14.62792, 48.55708], [14.62875, 48.55542], [14.62875, 48.54875], [14.62958, 48.54542], [14.62542, 48.54542], [14.62375, 48.54125], [14.62042, 48.53875], [14.61292, 48.53875], [14.60792, 48.53792], [14.60792, 48.53375], [14.60458, 48.53458], [14.59625, 48.53458], [14.59042, 48.53208], [14.58958, 48.53458], [14.58458, 48.53625], [14.58125, 48.53625], [14.57042, 48.54292], [14.56625, 48.54458], [14.56625, 48.54708], [14.56375, 48.54958], [14.56208, 48.55375], [14.55792, 48.55375], [14.55708, 48.55542], [14.55042, 48.55792], [14.55042, 48.56208], [14.55292, 48.56458], [14.55292, 48.56708], [14.54958, 48.56875], [14.54958, 48.57042], [14.54458, 48.57542], [14.54875, 48.57625], [14.54792, 48.57792], [14.54792, 48.58375], [14.54458, 48.58708], [14.53875, 48.59042], [14.53125, 48.59042], [14.53042, 48.59208], [14.52458, 48.59208], [14.51958, 48.59292], [14.51375, 48.59792], [14.51292, 48.60125], [14.50625, 48.60208], [14.50292, 48.60125], [14.49875, 48.60292], [14.49458, 48.59875], [14.48625, 48.59708], [14.48375, 48.59958], [14.48375, 48.60292], [14.48042, 48.60708], [14.47792, 48.60792], [14.47292, 48.60792], [14.47042, 48.60458], [14.46625, 48.60542], [14.46042, 48.60542], [14.45958, 48.60375], [14.45458, 48.60375], [14.45125, 48.60708], [14.44625, 48.60875], [14.44458, 48.60458], [14.44625, 48.60125], [14.44625, 48.59875], [14.44958, 48.59625], [14.45458, 48.59542], [14.46042, 48.59208], [14.45708, 48.58875], [14.45958, 48.58625], [14.46208, 48.58542], [14.45958, 48.58208], [14.45958, 48.57708], [14.46125, 48.57458], [14.45708, 48.57458], [14.45292, 48.57042], [14.44708, 48.57042], [14.44625, 48.56792], [14.44125, 48.56458], [14.44292, 48.56292], [14.45042, 48.56292], [14.45458, 48.56208], [14.45458, 48.56042], [14.45875, 48.55958], [14.45875, 48.55625], [14.45458, 48.55458], [14.45375, 48.55208], [14.45042, 48.55125], [14.44292, 48.55125], [14.43958, 48.55208], [14.43625, 48.54875], [14.42958, 48.54875], [14.42708, 48.54625], [14.42208, 48.54458], [14.41792, 48.54042], [14.41542, 48.54042], [14.41292, 48.53792], [14.40542, 48.53708], [14.40458, 48.53458], [14.39708, 48.53375], [14.39708, 48.52875], [14.40042, 48.52875], [14.40292, 48.52625], [14.39708, 48.52375], [14.39458, 48.52375], [14.39625, 48.52042], [14.39042, 48.51458], [14.38458, 48.50792], [14.38375, 48.50375], [14.38458, 48.50292], [14.38375, 48.50208], [14.38458, 48.49708], [14.38292, 48.49625], [14.38292, 48.48792], [14.38542, 48.48542], [14.39125, 48.48208], [14.38625, 48.48125], [14.38458, 48.47958], [14.37375, 48.47958], [14.37208, 48.48292], [14.36875, 48.48375], [14.36292, 48.48375], [14.36208, 48.48875], [14.35708, 48.49125], [14.35375, 48.49125], [14.35292, 48.48958], [14.35292, 48.49125], [14.34708, 48.49458], [14.34542, 48.49958], [14.34375, 48.50042], [14.34458, 48.50542], [14.35042, 48.51042], [14.34625, 48.51375], [14.34292, 48.51375], [14.34208, 48.51125], [14.33875, 48.51125], [14.33708, 48.51292], [14.33792, 48.51792], [14.33458, 48.51875], [14.33708, 48.52125], [14.33708, 48.52542], [14.33875, 48.52542], [14.33875, 48.53542], [14.33125, 48.53708], [14.32458, 48.53708], [14.31958, 48.53625], [14.31708, 48.53792], [14.31292, 48.53875], [14.31208, 48.54042], [14.30292, 48.54958], [14.30042, 48.54958], [14.29958, 48.55208], [14.29625, 48.55458], [14.29458, 48.55875], [14.29208, 48.55875], [14.28792, 48.56375], [14.28375, 48.56375], [14.27708, 48.56125], [14.27125, 48.56125], [14.26875, 48.55958], [14.26208, 48.56208], [14.25542, 48.56292], [14.25625, 48.56458], [14.25292, 48.56542], [14.25042, 48.56958], [14.24792, 48.56958], [14.24542, 48.57208], [14.24458, 48.57458], [14.23708, 48.57542], [14.23292, 48.57875], [14.23292, 48.58625], [14.23042, 48.58708], [14.22792, 48.58958], [14.22458, 48.58958], [14.22292, 48.59125], [14.21875, 48.59208], [14.21875, 48.59625], [14.21292, 48.59875], [14.20708, 48.59875], [14.20458, 48.59958], [14.20458, 48.60208], [14.20042, 48.60542], [14.20208, 48.60708], [14.19875, 48.61125], [14.19875, 48.61375], [14.19375, 48.61375], [14.19042, 48.61292], [14.18958, 48.61625], [14.18708, 48.61875], [14.17958, 48.61875], [14.17625, 48.61958], [14.17542, 48.62125], [14.17208, 48.62292], [14.16708, 48.62208], [14.16542, 48.61875], [14.16042, 48.61875], [14.15792, 48.62208], [14.15375, 48.62208], [14.15292, 48.62375], [14.14958, 48.62542], [14.14292, 48.62542], [14.13958, 48.62708], [14.13625, 48.63042], [14.13542, 48.63958], [14.12375, 48.63958], [14.12042, 48.63792], [14.11792, 48.63792], [14.11625, 48.63542], [14.11292, 48.63625], [14.10958, 48.63958], [14.10542, 48.64042], [14.10458, 48.64458], [14.10292, 48.64458], [14.09958, 48.64292], [14.09625, 48.64292], [14.08958, 48.63792], [14.08458, 48.63792], [14.08375, 48.64042], [14.07625, 48.64792], [14.07208, 48.64875], [14.06708, 48.64875], [14.05958, 48.64208], [14.05375, 48.64208], [14.05125, 48.64458], [14.04792, 48.65042], [14.03958, 48.65042], [14.03375, 48.64958], [14.03042, 48.64792], [14.02292, 48.64792], [14.01958, 48.65042], [14.01625, 48.65042], [14.01542, 48.65292], [14.01208, 48.65542], [14.00708, 48.65542], [14.00625, 48.65708], [14.00125, 48.65792], [13.99708, 48.66125], [13.98875, 48.66542], [13.98625, 48.66875], [13.98542, 48.67292], [13.98042, 48.67875], [13.98208, 48.67958], [13.98292, 48.68375], [13.97958, 48.68375], [13.97792, 48.68542], [13.97708, 48.68958], [13.97292, 48.69542], [13.96708, 48.70125], [13.96375, 48.70125], [13.95792, 48.70625], [13.95125, 48.70625], [13.94875, 48.71125], [13.94875, 48.71458], [13.94458, 48.71875], [13.94042, 48.71958], [13.93458, 48.72542], [13.93458, 48.72792], [13.92875, 48.73125], [13.92292, 48.73708], [13.91875, 48.74208], [13.91292, 48.74542], [13.90875, 48.74875], [13.90542, 48.74875], [13.90208, 48.75292], [13.90125, 48.75625], [13.89875, 48.75792], [13.88542, 48.75958], [13.87875, 48.76625], [13.87375, 48.77042], [13.87208, 48.76958], [13.85958, 48.76958], [13.85458, 48.77208], [13.85042, 48.76875], [13.84542, 48.77208], [13.84292, 48.77125], [13.82792, 48.77125], [13.82542, 48.77292], [13.81708, 48.77292], [13.81375, 48.77458], [13.80958, 48.77875], [13.80625, 48.77958], [13.80292, 48.78208], [13.80292, 48.78458], [13.79625, 48.78542], [13.78708, 48.78542], [13.78292, 48.78458], [13.78208, 48.78292], [13.77708, 48.78292], [13.77458, 48.78542], [13.77125, 48.78708], [13.76458, 48.78708], [13.76125, 48.79042], [13.75792, 48.79042], [13.75375, 48.79375], [13.74292, 48.79375], [13.74208, 48.79292], [13.73708, 48.79458], [13.73375, 48.79458], [13.72875, 48.79958], [13.72875, 48.80125], [13.72375, 48.80125], [13.72375, 48.80292], [13.71958, 48.80708], [13.71208, 48.80625], [13.70875, 48.80458], [13.70625, 48.80208], [13.70208, 48.80125], [13.68708, 48.80125], [13.68208, 48.80375], [13.68125, 48.80625], [13.67792, 48.80958], [13.67792, 48.81458], [13.67542, 48.81875], [13.67542, 48.82375], [13.67458, 48.82625], [13.67708, 48.83042], [13.67958, 48.83042], [13.68792, 48.83875], [13.69375, 48.83958], [13.69708, 48.84125], [13.69625, 48.84292], [13.69042, 48.84875], [13.68875, 48.85208], [13.68458, 48.85208], [13.68042, 48.85542], [13.67708, 48.85708], [13.67625, 48.85958], [13.67042, 48.85958], [13.66458, 48.86542], [13.66292, 48.86792], [13.65875, 48.86792], [13.65708, 48.87125], [13.65708, 48.87458], [13.65375, 48.87625], [13.65042, 48.87958], [13.64792, 48.87958], [13.64292, 48.88542], [13.64292, 48.89042], [13.63958, 48.89292], [13.63875, 48.89958], [13.63625, 48.90042], [13.63625, 48.90375], [13.64208, 48.91042], [13.64125, 48.91375], [13.64125, 48.91875], [13.64625, 48.92458], [13.64875, 48.92542], [13.64792, 48.92875], [13.64292, 48.92958], [13.63458, 48.92958], [13.63708, 48.93208], [13.63708, 48.93458], [13.63875, 48.93625], [13.64542, 48.93708], [13.64458, 48.93958], [13.64458, 48.94542], [13.65042, 48.94625], [13.65042, 48.95208], [13.64708, 48.95208], [13.64292, 48.94958], [13.64042, 48.95208], [13.63542, 48.95292], [13.63042, 48.95292], [13.62875, 48.95625], [13.62375, 48.95625], [13.61708, 48.95458], [13.61375, 48.95708], [13.60958, 48.95708], [13.60625, 48.95875], [13.60125, 48.96375], [13.60125, 48.96625], [13.59875, 48.96958], [13.59875, 48.97125], [13.59208, 48.97458], [13.58625, 48.97458], [13.58458, 48.97625], [13.57958, 48.97625], [13.57542, 48.97125], [13.56958, 48.97458], [13.56292, 48.97458], [13.55875, 48.97375], [13.55458, 48.97792], [13.55125, 48.97958], [13.54042, 48.97958], [13.53625, 48.97625], [13.53375, 48.97542], [13.53208, 48.97292], [13.52625, 48.97292], [13.52125, 48.97208], [13.52042, 48.97042], [13.51708, 48.97042], [13.51625, 48.96875], [13.51125, 48.96875], [13.50708, 48.96625], [13.50708, 48.96125], [13.50625, 48.95958], [13.50625, 48.95458], [13.50958, 48.95125], [13.50875, 48.94292], [13.50875, 48.94125], [13.50625, 48.93875], [13.50375, 48.93958], [13.50208, 48.93708], [13.49708, 48.93708], [13.49542, 48.93875], [13.49208, 48.93875], [13.48958, 48.94542], [13.48542, 48.94375], [13.48292, 48.94625], [13.48292, 48.94792], [13.47625, 48.95375], [13.47042, 48.95375], [13.46458, 48.95875], [13.46125, 48.95875], [13.45958, 48.96125], [13.45625, 48.96125], [13.45458, 48.96292], [13.45125, 48.96292], [13.44625, 48.96542], [13.44208, 48.96542], [13.43958, 48.96792], [13.43542, 48.97042], [13.43125, 48.97125], [13.42625, 48.97125], [13.42458, 48.97292], [13.42458, 48.97542], [13.42042, 48.97875], [13.41708, 48.97875], [13.42042, 48.97958], [13.42042, 48.98458], [13.42292, 48.98708], [13.42625, 48.98792], [13.42792, 48.98958], [13.42792, 48.99292], [13.42458, 48.99458], [13.41792, 48.99542], [13.41542, 48.99875], [13.41542, 49.00042], [13.41208, 49.00375], [13.40875, 49.00375], [13.40708, 49.00708], [13.40208, 49.00708], [13.39958, 49.01042], [13.39958, 49.01458], [13.39708, 49.01625], [13.39708, 49.01875], [13.40042, 49.02208], [13.40375, 49.02375], [13.40375, 49.02625], [13.39875, 49.02625], [13.39875, 49.02792], [13.39375, 49.03042], [13.39208, 49.03208], [13.39125, 49.03958], [13.39375, 49.04125], [13.39792, 49.04208], [13.40208, 49.04625], [13.40292, 49.05125], [13.40042, 49.05542], [13.39792, 49.05708], [13.39375, 49.05708], [13.39042, 49.05542], [13.38958, 49.05292], [13.38625, 49.05125], [13.38375, 49.05125], [13.38208, 49.04875], [13.37708, 49.04875], [13.37292, 49.04958], [13.37208, 49.04792], [13.36875, 49.04625], [13.36458, 49.04625], [13.36375, 49.04792], [13.36042, 49.04958], [13.35625, 49.05042], [13.35208, 49.05292], [13.34208, 49.05292], [13.33958, 49.05542], [13.33958, 49.05708], [13.33625, 49.06042], [13.33458, 49.06042], [13.33125, 49.06375], [13.33125, 49.06875], [13.32875, 49.07375], [13.32625, 49.07458], [13.32625, 49.07792], [13.32875, 49.07958], [13.32875, 49.08625], [13.33042, 49.09042], [13.32792, 49.09375], [13.32292, 49.09375], [13.32042, 49.09542], [13.32042, 49.09792], [13.31375, 49.10458], [13.31208, 49.10458], [13.31208, 49.10708], [13.30958, 49.10792], [13.30208, 49.11542], [13.30125, 49.11792], [13.29792, 49.12125], [13.29625, 49.12458], [13.29625, 49.12708], [13.28792, 49.13125], [13.28875, 49.13458], [13.28542, 49.13958], [13.28208, 49.14792], [13.28208, 49.15208], [13.28042, 49.15292], [13.28042, 49.15625], [13.28292, 49.15958], [13.27792, 49.16458], [13.27625, 49.16458], [13.27375, 49.16792], [13.26875, 49.16958], [13.25792, 49.18042], [13.25542, 49.18042], [13.25125, 49.17708], [13.24875, 49.17125], [13.24125, 49.17125], [13.24042, 49.17208], [13.23458, 49.17208], [13.22875, 49.17125], [13.22125, 49.17292], [13.21125, 49.17292], [13.20708, 49.17375], [13.20208, 49.17375], [13.19875, 49.17458], [13.19542, 49.17292], [13.19458, 49.17125], [13.18875, 49.17125], [13.18625, 49.16875], [13.17875, 49.17125], [13.17375, 49.17375], [13.16708, 49.17458], [13.16458, 49.17375], [13.15958, 49.17625], [13.15292, 49.18125], [13.14792, 49.18292], [13.14792, 49.18458], [13.14042, 49.19042], [13.13625, 49.19125], [13.13042, 49.19708], [13.12458, 49.19875], [13.11792, 49.19875], [13.11458, 49.20125], [13.11125, 49.20208], [13.11042, 49.20625], [13.11125, 49.20875], [13.11375, 49.21042], [13.11458, 49.21708], [13.11042, 49.21875], [13.10792, 49.22125], [13.10458, 49.22125], [13.10292, 49.22292], [13.08792, 49.22792], [13.08292, 49.23125], [13.07625, 49.23125], [13.07125, 49.23458], [13.06042, 49.23458], [13.05792, 49.23292], [13.05292, 49.23875], [13.05292, 49.24208], [13.05542, 49.24292], [13.05292, 49.24542], [13.05292, 49.24792], [13.05042, 49.24958], [13.05042, 49.25292], [13.04625, 49.25375], [13.03958, 49.25875], [13.03875, 49.26042], [13.03125, 49.26042], [13.02542, 49.26375], [13.02542, 49.26792], [13.02708, 49.27125], [13.02542, 49.27292], [13.02458, 49.28042], [13.02625, 49.28292], [13.02875, 49.28208], [13.03208, 49.28292], [13.03542, 49.28625], [13.04292, 49.28708], [13.04375, 49.29125], [13.04958, 49.29125], [13.05292, 49.29375], [13.05958, 49.29458], [13.06375, 49.30042], [13.06292, 49.30625], [13.06042, 49.30875], [13.06208, 49.31208], [13.06458, 49.31292], [13.06542, 49.31625], [13.06958, 49.32042], [13.07375, 49.32042], [13.07542, 49.32292], [13.07875, 49.32292], [13.08375, 49.32708], [13.08542, 49.32625], [13.09125, 49.33208], [13.09458, 49.33458], [13.09958, 49.33458], [13.10125, 49.33625], [13.09875, 49.33958], [13.09875, 49.34125], [13.09542, 49.34375], [13.09042, 49.34542], [13.08792, 49.34542], [13.08708, 49.34792], [13.08375, 49.35125], [13.08042, 49.35125], [13.07792, 49.35292], [13.07042, 49.35292], [13.06958, 49.35458], [13.06625, 49.35542], [13.06375, 49.35792], [13.06292, 49.36042], [13.06042, 49.36042], [13.05958, 49.36292], [13.05542, 49.36292], [13.05292, 49.36542], [13.05208, 49.36875], [13.04708, 49.36875], [13.04375, 49.37125], [13.03875, 49.37125], [13.03542, 49.37375], [13.03208, 49.37208], [13.02708, 49.37208], [13.02542, 49.36958], [13.02208, 49.37042], [13.01542, 49.36958], [13.01208, 49.37125], [13.01125, 49.37375], [13.00292, 49.37375], [12.99708, 49.37208], [12.99708, 49.37542], [12.99125, 49.37625], [12.99042, 49.38125], [12.98625, 49.38125], [12.98542, 49.37958], [12.97708, 49.37958], [12.97292, 49.38125], [12.97042, 49.38375], [12.96958, 49.38625], [12.96458, 49.38542], [12.96042, 49.38292], [12.95208, 49.38708], [12.95125, 49.39042], [12.94792, 49.39042], [12.94625, 49.38875], [12.94042, 49.39125], [12.93625, 49.39125], [12.93458, 49.38958], [12.92875, 49.38958], [12.92542, 49.38458], [12.91875, 49.38458], [12.92042, 49.38208], [12.91708, 49.38208], [12.91625, 49.37958], [12.88708, 49.37958], [12.88708, 49.37542], [12.88375, 49.37375], [12.87875, 49.37375], [12.87708, 49.37208], [12.87208, 49.37292], [12.86542, 49.37292], [12.86375, 49.37125], [12.86042, 49.37125], [12.85958, 49.36958], [12.85958, 49.37125], [12.85625, 49.37292], [12.85375, 49.37542], [12.85125, 49.37542], [12.84625, 49.38125], [12.84542, 49.38458], [12.83458, 49.38458], [12.83458, 49.38542], [12.81875, 49.38542], [12.81792, 49.38708], [12.81375, 49.38792], [12.81292, 49.38958], [12.80792, 49.39042], [12.80708, 49.39375], [12.79542, 49.39375], [12.79208, 49.39292], [12.78458, 49.38542], [12.78458, 49.38375], [12.78375, 49.38875], [12.78792, 49.39292], [12.78792, 49.40042], [12.78542, 49.40375], [12.78708, 49.40875], [12.78708, 49.41458], [12.79292, 49.41708], [12.79208, 49.42375], [12.78958, 49.42375], [12.78625, 49.42708], [12.78208, 49.42792], [12.78125, 49.42958], [12.77542, 49.43375], [12.77208, 49.43458], [12.76875, 49.43875], [12.76875, 49.44042], [12.76542, 49.44125], [12.76208, 49.44458], [12.75792, 49.44542], [12.75542, 49.44792], [12.75542, 49.45042], [12.74875, 49.45625], [12.74875, 49.45875], [12.74708, 49.46208], [12.74375, 49.46375], [12.74042, 49.46375], [12.73875, 49.46625], [12.73542, 49.46792], [12.73542, 49.46958], [12.73042, 49.47292], [12.71958, 49.47292], [12.71375, 49.47208], [12.71375, 49.47375], [12.70958, 49.47792], [12.70958, 49.48292], [12.71458, 49.48708], [12.71292, 49.48792], [12.70792, 49.49292], [12.70458, 49.49042], [12.70042, 49.49042], [12.69875, 49.49292], [12.68875, 49.49292], [12.68875, 49.49208], [12.68042, 49.49208], [12.67625, 49.48708], [12.66958, 49.48708], [12.66542, 49.48458], [12.66208, 49.48458], [12.66042, 49.48208], [12.66042, 49.48458], [12.65625, 49.48958], [12.65542, 49.49458], [12.65208, 49.49792], [12.64958, 49.50458], [12.65042, 49.50875], [12.65042, 49.51792], [12.65125, 49.52125], [12.64792, 49.52125], [12.64208, 49.52625], [12.63625, 49.52625], [12.63542, 49.52458], [12.62708, 49.52458], [12.63125, 49.52958], [12.63375, 49.53042], [12.63292, 49.53292], [12.63042, 49.53542], [12.63042, 49.53875], [12.62625, 49.54125], [12.62208, 49.54625], [12.62208, 49.54875], [12.61875, 49.55042], [12.61625, 49.55042], [12.61292, 49.55208], [12.61458, 49.55458], [12.60875, 49.56042], [12.61292, 49.56458], [12.61625, 49.56542], [12.61958, 49.57125], [12.62375, 49.57375], [12.62958, 49.57625], [12.63292, 49.58292], [12.63875, 49.58792], [12.64125, 49.58792], [12.64542, 49.58958], [12.64792, 49.58958], [12.65125, 49.59125], [12.65125, 49.59458], [12.65458, 49.59792], [12.65458, 49.60125], [12.65708, 49.60708], [12.66542, 49.61042], [12.66208, 49.61542], [12.66208, 49.61792], [12.65958, 49.62042], [12.66125, 49.62375], [12.66125, 49.62708], [12.66292, 49.62792], [12.66208, 49.63208], [12.66375, 49.63458], [12.66542, 49.64125], [12.66542, 49.64625], [12.66625, 49.64792], [12.66375, 49.65125], [12.66375, 49.65292], [12.65875, 49.65792], [12.65875, 49.66625], [12.66792, 49.66625], [12.67125, 49.66458], [12.67708, 49.66458], [12.67792, 49.66542], [12.67792, 49.67542], [12.67708, 49.67792], [12.67125, 49.67875], [12.66792, 49.68042], [12.66375, 49.68042], [12.65708, 49.68625], [12.64792, 49.69292], [12.64625, 49.69625], [12.64292, 49.69708], [12.64292, 49.69958], [12.63375, 49.70375], [12.63125, 49.70625], [12.63125, 49.70792], [12.62708, 49.71125], [12.62375, 49.71125], [12.62375, 49.71375], [12.62208, 49.71542], [12.61708, 49.71542], [12.61458, 49.71792], [12.60625, 49.71792], [12.60458, 49.72042], [12.60125, 49.72208], [12.60042, 49.72792], [12.59708, 49.72792], [12.59625, 49.73042], [12.59208, 49.73375], [12.58708, 49.73375], [12.58542, 49.73708], [12.58208, 49.73875], [12.57708, 49.73958], [12.57625, 49.74125], [12.56958, 49.74125], [12.56708, 49.74208], [12.56375, 49.74542], [12.56542, 49.74792], [12.56292, 49.74958], [12.55958, 49.74708], [12.55292, 49.74708], [12.55042, 49.74292], [12.54708, 49.74292], [12.54375, 49.74125], [12.54292, 49.73958], [12.53708, 49.74042], [12.52708, 49.74042], [12.52125, 49.74125], [12.51875, 49.74208], [12.51708, 49.74458], [12.51042, 49.74542], [12.50375, 49.74542], [12.50292, 49.74708], [12.49708, 49.74708], [12.49208, 49.74875], [12.49125, 49.75208], [12.48792, 49.75375], [12.48708, 49.76042], [12.48542, 49.76125], [12.48542, 49.76458], [12.47708, 49.76458], [12.47125, 49.76958], [12.47125, 49.77208], [12.46875, 49.77458], [12.46375, 49.77542], [12.45792, 49.77042], [12.45125, 49.76958], [12.44792, 49.77125], [12.45042, 49.77375], [12.45042, 49.77875], [12.45292, 49.77875], [12.45458, 49.78208], [12.45458, 49.78792], [12.46042, 49.78792], [12.46625, 49.79042], [12.46625, 49.79375], [12.46042, 49.79792], [12.46042, 49.80208], [12.46292, 49.80542], [12.46708, 49.80625], [12.47125, 49.81208], [12.47125, 49.81375], [12.47625, 49.81375], [12.47792, 49.81625], [12.47792, 49.81958], [12.47042, 49.82625], [12.46958, 49.82958], [12.46708, 49.83208], [12.46708, 49.83375], [12.46458, 49.83625], [12.46042, 49.83625], [12.45708, 49.83792], [12.45542, 49.84125], [12.45458, 49.84792], [12.45542, 49.85042], [12.45125, 49.85208], [12.43792, 49.85208], [12.43375, 49.85375], [12.43125, 49.85625], [12.42625, 49.85625], [12.42042, 49.85792], [12.41708, 49.85792], [12.41542, 49.86042], [12.41125, 49.86042], [12.41042, 49.86292], [12.41042, 49.87125], [12.40792, 49.87208], [12.40792, 49.87792], [12.40625, 49.88125], [12.40125, 49.88542], [12.40125, 49.88875], [12.40292, 49.89125], [12.39375, 49.89125], [12.39042, 49.88958], [12.38375, 49.88958], [12.38042, 49.89042], [12.37458, 49.89042], [12.37292, 49.89208], [12.37292, 49.89458], [12.36708, 49.89458], [12.36458, 49.89708], [12.35125, 49.89708], [12.35042, 49.89542], [12.34625, 49.89542], [12.34542, 49.89792], [12.34292, 49.89958], [12.33708, 49.90125], [12.33708, 49.90708], [12.33292, 49.90875], [12.33292, 49.91042], [12.32458, 49.91458], [12.31625, 49.91458], [12.31292, 49.91375], [12.31125, 49.91542], [12.30542, 49.91542], [12.30208, 49.91625], [12.29875, 49.91542], [12.29708, 49.91875], [12.29375, 49.92042], [12.29208, 49.92375], [12.28958, 49.92542], [12.28292, 49.92542], [12.27625, 49.92792], [12.27792, 49.92958], [12.26792, 49.93375], [12.26125, 49.93542], [12.25375, 49.94292], [12.25208, 49.94375], [12.24458, 49.94375], [12.23792, 49.94458], [12.23792, 49.94292], [12.23125, 49.93625], [12.22875, 49.93708], [12.21875, 49.93708], [12.21958, 49.93375], [12.21458, 49.93042], [12.20792, 49.92792], [12.20542, 49.92958], [12.20458, 49.93375], [12.20125, 49.93375], [12.19792, 49.93208], [12.18958, 49.93208], [12.18792, 49.92875], [12.18375, 49.92875], [12.18375, 49.93042], [12.17625, 49.92958], [12.17125, 49.92958], [12.16625, 49.93375], [12.16208, 49.93375], [12.16208, 49.93542], [12.15708, 49.93958], [12.15208, 49.94042], [12.15125, 49.94292], [12.14875, 49.94542], [12.14042, 49.94708], [12.13625, 49.94708], [12.13625, 49.94375], [12.12625, 49.94375], [12.12292, 49.94292], [12.11875, 49.94042], [12.11792, 49.93792], [12.11292, 49.93625], [12.10958, 49.93292], [12.10708, 49.93292], [12.10708, 49.92958], [12.10542, 49.92792], [12.10125, 49.92708], [12.09958, 49.92458], [12.09292, 49.92625], [12.08708, 49.92625], [12.07958, 49.92375], [12.07958, 49.91875], [12.08042, 49.91542], [12.07625, 49.91375], [12.06875, 49.91375], [12.05875, 49.91208], [12.05792, 49.91042], [12.05208, 49.90958], [12.04458, 49.91125], [12.03792, 49.91125], [12.03292, 49.91625], [12.03292, 49.92125], [12.03125, 49.92292], [12.03125, 49.92542], [12.02625, 49.93042], [12.02625, 49.93458], [12.03042, 49.93625], [12.02958, 49.93792], [12.02958, 49.94542], [12.02708, 49.94792], [12.02375, 49.94792], [12.02292, 49.95125], [12.02042, 49.95458], [12.01625, 49.95458], [12.01542, 49.95625], [12.01042, 49.95792], [12.00542, 49.96292], [11.99875, 49.96625], [11.99542, 49.96625], [11.99542, 49.96875], [12.00042, 49.97042], [12.00042, 49.97292], [11.99708, 49.97292], [11.99125, 49.97625], [11.98792, 49.97958], [11.98708, 49.98292], [11.98208, 49.98792], [11.97042, 49.98792], [11.96958, 49.98708], [11.96792, 49.98792], [11.95875, 49.98792], [11.95292, 49.98958], [11.94458, 49.98958], [11.94125, 49.99292], [11.93458, 49.99625], [11.93292, 49.99792], [11.92875, 49.99792], [11.92208, 49.99625], [11.91458, 49.99542], [11.91125, 49.99875], [11.90542, 50.00208], [11.90042, 50.00375], [11.89458, 50.00458], [11.88958, 50.00958], [11.89292, 50.01375], [11.89125, 50.01542], [11.89042, 50.01875], [11.88625, 50.02125], [11.88542, 50.02458], [11.88208, 50.02792], [11.87708, 50.03125], [11.87458, 50.03125], [11.86875, 50.02958], [11.86208, 50.02875], [11.85958, 50.02708], [11.85375, 50.02708], [11.84875, 50.02208], [11.84292, 50.02458], [11.84042, 50.02708], [11.83375, 50.02792], [11.82208, 50.02792], [11.82708, 50.02292], [11.82875, 50.01958], [11.82875, 50.01625], [11.82375, 50.01042], [11.82708, 50.00792], [11.82542, 50.00375], [11.82208, 50.00125], [11.82208, 49.98875], [11.82042, 49.98708], [11.81625, 49.98708], [11.80625, 49.97708], [11.80625, 49.97625], [11.80042, 49.97042], [11.79792, 49.96875], [11.79208, 49.96875], [11.78875, 49.96458], [11.78792, 49.95792], [11.78375, 49.95542], [11.77875, 49.95042], [11.77708, 49.94625], [11.77708, 49.94042], [11.77458, 49.93708], [11.77042, 49.93542], [11.77042, 49.93208], [11.76708, 49.93042], [11.76542, 49.92708], [11.75958, 49.92708], [11.75208, 49.92292], [11.74792, 49.91958], [11.74792, 49.91625], [11.74292, 49.91458], [11.73958, 49.91208], [11.73375, 49.91208], [11.73375, 49.90958], [11.73208, 49.90792], [11.73792, 49.90458], [11.74292, 49.90458], [11.74542, 49.90292], [11.74875, 49.90292], [11.75125, 49.90042], [11.74792, 49.89958], [11.74708, 49.89792], [11.74208, 49.89708], [11.74125, 49.89292], [11.74625, 49.88792], [11.75292, 49.88708], [11.75375, 49.88542], [11.75792, 49.88458], [11.76292, 49.88125], [11.76792, 49.87958], [11.77125, 49.87958], [11.77292, 49.87792], [11.77292, 49.87208], [11.77125, 49.87125], [11.77042, 49.86792], [11.76542, 49.86792], [11.76458, 49.86625], [11.75792, 49.86542], [11.75625, 49.86208], [11.74708, 49.86208], [11.74375, 49.86125], [11.74125, 49.85625], [11.73542, 49.85792], [11.72958, 49.85792], [11.72792, 49.85542], [11.73125, 49.85458], [11.73125, 49.85208], [11.73375, 49.85042], [11.73792, 49.84958], [11.74042, 49.84708], [11.74208, 49.84375], [11.74542, 49.84292], [11.74542, 49.84042], [11.75458, 49.83625], [11.75292, 49.83625], [11.74958, 49.83292], [11.75042, 49.83208], [11.74708, 49.82875], [11.74708, 49.82542], [11.74375, 49.82458], [11.74375, 49.82292], [11.73792, 49.82292], [11.73708, 49.82125], [11.72625, 49.82125], [11.72292, 49.81958], [11.72208, 49.82375], [11.72042, 49.82458], [11.72042, 49.82792], [11.71875, 49.82875], [11.70292, 49.82875], [11.70042, 49.82625], [11.69708, 49.82458], [11.69458, 49.82208], [11.69292, 49.81875], [11.69292, 49.81542], [11.69125, 49.81375], [11.69042, 49.80875], [11.68292, 49.80875], [11.67542, 49.81792], [11.67458, 49.82125], [11.67042, 49.82125], [11.67042, 49.81958], [11.66792, 49.81708], [11.66458, 49.81875], [11.66125, 49.81875], [11.66042, 49.81708], [11.65708, 49.81708], [11.66042, 49.81292], [11.65958, 49.80625], [11.65208, 49.80125], [11.64958, 49.79792], [11.64542, 49.79792], [11.64042, 49.79625], [11.64042, 49.79292], [11.64375, 49.79208], [11.64458, 49.79042], [11.64958, 49.78958], [11.65375, 49.78708], [11.65708, 49.78708], [11.66542, 49.78458], [11.67125, 49.78208], [11.68125, 49.78208], [11.68708, 49.78125], [11.68292, 49.78125], [11.68375, 49.77708], [11.68542, 49.77625], [11.68542, 49.77292], [11.68375, 49.77125], [11.68625, 49.76875], [11.68875, 49.76875], [11.68958, 49.76625], [11.69375, 49.76625], [11.69542, 49.76292], [11.69292, 49.76042], [11.68542, 49.75708], [11.68542, 49.75458], [11.68042, 49.75458], [11.68042, 49.75292], [11.67625, 49.75208], [11.67542, 49.74958], [11.67125, 49.74708], [11.67375, 49.74542], [11.68042, 49.74542], [11.68125, 49.74292], [11.68542, 49.74042], [11.68542, 49.73708], [11.68125, 49.73208], [11.68792, 49.73292], [11.69792, 49.73292], [11.70542, 49.73208], [11.70792, 49.73292], [11.70792, 49.72708], [11.71125, 49.72542], [11.71125, 49.72292], [11.71125, 49.71958], [11.70875, 49.71875], [11.70792, 49.71458], [11.70792, 49.70958], [11.70542, 49.70958], [11.70458, 49.70708], [11.70042, 49.70292], [11.70208, 49.70125], [11.69542, 49.69792], [11.69125, 49.69792], [11.69042, 49.69625], [11.68625, 49.69625], [11.68625, 49.69458], [11.68875, 49.69125], [11.68792, 49.68792], [11.68542, 49.68875], [11.67958, 49.68792], [11.67625, 49.68458], [11.67625, 49.68292], [11.67375, 49.68042], [11.66958, 49.67792], [11.66958, 49.67458], [11.66792, 49.67292], [11.64875, 49.67292], [11.64625, 49.66958], [11.63625, 49.66958], [11.63542, 49.66792], [11.63042, 49.66792], [11.62792, 49.66458], [11.62792, 49.65708], [11.63125, 49.65875], [11.63625, 49.65958], [11.63708, 49.65792], [11.64042, 49.65708], [11.64208, 49.65458], [11.65458, 49.65458], [11.65625, 49.65292], [11.65708, 49.64958], [11.66042, 49.64958], [11.66125, 49.64625], [11.65958, 49.64542], [11.65958, 49.64125], [11.66125, 49.63958], [11.66125, 49.63708], [11.66375, 49.63625], [11.66292, 49.63292], [11.65958, 49.63375], [11.64958, 49.63375], [11.64625, 49.63125], [11.64042, 49.63125], [11.63958, 49.63292], [11.63542, 49.63292], [11.63542, 49.63125], [11.63042, 49.62542], [11.63042, 49.62125], [11.62625, 49.61542], [11.62292, 49.61292], [11.62292, 49.60958], [11.62542, 49.60542], [11.62042, 49.59958], [11.62375, 49.59792], [11.62625, 49.59792], [11.62792, 49.59458], [11.63042, 49.59292], [11.63375, 49.59375], [11.63875, 49.59375], [11.63958, 49.59542], [11.64625, 49.59042], [11.64625, 49.58125], [11.65042, 49.58125], [11.65292, 49.57875], [11.66292, 49.57875], [11.66292, 49.57792], [11.67125, 49.57792], [11.67375, 49.57542], [11.67792, 49.57542], [11.68125, 49.57375], [11.68792, 49.57375], [11.69292, 49.56792], [11.69208, 49.56292], [11.69375, 49.56208], [11.69458, 49.55792], [11.69208, 49.55792], [11.69208, 49.55292], [11.68958, 49.55125], [11.68542, 49.55292], [11.68042, 49.55292], [11.67625, 49.55375], [11.67208, 49.55292], [11.66875, 49.55625], [11.66542, 49.55458], [11.66042, 49.55458], [11.65542, 49.55042], [11.65292, 49.54958], [11.64792, 49.54958], [11.64875, 49.54542], [11.65125, 49.54458], [11.65042, 49.54125], [11.64708, 49.54125], [11.64625, 49.53875], [11.64292, 49.53458], [11.64875, 49.53042], [11.64875, 49.52792], [11.65125, 49.52458], [11.64792, 49.52042], [11.64625, 49.52042], [11.64042, 49.51542], [11.63625, 49.51542], [11.63458, 49.51042], [11.63542, 49.50875], [11.64042, 49.50875], [11.64292, 49.50958], [11.64625, 49.50792], [11.64708, 49.50542], [11.65042, 49.50542], [11.65125, 49.50292], [11.65458, 49.50042], [11.66042, 49.50042], [11.66375, 49.49958], [11.66292, 49.49208], [11.65958, 49.49208], [11.65458, 49.48958], [11.65042, 49.48542], [11.65042, 49.48208], [11.65292, 49.47958], [11.65625, 49.47792], [11.65958, 49.47792], [11.66125, 49.47542], [11.66125, 49.47042], [11.66208, 49.46875], [11.66292, 49.46875], [11.66292, 49.46375], [11.66708, 49.46458], [11.66875, 49.46208], [11.67208, 49.46208], [11.67208, 49.45625], [11.67125, 49.45458], [11.66708, 49.45292], [11.66208, 49.45292], [11.66458, 49.44875], [11.66458, 49.44375], [11.66875, 49.44042], [11.66875, 49.43708], [11.66542, 49.43542], [11.66292, 49.42958], [11.65958, 49.42958], [11.65792, 49.42792], [11.65708, 49.42458], [11.65292, 49.42458], [11.65125, 49.42625], [11.64542, 49.42625], [11.64375, 49.42542], [11.63875, 49.42542], [11.63792, 49.42292], [11.63542, 49.42292], [11.62958, 49.42042], [11.62625, 49.42292], [11.61792, 49.41958], [11.61625, 49.41625], [11.61208, 49.41625], [11.61042, 49.41208], [11.59708, 49.41208], [11.59292, 49.41125], [11.58708, 49.41208], [11.58042, 49.41792], [11.57708, 49.41792], [11.57375, 49.42042], [11.56958, 49.41958], [11.56792, 49.41708], [11.55875, 49.41708], [11.55458, 49.41458], [11.55125, 49.41458], [11.54792, 49.40958], [11.54458, 49.40958], [11.54292, 49.40792], [11.53125, 49.40792], [11.52542, 49.40708], [11.52042, 49.40792], [11.51958, 49.40292], [11.51708, 49.40208], [11.51708, 49.39792], [11.52292, 49.39792], [11.52375, 49.39292], [11.52792, 49.39042], [11.53292, 49.38542], [11.53792, 49.38375], [11.53875, 49.37958], [11.53625, 49.37708], [11.53292, 49.37625], [11.53375, 49.37042], [11.53042, 49.36792], [11.53042, 49.36625], [11.52708, 49.36542], [11.52875, 49.36125], [11.54208, 49.36125], [11.54542, 49.35958], [11.55208, 49.35958], [11.55542, 49.35708], [11.55958, 49.35708], [11.56125, 49.35458], [11.56458, 49.35458], [11.56625, 49.35208], [11.56625, 49.34458], [11.56542, 49.34375], [11.56542, 49.34042], [11.56042, 49.33875], [11.55875, 49.33625], [11.55458, 49.33625], [11.55208, 49.33375], [11.54792, 49.33375], [11.54625, 49.33125], [11.54292, 49.33125], [11.53958, 49.32792], [11.53958, 49.32542], [11.54375, 49.32375], [11.54375, 49.32125], [11.53792, 49.32042], [11.53458, 49.31875], [11.53542, 49.31542], [11.53875, 49.31208], [11.53875, 49.30708], [11.53542, 49.30458], [11.53208, 49.30458], [11.52708, 49.30125], [11.52708, 49.29875], [11.52875, 49.29708], [11.52875, 49.29375], [11.53375, 49.29208], [11.53458, 49.28792], [11.53125, 49.28375], [11.52625, 49.28375], [11.52542, 49.28125], [11.52125, 49.28125], [11.51875, 49.27958], [11.50625, 49.27958], [11.50625, 49.27792], [11.50125, 49.27792], [11.49542, 49.27208], [11.49208, 49.27125], [11.49542, 49.26875], [11.50042, 49.26875], [11.50375, 49.26708], [11.50792, 49.26208], [11.51042, 49.26125], [11.51042, 49.25875], [11.51708, 49.25875], [11.51625, 49.25542], [11.51375, 49.25542], [11.51125, 49.25208], [11.50458, 49.25208], [11.50125, 49.24875], [11.50125, 49.25042], [11.49625, 49.24958], [11.48792, 49.24958], [11.48625, 49.25375], [11.47792, 49.26042], [11.47292, 49.26042], [11.46375, 49.25875], [11.46208, 49.25625], [11.45625, 49.25625], [11.45542, 49.25375], [11.45042, 49.24875], [11.44792, 49.24875], [11.44708, 49.24458], [11.44292, 49.24375], [11.44125, 49.24125], [11.43625, 49.24042], [11.42958, 49.24042], [11.42792, 49.24292], [11.42375, 49.24458], [11.42875, 49.25042], [11.42875, 49.25625], [11.42625, 49.26208], [11.41625, 49.26208], [11.41625, 49.26542], [11.41375, 49.26542], [11.41125, 49.27125], [11.40875, 49.27292], [11.40042, 49.27292], [11.39792, 49.27375], [11.39458, 49.27208], [11.39125, 49.27458], [11.39042, 49.27792], [11.38708, 49.27792], [11.38625, 49.28042], [11.38042, 49.28125], [11.38208, 49.28125], [11.38292, 49.28708], [11.38042, 49.28875], [11.37708, 49.29292], [11.37708, 49.29458], [11.37458, 49.29708], [11.37125, 49.29792], [11.36958, 49.29958], [11.37042, 49.30542], [11.37208, 49.30625], [11.37208, 49.30958], [11.37458, 49.31125], [11.37792, 49.31125], [11.38042, 49.31375], [11.38292, 49.31458], [11.38458, 49.31708], [11.38458, 49.31958], [11.38292, 49.32375], [11.37958, 49.32542], [11.37292, 49.32708], [11.36958, 49.32875], [11.36292, 49.32958], [11.35958, 49.32875], [11.35792, 49.32708], [11.35458, 49.32625], [11.34375, 49.32625], [11.34208, 49.32542], [11.34125, 49.32208], [11.33708, 49.31958], [11.33375, 49.31958], [11.33042, 49.31792], [11.32542, 49.32208], [11.30792, 49.32208], [11.30708, 49.32042], [11.30208, 49.31958], [11.30542, 49.31625], [11.30542, 49.31458], [11.31375, 49.31292], [11.31125, 49.30708], [11.30875, 49.30625], [11.30792, 49.30375], [11.30458, 49.30375], [11.30125, 49.30208], [11.30125, 49.29875], [11.29958, 49.29708], [11.29625, 49.29625], [11.29542, 49.29458], [11.28958, 49.29375], [11.28292, 49.29375], [11.28292, 49.29208], [11.28042, 49.28958], [11.28292, 49.28625], [11.28375, 49.28125], [11.28208, 49.27958], [11.27792, 49.27958], [11.27542, 49.27708], [11.27458, 49.27458], [11.26792, 49.27375], [11.26792, 49.27125], [11.27042, 49.27042], [11.26958, 49.26542], [11.27208, 49.26208], [11.27625, 49.26042], [11.27708, 49.25625], [11.27958, 49.25625], [11.27958, 49.25292], [11.27792, 49.25125], [11.27458, 49.25125], [11.27458, 49.24792], [11.26875, 49.24708], [11.27042, 49.24042], [11.27208, 49.24042], [11.27208, 49.22625], [11.27042, 49.22542], [11.26875, 49.22208], [11.26875, 49.21875], [11.27292, 49.21792], [11.27208, 49.21208], [11.26792, 49.21208], [11.26292, 49.20708], [11.26375, 49.20375], [11.26125, 49.20208], [11.26042, 49.19708], [11.26625, 49.19125], [11.26542, 49.18708], [11.26042, 49.18125], [11.25542, 49.17625], [11.25375, 49.17708], [11.24708, 49.17708], [11.25042, 49.17375], [11.25042, 49.17125], [11.25208, 49.16958], [11.25708, 49.16875], [11.25792, 49.16625], [11.25708, 49.16208], [11.25875, 49.15958], [11.26125, 49.15875], [11.26042, 49.15542], [11.26042, 49.14958], [11.25875, 49.14625], [11.25625, 49.14542], [11.25458, 49.14292], [11.25458, 49.13958], [11.25292, 49.13625], [11.25375, 49.13292], [11.25125, 49.13042], [11.25125, 49.12792], [11.24708, 49.12958], [11.24458, 49.12958], [11.24375, 49.12708], [11.24042, 49.12542], [11.23792, 49.12292], [11.23125, 49.11625], [11.22708, 49.11708], [11.22208, 49.11708], [11.21625, 49.11875], [11.21042, 49.11625], [11.18875, 49.11625], [11.18292, 49.11875], [11.16792, 49.11875], [11.16375, 49.12125], [11.15958, 49.12125], [11.15708, 49.12458], [11.15292, 49.12458], [11.15042, 49.12292], [11.14542, 49.12292], [11.13792, 49.12125], [11.13792, 49.11792], [11.13375, 49.11708], [11.13208, 49.11458], [11.12042, 49.11458], [11.11375, 49.11542], [11.10792, 49.11208], [11.10458, 49.11208], [11.10958, 49.10708], [11.11208, 49.10125], [11.11375, 49.10042], [11.11375, 49.09625], [11.11208, 49.09542], [11.11208, 49.09208], [11.11458, 49.08875], [11.11292, 49.08625], [11.11458, 49.08375], [11.11458, 49.08042], [11.11292, 49.08042], [11.10958, 49.07875], [11.10208, 49.07875], [11.10208, 49.07625], [11.09792, 49.07375], [11.08792, 49.07375], [11.08792, 49.07042], [11.08542, 49.06875], [11.07958, 49.06875], [11.07458, 49.06375], [11.07458, 49.06208], [11.07042, 49.05792], [11.06708, 49.05625], [11.06542, 49.05292], [11.06542, 49.04792], [11.06792, 49.04708], [11.06292, 49.04542], [11.06292, 49.04208], [11.06042, 49.03958], [11.05875, 49.03625], [11.05375, 49.03375], [11.05375, 49.03042], [11.05125, 49.02958], [11.05042, 49.02708], [11.04375, 49.02708], [11.04125, 49.02958], [11.02625, 49.02958], [11.02208, 49.02875], [11.02125, 49.02625], [11.02458, 49.02292], [11.02625, 49.01958], [11.02458, 49.01708], [11.02625, 49.01625], [11.02542, 49.00958], [11.02208, 49.00958], [11.01875, 49.00792], [11.01542, 49.01042], [11.01542, 49.01292], [11.01208, 49.01292], [11.00875, 49.00958], [11.00208, 49.00958], [10.99625, 49.00875], [10.99458, 49.01042], [10.99042, 49.01042], [10.98792, 49.00792], [10.98458, 49.00792], [10.98125, 49.01208], [10.97542, 49.01208], [10.97375, 49.00875], [10.97042, 49.00708], [10.97125, 49.00542], [10.97708, 49.00458], [10.98125, 49.00208], [10.98125, 48.99958], [10.97958, 48.99792], [10.97958, 48.99458], [10.98458, 48.99375], [10.98625, 48.99208], [10.98958, 48.99125], [10.98958, 48.98875], [10.98792, 48.98625], [10.98375, 48.98625], [10.98292, 48.98292], [10.98125, 48.98208], [10.97292, 48.98208], [10.97125, 48.98458], [10.96708, 48.98375], [10.96708, 48.97958], [10.96875, 48.97792], [10.96708, 48.97625], [10.96042, 48.97625], [10.95458, 48.97708], [10.94542, 48.97792], [10.94458, 48.97958], [10.94125, 48.97958], [10.93875, 48.97792], [10.93375, 48.97792], [10.93292, 48.98125], [10.92875, 48.98542], [10.92292, 48.98542], [10.92208, 48.98792], [10.91542, 48.98875], [10.91042, 48.98875], [10.91375, 48.99208], [10.91458, 48.99458], [10.92125, 48.99458], [10.92542, 48.99625], [10.92625, 49.00042], [10.92458, 49.00375], [10.92458, 49.00625], [10.92208, 49.00708], [10.91958, 49.00958], [10.91958, 49.01125], [10.91625, 49.01458], [10.91042, 49.01625], [10.90125, 49.01625], [10.89958, 49.01708], [10.90125, 49.02125], [10.90458, 49.02458], [10.90042, 49.03042], [10.90042, 49.03208], [10.90625, 49.03792], [10.90208, 49.04042], [10.90375, 49.04375], [10.91042, 49.04458], [10.90958, 49.04792], [10.90792, 49.04875], [10.90958, 49.05208], [10.90792, 49.05542], [10.90958, 49.05875], [10.90708, 49.06125], [10.90708, 49.06542], [10.90292, 49.06792], [10.91125, 49.07625], [10.90792, 49.08042], [10.90792, 49.08375], [10.90542, 49.08542], [10.90042, 49.08625], [10.89875, 49.08792], [10.89542, 49.08792], [10.89292, 49.08958], [10.89042, 49.09292], [10.88792, 49.09292], [10.88708, 49.09542], [10.88042, 49.09542], [10.87875, 49.09792], [10.87875, 49.10208], [10.87542, 49.10375], [10.86792, 49.10375], [10.86625, 49.10625], [10.86042, 49.10958], [10.85458, 49.10875], [10.85375, 49.11042], [10.85042, 49.11125], [10.84958, 49.11292], [10.84625, 49.11292], [10.84542, 49.11458], [10.84125, 49.11458], [10.83958, 49.11708], [10.83625, 49.11625], [10.83125, 49.11625], [10.82875, 49.11708], [10.82375, 49.11375], [10.81625, 49.11375], [10.81292, 49.11292], [10.80625, 49.11292], [10.80542, 49.11375], [10.80792, 49.11625], [10.80708, 49.12042], [10.81042, 49.12458], [10.81042, 49.12792], [10.81208, 49.13125], [10.80875, 49.13208], [10.80875, 49.13625], [10.80375, 49.13958], [10.80042, 49.14042], [10.79458, 49.14042], [10.79125, 49.14375], [10.79208, 49.14625], [10.79542, 49.14625], [10.79625, 49.15042], [10.79875, 49.15042], [10.80208, 49.15208], [10.80292, 49.15375], [10.81042, 49.15458], [10.81042, 49.15708], [10.80458, 49.16375], [10.80125, 49.16375], [10.80125, 49.16625], [10.79375, 49.16625], [10.79375, 49.16708], [10.79375, 49.16875], [10.79708, 49.17042], [10.79708, 49.17375], [10.79458, 49.17708], [10.79125, 49.17875], [10.78625, 49.17875], [10.78292, 49.18042], [10.77875, 49.18375], [10.77708, 49.18708], [10.77792, 49.19208], [10.77125, 49.19292], [10.76542, 49.19542], [10.76125, 49.19542], [10.75958, 49.19792], [10.75958, 49.20375], [10.75708, 49.20792], [10.75458, 49.20792], [10.75375, 49.21125], [10.74708, 49.21042], [10.74625, 49.21292], [10.74208, 49.21292], [10.73958, 49.21042], [10.73875, 49.21542], [10.73625, 49.21458], [10.73208, 49.21542], [10.72625, 49.21542], [10.72625, 49.21792], [10.72458, 49.21958], [10.71792, 49.21958], [10.71458, 49.22042], [10.71292, 49.22375], [10.70958, 49.22708], [10.69875, 49.22708], [10.69792, 49.22958], [10.69458, 49.23125], [10.68708, 49.23208], [10.68542, 49.23042], [10.68208, 49.23042], [10.67792, 49.23042], [10.67542, 49.23292], [10.66458, 49.23125], [10.65625, 49.23125], [10.65292, 49.23042], [10.65208, 49.23208], [10.64875, 49.23375], [10.64125, 49.23458], [10.63958, 49.23792], [10.64208, 49.23875], [10.64208, 49.24208], [10.63792, 49.24375], [10.63792, 49.24958], [10.63292, 49.24875], [10.61292, 49.24875], [10.61208, 49.25208], [10.59292, 49.25208], [10.58625, 49.25125], [10.58375, 49.25375], [10.57042, 49.25375], [10.56708, 49.25458], [10.56542, 49.25708], [10.56292, 49.25708], [10.56042, 49.26042], [10.55458, 49.26125], [10.55208, 49.26375], [10.54792, 49.26375], [10.54708, 49.26208], [10.53958, 49.26125], [10.53292, 49.26542], [10.53208, 49.27042], [10.52958, 49.27375], [10.52625, 49.27375], [10.52458, 49.27542], [10.52125, 49.27542], [10.52042, 49.27792], [10.51292, 49.28375], [10.51042, 49.28292], [10.51042, 49.28458], [10.50542, 49.28958], [10.50208, 49.29125], [10.48958, 49.29125], [10.48292, 49.29208], [10.48042, 49.29792], [10.48042, 49.30375], [10.47958, 49.31042], [10.48208, 49.31292], [10.47792, 49.31375], [10.47458, 49.31708], [10.47042, 49.31792], [10.46792, 49.32125], [10.46125, 49.32375], [10.45708, 49.32375], [10.45542, 49.32625], [10.45208, 49.32625], [10.45125, 49.33458], [10.45292, 49.33625], [10.44875, 49.33792], [10.44125, 49.33792], [10.43708, 49.33875], [10.43458, 49.34125], [10.43125, 49.34042], [10.42958, 49.34208], [10.42958, 49.34542], [10.43125, 49.34708], [10.43125, 49.35042], [10.43292, 49.35125], [10.43042, 49.35625], [10.42542, 49.35708], [10.42042, 49.35708], [10.42125, 49.36042], [10.41875, 49.36208], [10.41292, 49.36292], [10.41042, 49.36625], [10.40958, 49.37042], [10.41125, 49.37208], [10.41458, 49.37208], [10.41708, 49.37792], [10.41625, 49.38292], [10.42125, 49.38458], [10.42125, 49.38792], [10.42458, 49.39125], [10.42292, 49.39208], [10.41292, 49.39208], [10.40875, 49.39292], [10.40292, 49.39875], [10.39792, 49.39958], [10.39208, 49.39958], [10.38958, 49.40208], [10.38958, 49.40625], [10.38708, 49.41042], [10.38458, 49.41292], [10.38042, 49.41542], [10.37625, 49.41458], [10.36875, 49.41458], [10.36458, 49.41708], [10.36625, 49.41875], [10.36625, 49.42125], [10.36792, 49.42292], [10.36708, 49.42625], [10.36208, 49.42625], [10.35958, 49.42458], [10.33792, 49.42458], [10.32958, 49.42292], [10.32708, 49.42542], [10.32292, 49.42542], [10.31792, 49.43042], [10.30792, 49.43042], [10.30542, 49.43125], [10.30375, 49.42875], [10.30042, 49.42875], [10.29708, 49.42542], [10.29375, 49.42375], [10.29042, 49.42625], [10.28792, 49.42625], [10.28458, 49.42375], [10.27958, 49.42208], [10.27708, 49.42042], [10.27542, 49.41708], [10.27292, 49.41875], [10.26792, 49.41792], [10.26792, 49.41125], [10.26375, 49.40958], [10.26375, 49.40375], [10.25458, 49.40375], [10.25125, 49.40125], [10.25292, 49.39875], [10.25292, 49.39375], [10.25208, 49.39208], [10.24625, 49.39125], [10.24208, 49.38708], [10.23875, 49.38625], [10.23875, 49.38458], [10.24125, 49.38208], [10.24542, 49.38208], [10.24542, 49.37708], [10.25042, 49.37292], [10.25042, 49.37042], [10.25208, 49.36708], [10.25458, 49.36708], [10.25792, 49.36375], [10.26042, 49.36292], [10.26125, 49.36042], [10.26375, 49.36042], [10.26375, 49.35625], [10.26625, 49.35542], [10.26542, 49.35208], [10.26875, 49.35042], [10.26625, 49.34708], [10.26042, 49.34625], [10.25875, 49.34292], [10.25875, 49.33458], [10.25708, 49.33292], [10.25375, 49.33292], [10.24958, 49.33042], [10.24792, 49.32458], [10.24292, 49.32458], [10.23958, 49.32292], [10.24292, 49.31875], [10.24875, 49.31875], [10.25125, 49.31792], [10.25292, 49.31542], [10.25958, 49.31542], [10.26042, 49.31208], [10.26542, 49.31125], [10.26542, 49.30792], [10.26875, 49.30708], [10.26958, 49.30292], [10.27208, 49.30125], [10.27208, 49.29542], [10.27292, 49.29375], [10.26792, 49.29042], [10.26875, 49.28875], [10.26708, 49.28792], [10.26208, 49.28792], [10.25792, 49.28375], [10.25292, 49.28375], [10.24958, 49.28542], [10.24458, 49.28542], [10.23958, 49.28375], [10.23625, 49.28125], [10.23792, 49.27958], [10.23625, 49.27792], [10.23458, 49.27375], [10.23125, 49.27375], [10.22875, 49.27208], [10.21875, 49.27208], [10.21292, 49.26708], [10.21042, 49.26625], [10.20208, 49.26625], [10.19708, 49.26542], [10.19375, 49.26375], [10.19125, 49.26125], [10.19042, 49.25875], [10.18792, 49.25875], [10.18375, 49.25625], [10.18375, 49.25375], [10.18042, 49.25042], [10.17125, 49.24792], [10.16958, 49.24292], [10.16958, 49.24042], [10.16708, 49.23792], [10.17042, 49.23708], [10.17292, 49.23458], [10.17292, 49.23292], [10.17625, 49.23208], [10.17625, 49.22958], [10.17458, 49.22792], [10.17125, 49.22708], [10.17208, 49.22375], [10.16542, 49.22292], [10.16208, 49.21958], [10.16208, 49.21292], [10.16042, 49.21208], [10.15542, 49.21208], [10.15208, 49.21125], [10.14792, 49.20792], [10.14542, 49.20708], [10.14042, 49.20208], [10.13958, 49.19625], [10.14292, 49.19625], [10.14542, 49.19458], [10.15042, 49.19375], [10.15625, 49.19375], [10.15708, 49.19292], [10.15708, 49.18708], [10.16042, 49.18625], [10.16875, 49.18208], [10.17125, 49.18208], [10.17125, 49.17792], [10.16792, 49.17375], [10.16542, 49.17292], [10.16542, 49.17042], [10.16375, 49.16875], [10.15708, 49.16875], [10.15708, 49.16542], [10.15375, 49.16292], [10.14875, 49.16292], [10.14792, 49.16125], [10.14042, 49.16208], [10.13958, 49.16042], [10.13458, 49.16042], [10.13375, 49.15625], [10.13542, 49.15458], [10.13542, 49.15042], [10.14292, 49.14875], [10.13958, 49.14625], [10.13875, 49.14292], [10.14208, 49.13792], [10.14458, 49.13792], [10.14708, 49.13542], [10.14792, 49.12875], [10.14292, 49.12708], [10.14458, 49.12375], [10.15125, 49.12375], [10.15458, 49.12208], [10.15708, 49.11958], [10.16042, 49.11875], [10.16125, 49.11625], [10.16792, 49.11542], [10.16958, 49.11375], [10.18375, 49.11375], [10.18792, 49.11208], [10.19042, 49.10958], [10.18958, 49.10542], [10.19292, 49.10375], [10.19208, 49.10042], [10.19625, 49.09875], [10.19625, 49.09458], [10.19375, 49.09458], [10.19542, 49.09125], [10.19792, 49.09125], [10.19792, 49.08875], [10.20292, 49.08708], [10.20458, 49.08292], [10.19958, 49.08125], [10.19958, 49.07875], [10.20458, 49.07792], [10.20875, 49.07375], [10.20875, 49.07042], [10.21292, 49.07042], [10.21375, 49.06708], [10.20958, 49.06458], [10.20708, 49.06208], [10.20708, 49.05958], [10.20375, 49.05875], [10.20125, 49.05625], [10.20125, 49.05375], [10.20375, 49.05292], [10.20375, 49.04792], [10.19958, 49.04375], [10.19958, 49.04042], [10.19625, 49.03958], [10.19708, 49.03458], [10.19292, 49.02958], [10.19458, 49.02625], [10.19625, 49.02542], [10.19625, 49.02208], [10.19792, 49.02042], [10.20625, 49.02042], [10.20625, 49.01958], [10.21458, 49.01958], [10.21875, 49.01542], [10.22292, 49.01542], [10.22708, 49.01375], [10.23542, 49.01375], [10.23542, 49.01292], [10.24375, 49.01292], [10.24792, 49.00875], [10.24625, 49.00625], [10.24708, 49.00208], [10.25042, 49.00125], [10.25042, 48.99875], [10.25375, 48.99625], [10.25708, 48.99542], [10.26458, 48.99542], [10.26875, 48.99375], [10.27792, 48.99375], [10.28208, 48.99292], [10.28458, 48.99125], [10.29625, 48.99125], [10.29625, 48.99042], [10.29875, 48.99042], [10.29958, 48.98708], [10.29958, 48.98208], [10.30292, 48.97792], [10.29625, 48.97458], [10.29208, 48.96958], [10.29708, 48.96958], [10.30125, 48.97042], [10.30208, 48.96792], [10.29958, 48.96542], [10.29958, 48.96292], [10.29625, 48.96208], [10.30042, 48.95792], [10.30625, 48.95792], [10.30958, 48.95875], [10.31292, 48.95792], [10.31292, 48.95375], [10.31625, 48.94875], [10.31625, 48.94542], [10.31792, 48.94042], [10.31375, 48.93875], [10.31042, 48.93625], [10.31042, 48.93292], [10.30708, 48.93125], [10.30708, 48.92625], [10.30292, 48.92542], [10.30208, 48.92375], [10.29792, 48.92375], [10.29792, 48.92042], [10.30042, 48.91708], [10.30125, 48.91375], [10.30458, 48.91292], [10.30542, 48.91125], [10.30458, 48.90792], [10.30292, 48.90625], [10.29542, 48.90625], [10.29458, 48.90125], [10.28958, 48.89792], [10.28958, 48.89625], [10.28625, 48.89292], [10.28042, 48.89292], [10.27792, 48.88958], [10.27792, 48.88542], [10.28042, 48.88458], [10.28292, 48.88042], [10.28375, 48.87625], [10.28292, 48.87375], [10.28542, 48.87125], [10.28125, 48.86375], [10.27708, 48.86458], [10.27708, 48.86625], [10.27042, 48.86542], [10.26958, 48.85958], [10.26958, 48.86042], [10.26125, 48.86042], [10.25792, 48.85958], [10.25708, 48.85792], [10.24625, 48.85792], [10.24292, 48.85708], [10.24042, 48.86042], [10.23542, 48.86125], [10.21708, 48.86125], [10.21458, 48.85958], [10.21042, 48.86042], [10.19875, 48.86042], [10.19875, 48.85875], [10.19542, 48.86292], [10.19375, 48.86125], [10.17958, 48.86125], [10.17958, 48.86208], [10.17292, 48.86375], [10.16125, 48.86375], [10.15625, 48.86208], [10.15625, 48.86042], [10.15208, 48.86042], [10.15292, 48.85292], [10.14958, 48.85292], [10.14958, 48.84958], [10.14375, 48.84875], [10.14292, 48.84542], [10.14542, 48.84042], [10.14708, 48.84125], [10.15375, 48.84125], [10.15792, 48.83958], [10.15708, 48.83375], [10.16125, 48.83125], [10.16375, 48.82625], [10.16708, 48.82625], [10.16708, 48.82375], [10.16958, 48.82292], [10.17125, 48.82042], [10.17458, 48.82042], [10.17542, 48.81708], [10.17458, 48.81708], [10.17208, 48.81375], [10.17125, 48.81042], [10.16792, 48.81042], [10.16792, 48.80542], [10.16875, 48.80375], [10.16792, 48.80042], [10.16292, 48.80042], [10.15958, 48.79875], [10.15458, 48.79792], [10.15458, 48.79542], [10.15292, 48.79208], [10.15458, 48.79125], [10.15458, 48.78708], [10.15292, 48.78458], [10.15542, 48.78208], [10.15125, 48.78125], [10.14708, 48.77708], [10.14708, 48.77458], [10.14375, 48.77375], [10.14042, 48.77042], [10.13875, 48.76625], [10.13625, 48.76458], [10.13625, 48.76125], [10.13375, 48.75958], [10.13292, 48.75458], [10.12792, 48.75458], [10.12792, 48.75292], [10.12458, 48.74875], [10.12125, 48.74958], [10.11792, 48.75292], [10.11208, 48.75292], [10.11042, 48.75208], [10.10958, 48.74875], [10.10625, 48.74542], [10.10292, 48.74542], [10.10292, 48.74208], [10.10542, 48.74042], [10.10708, 48.73375], [10.10708, 48.72625], [10.10625, 48.72292], [10.10042, 48.71958], [10.09875, 48.71625], [10.09958, 48.71208], [10.09458, 48.70792], [10.09125, 48.70958], [10.08792, 48.70958], [10.08792, 48.71292], [10.08375, 48.71625], [10.07292, 48.71625], [10.06958, 48.71458], [10.06625, 48.71792], [10.06542, 48.72792], [10.06792, 48.72958], [10.06875, 48.73375], [10.07125, 48.73625], [10.06625, 48.73708], [10.06542, 48.73875], [10.06208, 48.74042], [10.05958, 48.74292], [10.05542, 48.74292], [10.05542, 48.74042], [10.05292, 48.73958], [10.05042, 48.74125], [10.05042, 48.74792], [10.05458, 48.74958], [10.05375, 48.75542], [10.05125, 48.75792], [10.05125, 48.76042], [10.04792, 48.76125], [10.04708, 48.76375], [10.04375, 48.76792], [10.04375, 48.77125], [10.04542, 48.77542], [10.04208, 48.77875], [10.03625, 48.77792], [10.03375, 48.77958], [10.03292, 48.78292], [10.02958, 48.78292], [10.02708, 48.78125], [10.01708, 48.78125], [10.01458, 48.77958], [10.00875, 48.77958], [10.00792, 48.78125], [10.00042, 48.78125], [9.99625, 48.78208], [9.99375, 48.78125], [9.98958, 48.78292], [9.98125, 48.77958], [9.98125, 48.77458], [9.97792, 48.76958], [9.97542, 48.77125], [9.97042, 48.77208], [9.96375, 48.77208], [9.96208, 48.77375], [9.95792, 48.77375], [9.95208, 48.76708], [9.94875, 48.76625], [9.94375, 48.76625], [9.94125, 48.76208], [9.93792, 48.76292], [9.91875, 48.76292], [9.91875, 48.76375], [9.90958, 48.76375], [9.90958, 48.75958], [9.91208, 48.75875], [9.91208, 48.75625], [9.91375, 48.75375], [9.90792, 48.74875], [9.90542, 48.74375], [9.90125, 48.74458], [9.90042, 48.74208], [9.89792, 48.74042], [9.89792, 48.73708], [9.90708, 48.73292], [9.90958, 48.72875], [9.90958, 48.72458], [9.91375, 48.72042], [9.91708, 48.72042], [9.91792, 48.71792], [9.92125, 48.71625], [9.92542, 48.71542], [9.92958, 48.71208], [9.92875, 48.70958], [9.92375, 48.70958], [9.92125, 48.70792], [9.92125, 48.70458], [9.92292, 48.70042], [9.92208, 48.69792], [9.92208, 48.69125], [9.92625, 48.68625], [9.92958, 48.68375], [9.91625, 48.68375], [9.91458, 48.68292], [9.92042, 48.67708], [9.92042, 48.67292], [9.91625, 48.67208], [9.91042, 48.66958], [9.90958, 48.66708], [9.91292, 48.66375], [9.91625, 48.66542], [9.92458, 48.66542], [9.92708, 48.66458], [9.92625, 48.65958], [9.92875, 48.65792], [9.93208, 48.65792], [9.93458, 48.65458], [9.93958, 48.65458], [9.94125, 48.65125], [9.93958, 48.64792], [9.93708, 48.64625], [9.92708, 48.64625], [9.91542, 48.64042], [9.91125, 48.64042], [9.90958, 48.63875], [9.90542, 48.63875], [9.91042, 48.63542], [9.91042, 48.63125], [9.91208, 48.62958], [9.90958, 48.62792], [9.90958, 48.62375], [9.91375, 48.62292], [9.91375, 48.61458], [9.91042, 48.61292], [9.91375, 48.60875], [9.91875, 48.60875], [9.92292, 48.60542], [9.92458, 48.60042], [9.92375, 48.59542], [9.91792, 48.59458], [9.90708, 48.59708], [9.90375, 48.59875], [9.89625, 48.59875], [9.89375, 48.60042], [9.88792, 48.60125], [9.88375, 48.59792], [9.88208, 48.59542], [9.88208, 48.59292], [9.88042, 48.59042], [9.87542, 48.58958], [9.86542, 48.57958], [9.86375, 48.57625], [9.85958, 48.57708], [9.85458, 48.57708], [9.85458, 48.57542], [9.84875, 48.57542], [9.84458, 48.57125], [9.84458, 48.56875], [9.84042, 48.56542], [9.83542, 48.56625], [9.82875, 48.56625], [9.82542, 48.56542], [9.82458, 48.56292], [9.82625, 48.56042], [9.82875, 48.56042], [9.82958, 48.55625], [9.82958, 48.55042], [9.82708, 48.54792], [9.82542, 48.54458], [9.82708, 48.54292], [9.82625, 48.53958], [9.82875, 48.53792], [9.82875, 48.53458], [9.82625, 48.53625], [9.81458, 48.53625], [9.81208, 48.53958], [9.80625, 48.53958], [9.80208, 48.53875], [9.79708, 48.53958], [9.77458, 48.53958], [9.77125, 48.54042], [9.76292, 48.54042], [9.76208, 48.54208], [9.75625, 48.54458], [9.75625, 48.54875], [9.75208, 48.55042], [9.75042, 48.55208], [9.75042, 48.55458], [9.74708, 48.55792], [9.74458, 48.55792], [9.73958, 48.56292], [9.73792, 48.56125], [9.73875, 48.55792], [9.73625, 48.55542], [9.72958, 48.55542], [9.72958, 48.55375], [9.72625, 48.55042], [9.72375, 48.55042], [9.72042, 48.54708], [9.71542, 48.54708], [9.71208, 48.54875], [9.70875, 48.54875], [9.70375, 48.54708], [9.70625, 48.54458], [9.70708, 48.54208], [9.70458, 48.54125], [9.69458, 48.54125], [9.68792, 48.53958], [9.68292, 48.53625], [9.68208, 48.53792], [9.67708, 48.54125], [9.66875, 48.54125], [9.66375, 48.54625], [9.66125, 48.54625], [9.65792, 48.54375], [9.65792, 48.54125], [9.65458, 48.54042], [9.65125, 48.53625], [9.63792, 48.53625], [9.63708, 48.53375], [9.63375, 48.53292], [9.62542, 48.53292], [9.62208, 48.53042], [9.61792, 48.53042], [9.61708, 48.52875], [9.60792, 48.52708], [9.60042, 48.53375], [9.59875, 48.53208], [9.59875, 48.52958], [9.59625, 48.52708], [9.59125, 48.52792], [9.58625, 48.52292], [9.58208, 48.52292], [9.58042, 48.51958], [9.58042, 48.52125], [9.57458, 48.52125], [9.57292, 48.52375], [9.56792, 48.52292], [9.55958, 48.52292], [9.55625, 48.52125], [9.54958, 48.52042], [9.54958, 48.51542], [9.54625, 48.51375], [9.54458, 48.51042], [9.54458, 48.50542], [9.54542, 48.50375], [9.54042, 48.49958], [9.54042, 48.49292], [9.54292, 48.49208], [9.54292, 48.48875], [9.53958, 48.48708], [9.53875, 48.48125], [9.54208, 48.48125], [9.54708, 48.47708], [9.55125, 48.47792], [9.55208, 48.47958], [9.55625, 48.47792], [9.55792, 48.47458], [9.56042, 48.47458], [9.56208, 48.47125], [9.56125, 48.47125], [9.55792, 48.46792], [9.54792, 48.46792], [9.54542, 48.46875], [9.54208, 48.46792], [9.53625, 48.46792], [9.53208, 48.46875], [9.52792, 48.46042], [9.52958, 48.45208], [9.53458, 48.44542], [9.53542, 48.44292], [9.53542, 48.43708], [9.52958, 48.43708], [9.52792, 48.43958], [9.52375, 48.44042], [9.51542, 48.44042], [9.51292, 48.44125], [9.50792, 48.43958], [9.50708, 48.43708], [9.50875, 48.43542], [9.50458, 48.43125], [9.49958, 48.43042], [9.49792, 48.42792], [9.48958, 48.42792], [9.48792, 48.42708], [9.48375, 48.42958], [9.48125, 48.42958], [9.47958, 48.42708], [9.47625, 48.42708], [9.47625, 48.42458], [9.47125, 48.42042], [9.46708, 48.42208], [9.46375, 48.42208], [9.45958, 48.42625], [9.45958, 48.42958], [9.45625, 48.43208], [9.44458, 48.43208], [9.43875, 48.43292], [9.43708, 48.43542], [9.43292, 48.43792], [9.42875, 48.43708], [9.42292, 48.43708], [9.42125, 48.43375], [9.41875, 48.43208], [9.41458, 48.43208], [9.41292, 48.43292], [9.41208, 48.43625], [9.41542, 48.44042], [9.41542, 48.44792], [9.41292, 48.44958], [9.40958, 48.44958], [9.40708, 48.45208], [9.40708, 48.45542], [9.40125, 48.46208], [9.40125, 48.46708], [9.39875, 48.46958], [9.39625, 48.47042], [9.39125, 48.47042], [9.38958, 48.47375], [9.38708, 48.47542], [9.38042, 48.47458], [9.38042, 48.47125], [9.37542, 48.47042], [9.37125, 48.47125], [9.36542, 48.47708], [9.36375, 48.47792], [9.35375, 48.47792], [9.35375, 48.47875], [9.34125, 48.47875], [9.33458, 48.48125], [9.33458, 48.48625], [9.33208, 48.48792], [9.33125, 48.49125], [9.33208, 48.49292], [9.32708, 48.49625], [9.32208, 48.49625], [9.31958, 48.49375], [9.31542, 48.49375], [9.31375, 48.49208], [9.29958, 48.49208], [9.29875, 48.48958], [9.30125, 48.48708], [9.30125, 48.48375], [9.29958, 48.48208], [9.30125, 48.47958], [9.30125, 48.47042], [9.29875, 48.46708], [9.29875, 48.46292], [9.29708, 48.46208], [9.29625, 48.45792], [9.30125, 48.45292], [9.30292, 48.45042], [9.30125, 48.44708], [9.30542, 48.44542], [9.30542, 48.44208], [9.30708, 48.44042], [9.31042, 48.44042], [9.30375, 48.43875], [9.30375, 48.43542], [9.30208, 48.43208], [9.29542, 48.43542], [9.28792, 48.43625], [9.27958, 48.43042], [9.27958, 48.42792], [9.28292, 48.42792], [9.28292, 48.42458], [9.27958, 48.42375], [9.27792, 48.42208], [9.27792, 48.41958], [9.27625, 48.41625], [9.26875, 48.41708], [9.26708, 48.41542], [9.26875, 48.41375], [9.26875, 48.41125], [9.27125, 48.40875], [9.27542, 48.40792], [9.27125, 48.40375], [9.27125, 48.40125], [9.26708, 48.39875], [9.26708, 48.39542], [9.26542, 48.39375], [9.25875, 48.39458], [9.25542, 48.39125], [9.24958, 48.39042], [9.23625, 48.39042], [9.23458, 48.38875], [9.23458, 48.38625], [9.23708, 48.38375], [9.23208, 48.38458], [9.22708, 48.38958], [9.22708, 48.39292], [9.22375, 48.39292], [9.21958, 48.39125], [9.21958, 48.38875], [9.21458, 48.39042], [9.21042, 48.39458], [9.21042, 48.39625], [9.20708, 48.39958], [9.20125, 48.40208], [9.19958, 48.40375], [9.19625, 48.40375], [9.19625, 48.40625], [9.19292, 48.40958], [9.19292, 48.41375], [9.19125, 48.41375], [9.18708, 48.40958], [9.17958, 48.40625], [9.17792, 48.40458], [9.16458, 48.40458], [9.15958, 48.40375], [9.15792, 48.40542], [9.15375, 48.40542], [9.15292, 48.40292], [9.14958, 48.40125], [9.14792, 48.39875], [9.14292, 48.39792], [9.14375, 48.39125], [9.13708, 48.38458], [9.13792, 48.37958], [9.13542, 48.37708], [9.12708, 48.37625], [9.12375, 48.37292], [9.12375, 48.37125], [9.11208, 48.35958], [9.10875, 48.36125], [9.10375, 48.36125], [9.10042, 48.36208], [9.09875, 48.36042], [9.08208, 48.36042], [9.08208, 48.35958], [9.06458, 48.35958], [9.06375, 48.35708], [9.05958, 48.35292], [9.05292, 48.35292], [9.05292, 48.34958], [9.05542, 48.34708], [9.05542, 48.34375], [9.05792, 48.34292], [9.05792, 48.33625], [9.06458, 48.33708], [9.07375, 48.33708], [9.07458, 48.33542], [9.08625, 48.33542], [9.08958, 48.33375], [9.09042, 48.33208], [9.09458, 48.33125], [9.09792, 48.32958], [9.09708, 48.32542], [9.09542, 48.32458], [9.09542, 48.32125], [9.09875, 48.32042], [9.09042, 48.32042], [9.08875, 48.31875], [9.08375, 48.31792], [9.08458, 48.31208], [9.07792, 48.30542], [9.07958, 48.30375], [9.08625, 48.30375], [9.08875, 48.30292], [9.08875, 48.29958], [9.09042, 48.29792], [9.09125, 48.29458], [9.09125, 48.28625], [9.08958, 48.28292], [9.08042, 48.27875], [9.08125, 48.27458], [9.07625, 48.27375], [9.07375, 48.27125], [9.06875, 48.26958], [9.06542, 48.26542], [9.06542, 48.26292], [9.06792, 48.26125], [9.06708, 48.25792], [9.06125, 48.25708], [9.05708, 48.25542], [9.05625, 48.25375], [9.04708, 48.25375], [9.04542, 48.25625], [9.04208, 48.25625], [9.04208, 48.26625], [9.03792, 48.26875], [9.03792, 48.27542], [9.03875, 48.27792], [9.03458, 48.27792], [9.03208, 48.28292], [9.02792, 48.28292], [9.02708, 48.28708], [9.02042, 48.28792], [9.01458, 48.29125], [9.01458, 48.29375], [9.01125, 48.29625], [9.00875, 48.29542], [9.00292, 48.29542], [8.99625, 48.30208], [8.99125, 48.30208], [8.99125, 48.30458], [8.99375, 48.30625], [8.99375, 48.30875], [8.98875, 48.30875], [8.98375, 48.30708], [8.98292, 48.30292], [8.97875, 48.30292], [8.97792, 48.30042], [8.97458, 48.29958], [8.97458, 48.29625], [8.96792, 48.29792], [8.96125, 48.29792], [8.96125, 48.29625], [8.95875, 48.29292], [8.96292, 48.29125], [8.96875, 48.28792], [8.97208, 48.28458], [8.97208, 48.28208], [8.97375, 48.28042], [8.97958, 48.28042], [8.97958, 48.27625], [8.97708, 48.27625], [8.97792, 48.27125], [8.98208, 48.26792], [8.98792, 48.26792], [8.99208, 48.26292], [8.99208, 48.25958], [8.98792, 48.25958], [8.98792, 48.25708], [8.98958, 48.25542], [8.99625, 48.25208], [8.99625, 48.24958], [8.99792, 48.24708], [8.98625, 48.24708], [8.98792, 48.24375], [8.99042, 48.24375], [8.99208, 48.24042], [8.99208, 48.23625], [8.99375, 48.23458], [8.99375, 48.23208], [8.99875, 48.22958], [8.99875, 48.22375], [8.99625, 48.22375], [8.99542, 48.22125], [8.99208, 48.22042], [8.99208, 48.21792], [8.99375, 48.21542], [8.99208, 48.21208], [8.99208, 48.20792], [8.98875, 48.20292], [8.99125, 48.20125], [8.99708, 48.20125], [8.99875, 48.20292], [9.00375, 48.20292], [9.00458, 48.20042], [9.00875, 48.20042], [9.00875, 48.19458], [9.00542, 48.19292], [9.00125, 48.19292], [8.99792, 48.18958], [8.99292, 48.18875], [8.99125, 48.18458], [8.98875, 48.18375], [8.97708, 48.18708], [8.97208, 48.18708], [8.97208, 48.18542], [8.96958, 48.18292], [8.97208, 48.18042], [8.96958, 48.17792], [8.96958, 48.17542], [8.96125, 48.17542], [8.95875, 48.17375], [8.95542, 48.17458], [8.94958, 48.17958], [8.94708, 48.18042], [8.94542, 48.18125], [8.94708, 48.18458], [8.94708, 48.18792], [8.94375, 48.19375], [8.94042, 48.19208], [8.93792, 48.18958], [8.93458, 48.18792], [8.92792, 48.18792], [8.92458, 48.18958], [8.92125, 48.18958], [8.91542, 48.19292], [8.91375, 48.19958], [8.90958, 48.19958], [8.90792, 48.19542], [8.90542, 48.19292], [8.90125, 48.19125], [8.89792, 48.19125], [8.89792, 48.19625], [8.89542, 48.19708], [8.88708, 48.19708], [8.88792, 48.20125], [8.88958, 48.20458], [8.88625, 48.20792], [8.88292, 48.20625], [8.87542, 48.19875], [8.87542, 48.19625], [8.86875, 48.19042], [8.85875, 48.19042], [8.85458, 48.18958], [8.85208, 48.19042], [8.84708, 48.18958], [8.84708, 48.18208], [8.84625, 48.17875], [8.84292, 48.17875], [8.84292, 48.17625], [8.84125, 48.17458], [8.84042, 48.16958], [8.83625, 48.17042], [8.83542, 48.17208], [8.82958, 48.17458], [8.82708, 48.17708], [8.81958, 48.17708], [8.81875, 48.17542], [8.81375, 48.17542], [8.81125, 48.17625], [8.80875, 48.17958], [8.80292, 48.17958], [8.80542, 48.17625], [8.80542, 48.17042], [8.80292, 48.17208], [8.79875, 48.17208], [8.79792, 48.16958], [8.79458, 48.17042], [8.78792, 48.17708], [8.77208, 48.17708], [8.76792, 48.17542], [8.76292, 48.16958], [8.76292, 48.16625], [8.76125, 48.16375], [8.75625, 48.16125], [8.75708, 48.15625], [8.75208, 48.15042], [8.74958, 48.15042], [8.74958, 48.14625], [8.74542, 48.14375], [8.74458, 48.14042], [8.74792, 48.13958], [8.74792, 48.13625], [8.75042, 48.13208], [8.75625, 48.13458], [8.76125, 48.13458], [8.76458, 48.13292], [8.77042, 48.13292], [8.77458, 48.13208], [8.77542, 48.12875], [8.77792, 48.12625], [8.78125, 48.12542], [8.77875, 48.12042], [8.77625, 48.12125], [8.77042, 48.12125], [8.76792, 48.12042], [8.76542, 48.11792], [8.76625, 48.11458], [8.77208, 48.10958], [8.77375, 48.10958], [8.77375, 48.10458], [8.77292, 48.10292], [8.76292, 48.10292], [8.76042, 48.10125], [8.76042, 48.09875], [8.76292, 48.09792], [8.76208, 48.09292], [8.76042, 48.09042], [8.75958, 48.08625], [8.76208, 48.08375], [8.76208, 48.08208], [8.76958, 48.07458], [8.77208, 48.06792], [8.76792, 48.06375], [8.76792, 48.06125], [8.76125, 48.05375], [8.76208, 48.05208], [8.75708, 48.05042], [8.75292, 48.05042], [8.74958, 48.05292], [8.74542, 48.05208], [8.74125, 48.05292], [8.74042, 48.05042], [8.73958, 48.05375], [8.72708, 48.05542], [8.72042, 48.05542], [8.71875, 48.05458], [8.71375, 48.05708], [8.70792, 48.05708], [8.70542, 48.05792], [8.70292, 48.06042], [8.70125, 48.06375], [8.69708, 48.06375], [8.68708, 48.06792], [8.68208, 48.06792], [8.67958, 48.06542], [8.67625, 48.06375], [8.67292, 48.06375], [8.67292, 48.05875], [8.66958, 48.05875], [8.66875, 48.05542], [8.66375, 48.05625], [8.65792, 48.05375], [8.64375, 48.05375], [8.64125, 48.05708], [8.63708, 48.05792], [8.63375, 48.05958], [8.62958, 48.06042], [8.62625, 48.05708], [8.62125, 48.05458], [8.61625, 48.05458], [8.61625, 48.04625], [8.61125, 48.04458], [8.61375, 48.04208], [8.61375, 48.03542], [8.61375, 48.03458], [8.57292, 48.03458], [8.56792, 48.03708], [8.57208, 48.03958], [8.57458, 48.04208], [8.57375, 48.04625], [8.56958, 48.04625], [8.56875, 48.04792], [8.56042, 48.04792], [8.55542, 48.04875], [8.55458, 48.04708], [8.55042, 48.04708], [8.54875, 48.04458], [8.54292, 48.04458], [8.54125, 48.04375], [8.54042, 48.03792], [8.53625, 48.03458], [8.53125, 48.03292], [8.53125, 48.03125], [8.52458, 48.02958], [8.52375, 48.02458], [8.51958, 48.02292], [8.51958, 48.02125], [8.50875, 48.02375], [8.50708, 48.01958], [8.50042, 48.01958], [8.49875, 48.01792], [8.49292, 48.01792], [8.48958, 48.01958], [8.48625, 48.01958], [8.49042, 48.02292], [8.49375, 48.02375], [8.49625, 48.02625], [8.49625, 48.02875], [8.49792, 48.03042], [8.49708, 48.03542], [8.49542, 48.03708], [8.49208, 48.03792], [8.49125, 48.03958], [8.48625, 48.04292], [8.48708, 48.04875], [8.48292, 48.05042], [8.48292, 48.05292], [8.48042, 48.05542], [8.48042, 48.05792], [8.48292, 48.05958], [8.48292, 48.06292], [8.48542, 48.06458], [8.49208, 48.06542], [8.49958, 48.06542], [8.50125, 48.06708], [8.49958, 48.07042], [8.50375, 48.07625], [8.50792, 48.07875], [8.50792, 48.08458], [8.50708, 48.08625], [8.49792, 48.08625], [8.49625, 48.08875], [8.49208, 48.08958], [8.48542, 48.09542], [8.47958, 48.09542], [8.47458, 48.09375], [8.47375, 48.09208], [8.46958, 48.09125], [8.46875, 48.08958], [8.45958, 48.08958], [8.45792, 48.09208], [8.45458, 48.09292], [8.44875, 48.09292], [8.44208, 48.10042], [8.44208, 48.10792], [8.43958, 48.11042], [8.43625, 48.10875], [8.42958, 48.10792], [8.42625, 48.10625], [8.42042, 48.10208], [8.41708, 48.10208], [8.41625, 48.10375], [8.41292, 48.10375], [8.41292, 48.10458], [8.41458, 48.10542], [8.41375, 48.10875], [8.40292, 48.10875], [8.40292, 48.11208], [8.40458, 48.11292], [8.40458, 48.11792], [8.40042, 48.11958], [8.40042, 48.12792], [8.39875, 48.13292], [8.39542, 48.13292], [8.39208, 48.13458], [8.38958, 48.13458], [8.38875, 48.13958], [8.38375, 48.13875], [8.38375, 48.14375], [8.37958, 48.14458], [8.37625, 48.14625], [8.37458, 48.14958], [8.36875, 48.14875], [8.36625, 48.15125], [8.36458, 48.15458], [8.35625, 48.15542], [8.35042, 48.15042], [8.34458, 48.14875], [8.34292, 48.15042], [8.33875, 48.15042], [8.33708, 48.14875], [8.33292, 48.14708], [8.33375, 48.14375], [8.33208, 48.14125], [8.32708, 48.14208], [8.31708, 48.14208], [8.31708, 48.14125], [8.30792, 48.14125], [8.30542, 48.13958], [8.29792, 48.13875], [8.29792, 48.13625], [8.29292, 48.13042], [8.29208, 48.12542], [8.29208, 48.12042], [8.28375, 48.12042], [8.28208, 48.11958], [8.28208, 48.11292], [8.27708, 48.11125], [8.27542, 48.10875], [8.27542, 48.10458], [8.27792, 48.10208], [8.27542, 48.09958], [8.26875, 48.09958], [8.25792, 48.09792], [8.25458, 48.09542], [8.25542, 48.09208], [8.25042, 48.09125], [8.24708, 48.08875], [8.24625, 48.08542], [8.24042, 48.08542], [8.23875, 48.08375], [8.23458, 48.08375], [8.23292, 48.08125], [8.22292, 48.08125], [8.21625, 48.08042], [8.21708, 48.08292], [8.21375, 48.08542], [8.21042, 48.08458], [8.20542, 48.08458], [8.20208, 48.08708], [8.19875, 48.08792], [8.19792, 48.08958], [8.19208, 48.08875], [8.18875, 48.08958], [8.19042, 48.09375], [8.18625, 48.09542], [8.18458, 48.09708], [8.18458, 48.10042], [8.18292, 48.10125], [8.17542, 48.10125], [8.17458, 48.10292], [8.16875, 48.10042], [8.16542, 48.10042], [8.16208, 48.09708], [8.15458, 48.09708], [8.15208, 48.09458], [8.15375, 48.09208], [8.15375, 48.08958], [8.15625, 48.08708], [8.15875, 48.08625], [8.16042, 48.08375], [8.16125, 48.07958], [8.16625, 48.07708], [8.16625, 48.07458], [8.16875, 48.07375], [8.16875, 48.06542], [8.17458, 48.06292], [8.17458, 48.05042], [8.17542, 48.05042], [8.17542, 48.03625], [8.17625, 48.03208], [8.17958, 48.03042], [8.17792, 48.02792], [8.18125, 48.02458], [8.18625, 48.02458], [8.19125, 48.02125], [8.19625, 48.02125], [8.19875, 48.01958], [8.19958, 48.01708], [8.20625, 48.01708], [8.20208, 48.01542], [8.20292, 48.01292], [8.20292, 48.00542], [8.19958, 48.00542], [8.19875, 48.00208], [8.19542, 47.99958], [8.19542, 47.99792], [8.19292, 47.99542], [8.19208, 47.99292], [8.19458, 47.99042], [8.19458, 47.98542], [8.19625, 47.98375], [8.19375, 47.98125], [8.19375, 47.97625], [8.19708, 47.97542], [8.20208, 47.97208], [8.21375, 47.97208], [8.21708, 47.97125], [8.21708, 47.96958], [8.22125, 47.96542], [8.22708, 47.96542], [8.22792, 47.96125], [8.22958, 47.96042], [8.23708, 47.95292], [8.23708, 47.95208], [8.24708, 47.95208], [8.25208, 47.95292], [8.24875, 47.94708], [8.24958, 47.94458], [8.25208, 47.94375], [8.26125, 47.94375], [8.26375, 47.94292], [8.26708, 47.93958], [8.27208, 47.93958], [8.27375, 47.93792], [8.29292, 47.93792], [8.29458, 47.93958], [8.31292, 47.93958], [8.31458, 47.93792], [8.31958, 47.93792], [8.32292, 47.93625], [8.32458, 47.93375], [8.32875, 47.93375], [8.33208, 47.93208], [8.33542, 47.93208], [8.33958, 47.93042], [8.34542, 47.93042], [8.34625, 47.92875], [8.35208, 47.92542], [8.35625, 47.92542], [8.35708, 47.92375], [8.36292, 47.92292], [8.36375, 47.92125], [8.36792, 47.92125], [8.37375, 47.91875], [8.37375, 47.92208], [8.37958, 47.92208], [8.38292, 47.92375], [8.38792, 47.91958], [8.39125, 47.91792], [8.39875, 47.91792], [8.40458, 47.91625], [8.40625, 47.91458], [8.41208, 47.91458], [8.41542, 47.91292], [8.41875, 47.91458], [8.42375, 47.91292], [8.42375, 47.91042], [8.42708, 47.91042], [8.42792, 47.90792], [8.43125, 47.90458], [8.43125, 47.90125], [8.43458, 47.90042], [8.43292, 47.89292], [8.42958, 47.89125], [8.43208, 47.88958], [8.43625, 47.88958], [8.43792, 47.88792], [8.44125, 47.88792], [8.44542, 47.88625], [8.44708, 47.88875], [8.45792, 47.89125], [8.46458, 47.89208], [8.46792, 47.88958], [8.46958, 47.88708], [8.47375, 47.88708], [8.47625, 47.88458], [8.48042, 47.88375], [8.48292, 47.88125], [8.48542, 47.88042], [8.49042, 47.88292], [8.49125, 47.88458], [8.49458, 47.88625], [8.49875, 47.88708], [8.49875, 47.88958], [8.50542, 47.88958], [8.51292, 47.88958], [8.51958, 47.88875], [8.52375, 47.88708], [8.52625, 47.88375], [8.52792, 47.88375], [8.52708, 47.88042], [8.51875, 47.88042], [8.51792, 47.87625], [8.51958, 47.87458], [8.51958, 47.87125], [8.52292, 47.86792], [8.52125, 47.86625], [8.52125, 47.85958], [8.52625, 47.85708], [8.52625, 47.85375], [8.52875, 47.85042], [8.53542, 47.85042], [8.53625, 47.84458], [8.53875, 47.84208], [8.53708, 47.84125], [8.53792, 47.83542], [8.54042, 47.83208], [8.54542, 47.83125], [8.54708, 47.82875], [8.55708, 47.82875], [8.56042, 47.82958], [8.56042, 47.82292], [8.56708, 47.82125], [8.57208, 47.82208], [8.57458, 47.82042], [8.57792, 47.82042], [8.58042, 47.81708], [8.58042, 47.81458], [8.58208, 47.81208], [8.58792, 47.81208], [8.59458, 47.81292], [8.59875, 47.81208], [8.60458, 47.81208], [8.60958, 47.81125], [8.61208, 47.81458], [8.61458, 47.81458], [8.61792, 47.81792], [8.62208, 47.81792], [8.62625, 47.82208], [8.62625, 47.82375], [8.63208, 47.83042], [8.63458, 47.83208], [8.64292, 47.83208], [8.64958, 47.83458], [8.65375, 47.83458], [8.65708, 47.83625], [8.65708, 47.83792], [8.66042, 47.84125], [8.66375, 47.84208], [8.66375, 47.84375], [8.66792, 47.84708], [8.67875, 47.84708], [8.68542, 47.85042], [8.68708, 47.85208], [8.69042, 47.85208], [8.69208, 47.85542], [8.70042, 47.85708], [8.70542, 47.85875], [8.71042, 47.85875], [8.71375, 47.86125], [8.71375, 47.86542], [8.71208, 47.86708], [8.70292, 47.86708], [8.70125, 47.86792], [8.69958, 47.87125], [8.69958, 47.87458], [8.70292, 47.87708], [8.70792, 47.87708], [8.71042, 47.87875], [8.71792, 47.87958], [8.72708, 47.88375], [8.72708, 47.88708], [8.72542, 47.88875], [8.72875, 47.89292], [8.72958, 47.89542], [8.72875, 47.89875], [8.72875, 47.90375], [8.72542, 47.90792], [8.72875, 47.90958], [8.72875, 47.91208], [8.73375, 47.91292], [8.73875, 47.91292], [8.74042, 47.91625], [8.74042, 47.91875], [8.73875, 47.92125], [8.74458, 47.92125], [8.74542, 47.91958], [8.74958, 47.92042], [8.75208, 47.91792], [8.75542, 47.91708], [8.75875, 47.91458], [8.76125, 47.91125], [8.76375, 47.91125], [8.76458, 47.91375], [8.76708, 47.91625], [8.77125, 47.91542], [8.77125, 47.91375], [8.77792, 47.91042], [8.78042, 47.91125], [8.78625, 47.91708], [8.78875, 47.91708], [8.78958, 47.91958], [8.79375, 47.92042], [8.79958, 47.92042], [8.80042, 47.92375], [8.79875, 47.92458], [8.80375, 47.92958], [8.80458, 47.93292], [8.81125, 47.92958], [8.81708, 47.92958], [8.81958, 47.93125], [8.82125, 47.92792], [8.82792, 47.92792], [8.83208, 47.92708], [8.83292, 47.92542], [8.83708, 47.92458], [8.84208, 47.92458], [8.84542, 47.92292], [8.85042, 47.92292], [8.85458, 47.92542], [8.85958, 47.92542], [8.86458, 47.92708], [8.87042, 47.92625], [8.87292, 47.92875], [8.87625, 47.93042], [8.88292, 47.93042], [8.88458, 47.93125], [8.88458, 47.93458], [8.88958, 47.93625], [8.89208, 47.93458], [8.89792, 47.93458], [8.90208, 47.93792], [8.90625, 47.93958], [8.90708, 47.94042], [8.91458, 47.94042], [8.91708, 47.93792], [8.92042, 47.93708], [8.92042, 47.93542], [8.92792, 47.93542], [8.93458, 47.93458], [8.93792, 47.93208], [8.94042, 47.93375], [8.94292, 47.93125], [8.94625, 47.93042], [8.95125, 47.92708], [8.95708, 47.92125], [8.96125, 47.91458], [8.96625, 47.91375], [8.97458, 47.91708], [8.98125, 47.91708], [8.98208, 47.92125], [8.99208, 47.92625], [8.99292, 47.93042], [8.99708, 47.93375], [8.99708, 47.93708], [8.99875, 47.93875], [9.00375, 47.93708], [9.01458, 47.93708], [9.01458, 47.93875], [9.01792, 47.93958], [9.02542, 47.93875], [9.02708, 47.93708], [9.02708, 47.93458], [9.02542, 47.93292], [9.02875, 47.92958], [9.03292, 47.92958], [9.03292, 47.93125], [9.04542, 47.93125], [9.04792, 47.92958], [9.04708, 47.92625], [9.04792, 47.91875], [9.05292, 47.91792], [9.05208, 47.91458], [9.05208, 47.90958], [9.04958, 47.90958], [9.04375, 47.90375], [9.04542, 47.90125], [9.05125, 47.90125], [9.05625, 47.89958], [9.05625, 47.89375], [9.05792, 47.89208], [9.06292, 47.89208], [9.06458, 47.88875], [9.06542, 47.88292], [9.06875, 47.88292], [9.07042, 47.88542], [9.07458, 47.88625], [9.08125, 47.87958], [9.08375, 47.87875], [9.08625, 47.88125], [9.09292, 47.88125], [9.09792, 47.88042], [9.09875, 47.87875], [9.11125, 47.87875], [9.11875, 47.87292], [9.12208, 47.87292], [9.12458, 47.87042], [9.12708, 47.87292], [9.13875, 47.87292], [9.13875, 47.87458], [9.14625, 47.87458], [9.14625, 47.87875], [9.14792, 47.87958], [9.14958, 47.88375], [9.14958, 47.88708], [9.15125, 47.88958], [9.15542, 47.89208], [9.15708, 47.89625], [9.16125, 47.89958], [9.16375, 47.89958], [9.16792, 47.90458], [9.17292, 47.90708], [9.17458, 47.91042], [9.17208, 47.91292], [9.17208, 47.91458], [9.17375, 47.91625], [9.18208, 47.91625], [9.18875, 47.91125], [9.19292, 47.91208], [9.19292, 47.91375], [9.19542, 47.91625], [9.19875, 47.91625], [9.20125, 47.91875], [9.20708, 47.91958], [9.20958, 47.91625], [9.21625, 47.91625], [9.22208, 47.91458], [9.23208, 47.91458], [9.23708, 47.91625], [9.24042, 47.91625], [9.24125, 47.91208], [9.24625, 47.90875], [9.24958, 47.90792], [9.25042, 47.90125], [9.25208, 47.90042], [9.25208, 47.89458], [9.25458, 47.89292], [9.25792, 47.89292], [9.26125, 47.89208], [9.26292, 47.88958], [9.26625, 47.88958], [9.26792, 47.88625], [9.27042, 47.88542], [9.27958, 47.87708], [9.28125, 47.87375], [9.28458, 47.87292], [9.28542, 47.87125], [9.28875, 47.87125], [9.29375, 47.86958], [9.29542, 47.86708], [9.29875, 47.86708], [9.30042, 47.86542], [9.30042, 47.86208], [9.30208, 47.85958], [9.30708, 47.85875], [9.31125, 47.86208], [9.31458, 47.86292], [9.31542, 47.86458], [9.32042, 47.86458], [9.32208, 47.86875], [9.32458, 47.87125], [9.32792, 47.87125], [9.33042, 47.86792], [9.33625, 47.86792], [9.33708, 47.86375], [9.33875, 47.86292], [9.33958, 47.85875], [9.34625, 47.85542], [9.36042, 47.84542], [9.36208, 47.84542], [9.36792, 47.83958], [9.37292, 47.83542], [9.37958, 47.83458], [9.38292, 47.83542], [9.38625, 47.83208], [9.39292, 47.82792], [9.39375, 47.82542], [9.39958, 47.82542], [9.39958, 47.82958], [9.40208, 47.83125], [9.40625, 47.83208], [9.40875, 47.84042], [9.40875, 47.84292], [9.40542, 47.84458], [9.40292, 47.84792], [9.40708, 47.84875], [9.41125, 47.85292], [9.41375, 47.85375], [9.41375, 47.85708], [9.41792, 47.86125], [9.42208, 47.86125], [9.42208, 47.86375], [9.42625, 47.86625], [9.43042, 47.86542], [9.43208, 47.86708], [9.43625, 47.86708], [9.43958, 47.86875], [9.44208, 47.86625], [9.44625, 47.86792], [9.44958, 47.86792], [9.45208, 47.86625], [9.45208, 47.86375], [9.45542, 47.86208], [9.45792, 47.86292], [9.46292, 47.86292], [9.46292, 47.85958], [9.46458, 47.85708], [9.47042, 47.85292], [9.47042, 47.85042], [9.47708, 47.84958], [9.48542, 47.84958], [9.48958, 47.84708], [9.49208, 47.84875], [9.48792, 47.85292], [9.48708, 47.85708], [9.49042, 47.85792], [9.49292, 47.86042], [9.49958, 47.86292], [9.50042, 47.86875], [9.49875, 47.86958], [9.49792, 47.87458], [9.50042, 47.87625], [9.50042, 47.87958], [9.49875, 47.88292], [9.49542, 47.88708], [9.48875, 47.88625], [9.48292, 47.88958], [9.47875, 47.89375], [9.47875, 47.89708], [9.48125, 47.89958], [9.47875, 47.90208], [9.47375, 47.90542], [9.46958, 47.90958], [9.46625, 47.91042], [9.46625, 47.91375], [9.46292, 47.91375], [9.46208, 47.91542], [9.45875, 47.91542], [9.45625, 47.91792], [9.45792, 47.92625], [9.45792, 47.93125], [9.45958, 47.93458], [9.46292, 47.93625], [9.46208, 47.94208], [9.46542, 47.94375], [9.46875, 47.94375], [9.47042, 47.94792], [9.47042, 47.95208], [9.46625, 47.95625], [9.46792, 47.95625], [9.46792, 47.95875], [9.47208, 47.96125], [9.47208, 47.96292], [9.47542, 47.96375], [9.47542, 47.96625], [9.48125, 47.96708], [9.48292, 47.96875], [9.48708, 47.96958], [9.49625, 47.97292], [9.50042, 47.97292], [9.50458, 47.97792], [9.50708, 47.97875], [9.50792, 47.98208], [9.51208, 47.98625], [9.51792, 47.98542], [9.52042, 47.98292], [9.52125, 47.97958], [9.52708, 47.97958], [9.53292, 47.98125], [9.53542, 47.98292], [9.53708, 47.98625], [9.53708, 47.98875], [9.53125, 47.99375], [9.53625, 47.99875], [9.54042, 47.99875], [9.54208, 48.00125], [9.54875, 48.00292], [9.55708, 48.00292], [9.55875, 48.00542], [9.56375, 48.00375], [9.56792, 48.00375], [9.57042, 48.00208], [9.57542, 48.00208], [9.57875, 47.99708], [9.58458, 47.99292], [9.59042, 47.99292], [9.59375, 47.99042], [9.59708, 47.99042], [9.59708, 47.98792], [9.60542, 47.98792], [9.60792, 47.99042], [9.61042, 47.98292], [9.61292, 47.98042], [9.61458, 47.98292], [9.62208, 47.98125], [9.62375, 47.98375], [9.62792, 47.98375], [9.63125, 47.98792], [9.62958, 47.99625], [9.63125, 47.99875], [9.63125, 48.00208], [9.63458, 48.00458], [9.63458, 48.00708], [9.63875, 48.01042], [9.64208, 48.01208], [9.64458, 48.01208], [9.64542, 48.01542], [9.64708, 48.01708], [9.65125, 48.01875], [9.65125, 48.02042], [9.65542, 48.02375], [9.65958, 48.02375], [9.66292, 48.02125], [9.67125, 48.02125], [9.67208, 48.02292], [9.67875, 48.02292], [9.68292, 48.02208], [9.68875, 48.02208], [9.69125, 48.02125], [9.69125, 48.01708], [9.69542, 48.01792], [9.70208, 48.01708], [9.70292, 48.01458], [9.71042, 48.01375], [9.71042, 48.00792], [9.70958, 48.00458], [9.70542, 48.00125], [9.70375, 48.00125], [9.70375, 47.99625], [9.70042, 47.99458], [9.69958, 47.99125], [9.69708, 47.98875], [9.69708, 47.98625], [9.69208, 47.98625], [9.69125, 47.98208], [9.69542, 47.97708], [9.69542, 47.97125], [9.69375, 47.96708], [9.69625, 47.96458], [9.70375, 47.96458], [9.70708, 47.96292], [9.70708, 47.95875], [9.71042, 47.95708], [9.71042, 47.95292], [9.71375, 47.95208], [9.71875, 47.95208], [9.72375, 47.95292], [9.72542, 47.95042], [9.73042, 47.95042], [9.73125, 47.94875], [9.73625, 47.94875], [9.73375, 47.94292], [9.73708, 47.93958], [9.74375, 47.94042], [9.74542, 47.94292], [9.74958, 47.94292], [9.75042, 47.94542], [9.75625, 47.94625], [9.75958, 47.94792], [9.76458, 47.95292], [9.76708, 47.95375], [9.76875, 47.95792], [9.77375, 47.95792], [9.78125, 47.95208], [9.78208, 47.94375], [9.79208, 47.94375], [9.79375, 47.94375], [9.79375, 47.93958], [9.79125, 47.93625], [9.78625, 47.93542], [9.78208, 47.92958], [9.78208, 47.92125], [9.78375, 47.92125], [9.78375, 47.91458], [9.78292, 47.91125], [9.78458, 47.90958], [9.78208, 47.90708], [9.78292, 47.90042], [9.78458, 47.89875], [9.78458, 47.89625], [9.78125, 47.89458], [9.78375, 47.89042], [9.78375, 47.88458], [9.78458, 47.88375], [9.78292, 47.87625], [9.78625, 47.87625], [9.78875, 47.87458], [9.78875, 47.87042], [9.79042, 47.86708], [9.79292, 47.86625], [9.79292, 47.86292], [9.79708, 47.85958], [9.79708, 47.85458], [9.79875, 47.85125], [9.80125, 47.85042], [9.80292, 47.84792], [9.80625, 47.84792], [9.80375, 47.84458], [9.79958, 47.84458], [9.79875, 47.83958], [9.80208, 47.83542], [9.80792, 47.83542], [9.80958, 47.83875], [9.81292, 47.83875], [9.81542, 47.84042], [9.81708, 47.84375], [9.82625, 47.84375], [9.82958, 47.84708], [9.83708, 47.84625], [9.84792, 47.84625], [9.85292, 47.84708], [9.86208, 47.84708], [9.86458, 47.84875], [9.86875, 47.84875], [9.87208, 47.84708], [9.87625, 47.84625], [9.88542, 47.84625], [9.88625, 47.84792], [9.89125, 47.84875], [9.89375, 47.84458], [9.89875, 47.84458], [9.89875, 47.84208], [9.90458, 47.84208], [9.90625, 47.83958], [9.90625, 47.83625], [9.90875, 47.83458], [9.90875, 47.83125], [9.91375, 47.82875], [9.91458, 47.83042], [9.91792, 47.83042], [9.91792, 47.82792], [9.91958, 47.82458], [9.91958, 47.81708], [9.91792, 47.81542], [9.91375, 47.80875], [9.91375, 47.80208], [9.90958, 47.80125], [9.90875, 47.79542], [9.90958, 47.79292], [9.90958, 47.78542], [9.90875, 47.77958], [9.90958, 47.77625], [9.91625, 47.77625], [9.91958, 47.78208], [9.92542, 47.78375], [9.93125, 47.78375], [9.93292, 47.78542], [9.93292, 47.78792], [9.93625, 47.79042], [9.94042, 47.79042], [9.94208, 47.79208], [9.94958, 47.79208], [9.95292, 47.79375], [9.95458, 47.79708], [9.95708, 47.79708], [9.95792, 47.79958], [9.96208, 47.79958], [9.96458, 47.79958], [9.96625, 47.79625], [9.97042, 47.79708], [9.97625, 47.79708], [9.97708, 47.80125], [9.97958, 47.80125], [9.98875, 47.79542], [9.98875, 47.79292], [9.98708, 47.79125], [9.98708, 47.78792], [9.99042, 47.78625], [9.99125, 47.78375], [9.99375, 47.78125], [9.99125, 47.78042], [9.99125, 47.77375], [9.99625, 47.77292], [9.99625, 47.77125], [10.00458, 47.77125], [10.00958, 47.76958], [10.01042, 47.76792], [10.01458, 47.76708], [10.01458, 47.76458], [10.01708, 47.75958], [10.01625, 47.75792], [10.01958, 47.75542], [10.01792, 47.75208], [10.01542, 47.74958], [10.01458, 47.74375], [10.01125, 47.74042], [10.01125, 47.73875], [10.00792, 47.73542], [10.00708, 47.73208], [10.02292, 47.73208], [10.02458, 47.73292], [10.02208, 47.73542], [10.02208, 47.73958], [10.02875, 47.73958], [10.03458, 47.74542], [10.04125, 47.74542], [10.04375, 47.74792], [10.04458, 47.75208], [10.04708, 47.75375], [10.04792, 47.75625], [10.05292, 47.75625], [10.05458, 47.76125], [10.05958, 47.76042], [10.07708, 47.76042], [10.08375, 47.76125], [10.08375, 47.75958], [10.09208, 47.75875], [10.09292, 47.75708], [10.09708, 47.75625], [10.09708, 47.75458], [10.10042, 47.75375], [10.10208, 47.75125], [10.10208, 47.74792], [10.10042, 47.74625], [10.09958, 47.74042], [10.09458, 47.73708], [10.09292, 47.73708], [10.09292, 47.73208], [10.09792, 47.72792], [10.10125, 47.72625], [10.10042, 47.72292], [10.10208, 47.72042], [10.10208, 47.71708], [10.10042, 47.71208], [10.09542, 47.70375], [10.09958, 47.70292], [10.10208, 47.69625], [10.10708, 47.69042], [10.11042, 47.68875], [10.11208, 47.68958], [10.12042, 47.68958], [10.12292, 47.69208], [10.12542, 47.69208], [10.13042, 47.68875], [10.13292, 47.68625], [10.13875, 47.68625], [10.14292, 47.68875], [10.14792, 47.68875], [10.15042, 47.69042], [10.15625, 47.69042], [10.16208, 47.69292], [10.17042, 47.69292], [10.17458, 47.69375], [10.17958, 47.69375], [10.18208, 47.69625], [10.18292, 47.69875], [10.18875, 47.69958], [10.19042, 47.70208], [10.19458, 47.69792], [10.20125, 47.69792], [10.20375, 47.69708], [10.20625, 47.70042], [10.21208, 47.69875], [10.21458, 47.69625], [10.21458, 47.69208], [10.21958, 47.68708], [10.21625, 47.68458], [10.21625, 47.67958], [10.21292, 47.67875], [10.21292, 47.67458], [10.21042, 47.67125], [10.20542, 47.66875], [10.20375, 47.66542], [10.20375, 47.66042], [10.20625, 47.66125], [10.21542, 47.66125], [10.21875, 47.66458], [10.22375, 47.66458], [10.22625, 47.65958], [10.23042, 47.65958], [10.23042, 47.65708], [10.22542, 47.65208], [10.22542, 47.64875], [10.22292, 47.64292], [10.22375, 47.63875], [10.22042, 47.63792], [10.21542, 47.63792], [10.20708, 47.63458], [10.20625, 47.63292], [10.19958, 47.63292], [10.19542, 47.63125], [10.19542, 47.62792], [10.18958, 47.62708], [10.18625, 47.62375], [10.18208, 47.62458], [10.17542, 47.62458], [10.17042, 47.62375], [10.16625, 47.62125], [10.17042, 47.61708], [10.17292, 47.61708], [10.17958, 47.61042], [10.18042, 47.60542], [10.18375, 47.60375], [10.18375, 47.60125], [10.18208, 47.59542], [10.18042, 47.59542], [10.18042, 47.59125], [10.17875, 47.58875], [10.17292, 47.58708], [10.15542, 47.58708], [10.15208, 47.58292], [10.14625, 47.58375], [10.14292, 47.58042], [10.13708, 47.58042], [10.13125, 47.57958], [10.11875, 47.57708], [10.10542, 47.57292], [10.09542, 47.57125], [10.08958, 47.57125], [10.08542, 47.57042], [10.08375, 47.57292], [10.07792, 47.57542], [10.07292, 47.57542], [10.07042, 47.57625], [10.06375, 47.58042], [10.05625, 47.58042], [10.05208, 47.57958], [10.04625, 47.57708], [10.04375, 47.57375], [10.03958, 47.57375], [10.03958, 47.57042], [10.03458, 47.56542], [10.03208, 47.56375], [10.02958, 47.55958], [10.02958, 47.55708], [10.03292, 47.55375], [10.03542, 47.55458], [10.04042, 47.55458], [10.04375, 47.55375], [10.04708, 47.55042], [10.04708, 47.54708], [10.04875, 47.54375], [10.05375, 47.54375], [10.05792, 47.54125], [10.06125, 47.54208], [10.06792, 47.54125], [10.07208, 47.53958], [10.08292, 47.53958], [10.08625, 47.53625], [10.08625, 47.53292], [10.08292, 47.52958], [10.08375, 47.52792], [10.09625, 47.52792], [10.09708, 47.52958], [10.10208, 47.53208], [10.10708, 47.53375], [10.11542, 47.53375], [10.11625, 47.53542], [10.11958, 47.53542], [10.12458, 47.53875], [10.12875, 47.54042], [10.13292, 47.54042], [10.13458, 47.54208], [10.13792, 47.54125], [10.14292, 47.54125], [10.14375, 47.54292], [10.14792, 47.54375], [10.15042, 47.54625], [10.16208, 47.54625], [10.16625, 47.54958], [10.16958, 47.54958], [10.17042, 47.54625], [10.17542, 47.54292], [10.17458, 47.53958], [10.16875, 47.53375], [10.16625, 47.53375], [10.16542, 47.53125], [10.16542, 47.52458], [10.16292, 47.52375], [10.16208, 47.52042], [10.15958, 47.51708], [10.15875, 47.51708], [10.15292, 47.51458], [10.15042, 47.51208], [10.14708, 47.51042], [10.13042, 47.51042], [10.12708, 47.50708], [10.12042, 47.50375], [10.11208, 47.50375], [10.10542, 47.50208], [10.10042, 47.50208], [10.09542, 47.50125], [10.09542, 47.49958], [10.09042, 47.49708], [10.08208, 47.49708], [10.07958, 47.49542], [10.08042, 47.49375], [10.08542, 47.49292], [10.08708, 47.48958], [10.10708, 47.48958], [10.10708, 47.48792], [10.11125, 47.48375], [10.11292, 47.48042], [10.11708, 47.47875], [10.12458, 47.47875], [10.12458, 47.47958], [10.13542, 47.47958], [10.13875, 47.47792], [10.13958, 47.47542], [10.13958, 47.47042], [10.14708, 47.46542], [10.15542, 47.46208], [10.15792, 47.45625], [10.16208, 47.45375], [10.15958, 47.45375], [10.15875, 47.44958], [10.17458, 47.43375], [10.17542, 47.42792], [10.17958, 47.42542], [10.17875, 47.42542], [10.17542, 47.42208], [10.17708, 47.41708], [10.17375, 47.41375], [10.17208, 47.41458], [10.16708, 47.41958], [10.16375, 47.42125], [10.15375, 47.42292], [10.14708, 47.42292], [10.14125, 47.42042], [10.14125, 47.41708], [10.13875, 47.41542], [10.13792, 47.41125], [10.13458, 47.40792], [10.13375, 47.40375], [10.13458, 47.40208], [10.13875, 47.39875], [10.13875, 47.39292], [10.13625, 47.39042], [10.14125, 47.38875], [10.14792, 47.38875], [10.14958, 47.38458], [10.14708, 47.38375], [10.13542, 47.38375], [10.13042, 47.38458], [10.12875, 47.38292], [10.12958, 47.37708], [10.12708, 47.37542], [10.11625, 47.37542], [10.11458, 47.37625], [10.11125, 47.37292], [10.11125, 47.37125], [10.10875, 47.36958], [10.10875, 47.36708], [10.10542, 47.36375], [10.10208, 47.36458], [10.10208, 47.36208], [10.09958, 47.35875], [10.10125, 47.35792], [10.10125, 47.35458], [10.09875, 47.35292], [10.09625, 47.35375], [10.09292, 47.35292], [10.07625, 47.35292], [10.07292, 47.35125], [10.07208, 47.34708], [10.06875, 47.34542], [10.06875, 47.34292], [10.07208, 47.34042], [10.07208, 47.33542], [10.07042, 47.33125], [10.07375, 47.32792], [10.07542, 47.32792], [10.07958, 47.32375], [10.08125, 47.32375], [10.08125, 47.32125], [10.08292, 47.31958], [10.08458, 47.30958], [10.08458, 47.30458], [10.08042, 47.30375], [10.07708, 47.30042], [10.07875, 47.29708], [10.08375, 47.29458], [10.08875, 47.29375], [10.08875, 47.28875], [10.09042, 47.28708], [10.09042, 47.28292], [10.09208, 47.28125], [10.09792, 47.27875], [10.10042, 47.27625], [10.10042, 47.27375], [10.10292, 47.27292], [10.11042, 47.27292], [10.11542, 47.27458], [10.12208, 47.27292], [10.12792, 47.27292], [10.13125, 47.27042], [10.13125, 47.26708], [10.12708, 47.26208], [10.13792, 47.25125], [10.13958, 47.25125], [10.14375, 47.24708], [10.13375, 47.23708], [10.13458, 47.23375], [10.13208, 47.23375], [10.12958, 47.22958], [10.12292, 47.22958], [10.11875, 47.23125], [10.11708, 47.22958], [10.11042, 47.22958], [10.10708, 47.23042], [10.10208, 47.23042], [10.10208, 47.22625], [10.09292, 47.22625], [10.08875, 47.22875], [10.08458, 47.22708], [10.07625, 47.22708], [10.07542, 47.22875], [10.05375, 47.22875], [10.04875, 47.22708], [10.04875, 47.22208], [10.04542, 47.21708], [10.04375, 47.21625], [10.04375, 47.21042], [10.04042, 47.20792], [10.03542, 47.20875], [10.02458, 47.20875], [10.01958, 47.20958], [10.01625, 47.20792], [10.01625, 47.20625], [10.01375, 47.20458], [10.01792, 47.19792], [10.01292, 47.19208], [10.01292, 47.18792], [10.00875, 47.18292], [10.00292, 47.18292], [9.99958, 47.18708], [9.98792, 47.18708], [9.98375, 47.18625], [9.98125, 47.18458], [9.98042, 47.18125], [9.97792, 47.17875], [9.97208, 47.17792], [9.97042, 47.17458], [9.96458, 47.16875], [9.96958, 47.16792], [9.97125, 47.16625], [9.97458, 47.16625], [9.97792, 47.16458], [9.98375, 47.16458], [9.98625, 47.16292], [9.98958, 47.16292], [9.99542, 47.15792], [10.00292, 47.15708], [10.00625, 47.15458], [10.00875, 47.15625], [10.00542, 47.15958], [10.00625, 47.16542], [10.00875, 47.16792], [10.01125, 47.16875], [10.01625, 47.16875], [10.02042, 47.16375], [10.02458, 47.16375], [10.03042, 47.16958], [10.03042, 47.17292], [10.03958, 47.17208], [10.03958, 47.16458], [10.04542, 47.16375], [10.04625, 47.16042], [10.04958, 47.16042], [10.05292, 47.15875], [10.05292, 47.15625], [10.05458, 47.15458], [10.05792, 47.15458], [10.05958, 47.15708], [10.06542, 47.16042], [10.06875, 47.15875], [10.07292, 47.15875], [10.07625, 47.16042], [10.08042, 47.16458], [10.07875, 47.16792], [10.07625, 47.17042], [10.07625, 47.17375], [10.07875, 47.17625], [10.08208, 47.17708], [10.08958, 47.17708], [10.09292, 47.17458], [10.10208, 47.17458], [10.10458, 47.17625], [10.11375, 47.17625], [10.11458, 47.17458], [10.11958, 47.17292], [10.12792, 47.16792], [10.12792, 47.16375], [10.13042, 47.16375], [10.13292, 47.16208], [10.13375, 47.15958], [10.13708, 47.15875], [10.13708, 47.15542], [10.14042, 47.15458], [10.14375, 47.15208], [10.14792, 47.15208], [10.15792, 47.15542], [10.15958, 47.15708], [10.16625, 47.15708], [10.16792, 47.15542], [10.17208, 47.15542], [10.17542, 47.15792], [10.18125, 47.15792], [10.18625, 47.15375], [10.18958, 47.15375], [10.19208, 47.15542], [10.19458, 47.15458], [10.20625, 47.15458], [10.21125, 47.15542], [10.21208, 47.15792], [10.21542, 47.15708], [10.21708, 47.15542], [10.22125, 47.15375], [10.22208, 47.15125], [10.22042, 47.14792], [10.21708, 47.14625], [10.21458, 47.14375], [10.22042, 47.13875], [10.22042, 47.13625], [10.21708, 47.13292], [10.21458, 47.13292], [10.21292, 47.12958], [10.20708, 47.12958], [10.20042, 47.12875], [10.19708, 47.13042], [10.19292, 47.13042], [10.18792, 47.12625], [10.19125, 47.12292], [10.19042, 47.12125], [10.18708, 47.11958], [10.18208, 47.11958], [10.18042, 47.11875], [10.17625, 47.11958], [10.16458, 47.11958], [10.15625, 47.11125], [10.15625, 47.10875], [10.15458, 47.10542], [10.15292, 47.10542], [10.15208, 47.10208], [10.14958, 47.09958], [10.14542, 47.09708], [10.14125, 47.09708], [10.13708, 47.09375], [10.13708, 47.09125], [10.13542, 47.08875], [10.13792, 47.08625], [10.13458, 47.08458], [10.13292, 47.08125], [10.13292, 47.06958], [10.13208, 47.06792], [10.13458, 47.06542], [10.13458, 47.06375], [10.13875, 47.06375], [10.14292, 47.06125], [10.14958, 47.06125], [10.14958, 47.05958], [10.15292, 47.05625], [10.15375, 47.05375], [10.15125, 47.05125], [10.15125, 47.04875], [10.14875, 47.04792], [10.14792, 47.04208], [10.14625, 47.03958], [10.14792, 47.03792], [10.14292, 47.03625], [10.14375, 47.03208], [10.13958, 47.02875], [10.13375, 47.02875], [10.12958, 47.02625], [10.12792, 47.02375], [10.12458, 47.02375], [10.12542, 47.01875], [10.12875, 47.01792], [10.13208, 47.01292], [10.13458, 47.01458], [10.13875, 47.01458], [10.14208, 47.01292], [10.14708, 47.00792], [10.15458, 47.00542], [10.15458, 47.00375], [10.15792, 47.00042], [10.15792, 46.99708], [10.15458, 46.99375], [10.15458, 46.99125], [10.15208, 46.99292], [10.14958, 46.99042], [10.14542, 46.98958], [10.14542, 46.98708], [10.14042, 46.98208], [10.14125, 46.97625], [10.13958, 46.97292], [10.14125, 46.97042], [10.14125, 46.96708], [10.13458, 46.96042], [10.13458, 46.95458], [10.13208, 46.95208], [10.12625, 46.95125], [10.12708, 46.94792], [10.12625, 46.94292], [10.12125, 46.93792], [10.11542, 46.93792], [10.11208, 46.93708], [10.11125, 46.93375], [10.10875, 46.93375], [10.10542, 46.92875], [10.10208, 46.92875], [10.09708, 46.92708], [10.09708, 46.92458], [10.09875, 46.92208], [10.09708, 46.92042], [10.10125, 46.91625], [10.10208, 46.91292], [10.10792, 46.90708], [10.10875, 46.90542], [10.10708, 46.90292], [10.10958, 46.90042], [10.10875, 46.89458], [10.11125, 46.89375], [10.11375, 46.89125], [10.11375, 46.88958], [10.11792, 46.88458], [10.11958, 46.88458], [10.12375, 46.88042], [10.12792, 46.87958], [10.13375, 46.87458], [10.13875, 46.86958], [10.14042, 46.86958], [10.13958, 46.86625], [10.14042, 46.86208], [10.14292, 46.85958], [10.14292, 46.85208], [10.14375, 46.85125], [10.14458, 46.85125], [10.14375, 46.84875], [10.14042, 46.84708], [10.13458, 46.84792], [10.12125, 46.84792], [10.11958, 46.84458], [10.11458, 46.84458], [10.11292, 46.84208], [10.10458, 46.84042], [10.10458, 46.84208], [10.09708, 46.84875], [10.09292, 46.85042], [10.08292, 46.84042], [10.08292, 46.83625], [10.07958, 46.83542], [10.07375, 46.83542], [10.07125, 46.83375], [10.07042, 46.82958], [10.07292, 46.82708], [10.07125, 46.82458], [10.06375, 46.81958], [10.06375, 46.81708], [10.06208, 46.81542], [10.06208, 46.81292], [10.05125, 46.81292], [10.04792, 46.81208], [10.04375, 46.80958], [10.04375, 46.80625], [10.04208, 46.80458], [10.04125, 46.79458], [10.03958, 46.79458], [10.03625, 46.79208], [10.03625, 46.79125], [10.02875, 46.79125], [10.02458, 46.79458], [10.00958, 46.79458], [10.00958, 46.79375], [9.99958, 46.79375], [9.99625, 46.79042], [9.99375, 46.78958], [9.99125, 46.78458], [9.98958, 46.78375], [9.98792, 46.78042], [9.98792, 46.77208], [9.98208, 46.76625], [9.97875, 46.76625], [9.97792, 46.76792], [9.97375, 46.76792], [9.96875, 46.76458], [9.96542, 46.76125], [9.96625, 46.75625], [9.96458, 46.75458], [9.96125, 46.75458], [9.95958, 46.75292], [9.95542, 46.75292], [9.95125, 46.74875], [9.95125, 46.74708], [9.94708, 46.74292], [9.94292, 46.74208], [9.94042, 46.74375], [9.93875, 46.74125], [9.93875, 46.73875], [9.94208, 46.73375], [9.94458, 46.73125], [9.94458, 46.72708], [9.94292, 46.72542], [9.94458, 46.72375], [9.94875, 46.72375], [9.94958, 46.72208], [9.95625, 46.72125], [9.95958, 46.71708], [9.95958, 46.71375], [9.95625, 46.71042], [9.95292, 46.70375], [9.95708, 46.69875], [9.95708, 46.69542], [9.95542, 46.69375], [9.94125, 46.69375], [9.93542, 46.69625], [9.93042, 46.69625], [9.92708, 46.69542], [9.92458, 46.69292], [9.91875, 46.69208], [9.90958, 46.69208], [9.90625, 46.68958], [9.90625, 46.68542], [9.90292, 46.68542], [9.89792, 46.68375], [9.89542, 46.68125], [9.88792, 46.68125], [9.88375, 46.68042], [9.88042, 46.68458], [9.87458, 46.68458], [9.87458, 46.67875], [9.86958, 46.67458], [9.86958, 46.66708], [9.87042, 46.66208], [9.86708, 46.66125], [9.86542, 46.65875], [9.86542, 46.65208], [9.86875, 46.65125], [9.87292, 46.64708], [9.87625, 46.64542], [9.87792, 46.64208], [9.88125, 46.64042], [9.88625, 46.63958], [9.88958, 46.63625], [9.88958, 46.63292], [9.89292, 46.62875], [9.89208, 46.62875], [9.89042, 46.62542], [9.88792, 46.62292], [9.88375, 46.62208], [9.88208, 46.61958], [9.87458, 46.61958], [9.87125, 46.62125], [9.86792, 46.61708], [9.86792, 46.61458], [9.86542, 46.61375], [9.86375, 46.61125], [9.86458, 46.60542], [9.86292, 46.60292], [9.86042, 46.60375], [9.85375, 46.60292], [9.85125, 46.60042], [9.84875, 46.59958], [9.84375, 46.59542], [9.83708, 46.59542], [9.83458, 46.59708], [9.83042, 46.59708], [9.82875, 46.59542], [9.82875, 46.59125], [9.83292, 46.58708], [9.83542, 46.58625], [9.83542, 46.58375], [9.83875, 46.57958], [9.84625, 46.57958], [9.84792, 46.57625], [9.85125, 46.57208], [9.84708, 46.57208], [9.84708, 46.57292], [9.82708, 46.57292], [9.82708, 46.57208], [9.81958, 46.57208], [9.81625, 46.56875], [9.81292, 46.56792], [9.80708, 46.56792], [9.80125, 46.56708], [9.79958, 46.56542], [9.78958, 46.56542], [9.78792, 46.56375], [9.78375, 46.56375], [9.77958, 46.56208], [9.77375, 46.56125], [9.76625, 46.56125], [9.76458, 46.55875], [9.75542, 46.55875], [9.75542, 46.55708], [9.75292, 46.55542], [9.74708, 46.55542], [9.74375, 46.55708], [9.73958, 46.55708], [9.73125, 46.55208], [9.73042, 46.55042], [9.72625, 46.55042], [9.72125, 46.54625], [9.71958, 46.54625], [9.71625, 46.54292], [9.70625, 46.54292], [9.70625, 46.54375], [9.69875, 46.54375], [9.69458, 46.54292], [9.69375, 46.54042], [9.69542, 46.53958], [9.69625, 46.53458], [9.70042, 46.53125], [9.70042, 46.52625], [9.70375, 46.52292], [9.69875, 46.52125], [9.69958, 46.51792], [9.69792, 46.51458], [9.70125, 46.51125], [9.70375, 46.51042], [9.72542, 46.51042], [9.72792, 46.50792], [9.73042, 46.50708], [9.72708, 46.50708], [9.73042, 46.50375], [9.72958, 46.50042], [9.72792, 46.49875], [9.73042, 46.49708], [9.73042, 46.49208], [9.72875, 46.48958], [9.73208, 46.48708], [9.73208, 46.48208], [9.72875, 46.47875], [9.72792, 46.47542], [9.72542, 46.47208], [9.72542, 46.46708], [9.72875, 46.46375], [9.72625, 46.46125], [9.73208, 46.45875], [9.73208, 46.45458], [9.72958, 46.45292], [9.72958, 46.44958], [9.72625, 46.44875], [9.72208, 46.44542], [9.72208, 46.44125], [9.71625, 46.43875], [9.71042, 46.43875], [9.70292, 46.44042], [9.70208, 46.43875], [9.69458, 46.43542], [9.69125, 46.43542], [9.68792, 46.43375], [9.68708, 46.43208], [9.68375, 46.43125], [9.68292, 46.42958], [9.67875, 46.42875], [9.67708, 46.42708], [9.67625, 46.42375], [9.67375, 46.42208], [9.66792, 46.42208], [9.66458, 46.42125], [9.66375, 46.41792], [9.66375, 46.41125], [9.66958, 46.41042], [9.67792, 46.41042], [9.68292, 46.41125], [9.68875, 46.40542], [9.69208, 46.40375], [9.69292, 46.40208], [9.69875, 46.40125], [9.70458, 46.39792], [9.70708, 46.39458], [9.71208, 46.39458], [9.71458, 46.39125], [9.72375, 46.39125], [9.72542, 46.39042], [9.72792, 46.38375], [9.73125, 46.38208], [9.73125, 46.38042], [9.73542, 46.37875], [9.73542, 46.37542], [9.73792, 46.37292], [9.73875, 46.36792], [9.73875, 46.36208], [9.74042, 46.36042], [9.74042, 46.35708], [9.74292, 46.35458], [9.74292, 46.35208], [9.74792, 46.34792], [9.75042, 46.34792], [9.75625, 46.34542], [9.76042, 46.34208], [9.76292, 46.33875], [9.76625, 46.33708], [9.77125, 46.33708], [9.77292, 46.33542], [9.77958, 46.33542], [9.77958, 46.33708], [9.78458, 46.34125], [9.78958, 46.34292], [9.79542, 46.34292], [9.79875, 46.34458], [9.80375, 46.34458], [9.80958, 46.34875], [9.81292, 46.34958], [9.81375, 46.35125], [9.81958, 46.35042], [9.82125, 46.35208], [9.82458, 46.35208], [9.83208, 46.35958], [9.83208, 46.36125], [9.83792, 46.36208], [9.84542, 46.36208], [9.84708, 46.36375], [9.86292, 46.36375], [9.86542, 46.36458], [9.86708, 46.36292], [9.87125, 46.36292], [9.87458, 46.36625], [9.87625, 46.36625], [9.88125, 46.36875], [9.88375, 46.37292], [9.89042, 46.37375], [9.89292, 46.37542], [9.89542, 46.37542], [9.89958, 46.37708], [9.90208, 46.37958], [9.90542, 46.37958], [9.90792, 46.38125], [9.90792, 46.38292], [9.90958, 46.38042], [9.91542, 46.37458], [9.91625, 46.37125], [9.92375, 46.37042], [9.92375, 46.36875], [9.92625, 46.36708], [9.93042, 46.36875], [9.93042, 46.37208], [9.93292, 46.37458], [9.94292, 46.37792], [9.95125, 46.37792], [9.95125, 46.37875], [9.96958, 46.37875], [9.97458, 46.38625], [9.97708, 46.38792], [9.97958, 46.38792], [9.98208, 46.39042], [9.98292, 46.39458], [9.98375, 46.39708], [9.98625, 46.39792], [9.99042, 46.40208], [9.99042, 46.40375], [10.00458, 46.41792], [10.00708, 46.41958], [10.01625, 46.42875], [10.02125, 46.42875], [10.02292, 46.43042], [10.02625, 46.42958], [10.03375, 46.43042], [10.03542, 46.42875], [10.03875, 46.42875], [10.04208, 46.43292], [10.04208, 46.44375], [10.04458, 46.44292], [10.04708, 46.44458], [10.05042, 46.44042], [10.05708, 46.44042], [10.05792, 46.43875], [10.05792, 46.43375], [10.05958, 46.43208], [10.05958, 46.42958], [10.06375, 46.42625], [10.06708, 46.42625], [10.07042, 46.42958], [10.07708, 46.42875], [10.08042, 46.42542], [10.07958, 46.42208], [10.08708, 46.42125], [10.08958, 46.42292], [10.09208, 46.42208], [10.09958, 46.42208], [10.10708, 46.42625], [10.10708, 46.42792], [10.11125, 46.42792], [10.11292, 46.42625], [10.11792, 46.42625], [10.11958, 46.42958], [10.12292, 46.43042], [10.12792, 46.43042], [10.13125, 46.43208], [10.13125, 46.43458], [10.13375, 46.43792], [10.13625, 46.43792], [10.13958, 46.43958], [10.14458, 46.44375], [10.15208, 46.44375], [10.15625, 46.44458], [10.15958, 46.44625], [10.15958, 46.45125], [10.16375, 46.45458], [10.16375, 46.45708], [10.16542, 46.45625], [10.17292, 46.45625], [10.17542, 46.45875], [10.18375, 46.46125], [10.18875, 46.46458], [10.19375, 46.46458], [10.19625, 46.46292], [10.19875, 46.46542], [10.19875, 46.46708], [10.19542, 46.46875], [10.19375, 46.47208], [10.19542, 46.47542], [10.19958, 46.47708], [10.19958, 46.48042], [10.19625, 46.48458], [10.20458, 46.49292], [10.20625, 46.49375], [10.21458, 46.50208], [10.21792, 46.50125], [10.21792, 46.50625], [10.21708, 46.50875], [10.21458, 46.50958], [10.21458, 46.51208], [10.21292, 46.51375], [10.21292, 46.51708], [10.21708, 46.51875], [10.21625, 46.52125], [10.22042, 46.52542], [10.22042, 46.52792], [10.22792, 46.53542], [10.22708, 46.53625], [10.22042, 46.53792], [10.21375, 46.53792], [10.21125, 46.53875], [10.21375, 46.54125], [10.21042, 46.54458], [10.21042, 46.54875], [10.20792, 46.54875], [10.20625, 46.55125], [10.21042, 46.55542], [10.21042, 46.55708], [10.21792, 46.55708], [10.22208, 46.55458], [10.22625, 46.55458], [10.22958, 46.55292], [10.23375, 46.55292], [10.23792, 46.55125], [10.24875, 46.55125], [10.25292, 46.55208], [10.25708, 46.55625], [10.26042, 46.55542], [10.26708, 46.55542], [10.27208, 46.55458], [10.27375, 46.55042], [10.27625, 46.55042], [10.27875, 46.55292], [10.28292, 46.55208], [10.28792, 46.55208], [10.29125, 46.55292], [10.29458, 46.55208], [10.29625, 46.54958], [10.30042, 46.54875], [10.30958, 46.54875], [10.31292, 46.54792], [10.31875, 46.54792], [10.32125, 46.55042], [10.32708, 46.55125], [10.33042, 46.54958], [10.33458, 46.54625], [10.33625, 46.54292], [10.34125, 46.54292], [10.34375, 46.54458], [10.34375, 46.54708], [10.34625, 46.54708], [10.34958, 46.54875], [10.34958, 46.55208], [10.35208, 46.55625], [10.34792, 46.55792], [10.35375, 46.56375], [10.35375, 46.56542], [10.35125, 46.56792], [10.35208, 46.57292], [10.34875, 46.57625], [10.34792, 46.57958], [10.34958, 46.58042], [10.34958, 46.58458], [10.34375, 46.58458], [10.33958, 46.58708], [10.33375, 46.58708], [10.33208, 46.58958], [10.32625, 46.59208], [10.32542, 46.59875], [10.32292, 46.60125], [10.31875, 46.60208], [10.31792, 46.60375], [10.31458, 46.60542], [10.30042, 46.60542], [10.29458, 46.60792], [10.29208, 46.61208], [10.29208, 46.61708], [10.28875, 46.61792], [10.29042, 46.61875], [10.29042, 46.62292], [10.28792, 46.62708], [10.28375, 46.63125], [10.28375, 46.63542], [10.28708, 46.63625], [10.29125, 46.63875], [10.29125, 46.64458], [10.29042, 46.64542], [10.29625, 46.65125], [10.30125, 46.65208], [10.30792, 46.65208], [10.31125, 46.65125], [10.31292, 46.65375], [10.31292, 46.65625], [10.31708, 46.66042], [10.31958, 46.66042], [10.32292, 46.65792], [10.32708, 46.65708], [10.32708, 46.65458], [10.33375, 46.64792], [10.33875, 46.64792], [10.33875, 46.64958], [10.34458, 46.65458], [10.34875, 46.65625], [10.35292, 46.65542], [10.35625, 46.65292], [10.35625, 46.65125], [10.35875, 46.64875], [10.36208, 46.64875], [10.36458, 46.64542], [10.36958, 46.64625], [10.37875, 46.64625], [10.38125, 46.64375], [10.38125, 46.63792], [10.38208, 46.63542], [10.38542, 46.63625], [10.39708, 46.63625], [10.39792, 46.63792], [10.40125, 46.63875], [10.40042, 46.64625], [10.39708, 46.64875], [10.39458, 46.65375], [10.39042, 46.65792], [10.39292, 46.66042], [10.39208, 46.66208], [10.39208, 46.67208], [10.38542, 46.68042], [10.38375, 46.68375], [10.38792, 46.68792], [10.39458, 46.68958], [10.39542, 46.69125], [10.40458, 46.70042], [10.40375, 46.70208], [10.40458, 46.70542], [10.41125, 46.70542], [10.41542, 46.70875], [10.41542, 46.71208], [10.41792, 46.71458], [10.41792, 46.71958], [10.42792, 46.72292], [10.42708, 46.72458], [10.42708, 46.73375], [10.42875, 46.73458], [10.42792, 46.73875], [10.42875, 46.74125], [10.43125, 46.74292], [10.43625, 46.74375], [10.44208, 46.74958], [10.44375, 46.75625], [10.44375, 46.76458], [10.44208, 46.76542], [10.44208, 46.77125], [10.43958, 46.77375], [10.43958, 46.77542], [10.43542, 46.77708], [10.43375, 46.78125], [10.43042, 46.78292], [10.42958, 46.78542], [10.42708, 46.78542], [10.43708, 46.79542], [10.44042, 46.79542], [10.44042, 46.79792], [10.44292, 46.80042], [10.44792, 46.80125], [10.45458, 46.80958], [10.45792, 46.81458], [10.45625, 46.81792], [10.45625, 46.82292], [10.45958, 46.82458], [10.46125, 46.82375], [10.48208, 46.82375], [10.48208, 46.82458], [10.48958, 46.82458], [10.48958, 46.82542], [10.49958, 46.82542], [10.49958, 46.82625], [10.51625, 46.84292], [10.52042, 46.84125], [10.52875, 46.84125], [10.53292, 46.84292], [10.53458, 46.84042], [10.53792, 46.84042], [10.53958, 46.83875], [10.54542, 46.83875], [10.54875, 46.83792], [10.55042, 46.83958], [10.55625, 46.84042], [10.56375, 46.84042], [10.56625, 46.84208], [10.57042, 46.84208], [10.57292, 46.84625], [10.57708, 46.84792], [10.58125, 46.84792], [10.58292, 46.84958], [10.59042, 46.85042], [10.59542, 46.85625], [10.59542, 46.85792], [10.60792, 46.85792], [10.61375, 46.85958], [10.61708, 46.86292], [10.62208, 46.86292], [10.62375, 46.86458], [10.63542, 46.86458], [10.63542, 46.86542], [10.64875, 46.86542], [10.65292, 46.86625], [10.65458, 46.86875], [10.66042, 46.87208], [10.66292, 46.87458], [10.66625, 46.87458], [10.66792, 46.87708], [10.66792, 46.87458], [10.67208, 46.87042], [10.68042, 46.87042], [10.68208, 46.86792], [10.68792, 46.86792], [10.69125, 46.86708], [10.69625, 46.86292], [10.69625, 46.85958], [10.69375, 46.85792], [10.69375, 46.85208], [10.70125, 46.85042], [10.70375, 46.84708], [10.71625, 46.84708], [10.71708, 46.84458], [10.72208, 46.83875], [10.72375, 46.83958], [10.73042, 46.83958], [10.73458, 46.83625], [10.73875, 46.83625], [10.73958, 46.83458], [10.74292, 46.83375], [10.75125, 46.83375], [10.75292, 46.83292], [10.75875, 46.82708], [10.76292, 46.82375], [10.76542, 46.82292], [10.76375, 46.82292], [10.76042, 46.81958], [10.75292, 46.81625], [10.75125, 46.81292], [10.74792, 46.80958], [10.74625, 46.80458], [10.74458, 46.80292], [10.73792, 46.79958], [10.73125, 46.79792], [10.72625, 46.79792], [10.72792, 46.79458], [10.72792, 46.78958], [10.73042, 46.78792], [10.73292, 46.78875], [10.74042, 46.78708], [10.75125, 46.78708], [10.75458, 46.78542], [10.76042, 46.78542], [10.76125, 46.78708], [10.76708, 46.78708], [10.77208, 46.78875], [10.77292, 46.79042], [10.77792, 46.79042], [10.78042, 46.79125], [10.78292, 46.79375], [10.78625, 46.79542], [10.78708, 46.79125], [10.79042, 46.79125], [10.79792, 46.78375], [10.79958, 46.78292], [10.80458, 46.77792], [10.80458, 46.77458], [10.79958, 46.76958], [10.80792, 46.76958], [10.81125, 46.77208], [10.81542, 46.77208], [10.81708, 46.77458], [10.82375, 46.77458], [10.82708, 46.77375], [10.83042, 46.77708], [10.83042, 46.77875], [10.83375, 46.78125], [10.83958, 46.78208], [10.84125, 46.77875], [10.84875, 46.77792], [10.85292, 46.77458], [10.85875, 46.76875], [10.86292, 46.76625], [10.87625, 46.76625], [10.88042, 46.76375], [10.88875, 46.76375], [10.89292, 46.76875], [10.89625, 46.76792], [10.90708, 46.76792], [10.90792, 46.77042], [10.91292, 46.77208], [10.91375, 46.77375], [10.91958, 46.77542], [10.92375, 46.77542], [10.92625, 46.77292], [10.92958, 46.77375], [10.93875, 46.77375], [10.93875, 46.77458], [10.94792, 46.77458], [10.95125, 46.77625], [10.95708, 46.77625], [10.95875, 46.77792], [10.96458, 46.77792], [10.96875, 46.77708], [10.97375, 46.77292], [10.97625, 46.77208], [10.97875, 46.76958], [10.98458, 46.76958], [10.98625, 46.76792], [10.99125, 46.76875], [10.99208, 46.76708], [11.00042, 46.76708], [11.00375, 46.76792], [11.00458, 46.77042], [11.00708, 46.77292], [11.01042, 46.77208], [11.01125, 46.77042], [11.01458, 46.77125], [11.02375, 46.76542], [11.02292, 46.76875], [11.02542, 46.77125], [11.02542, 46.77458], [11.02875, 46.77708], [11.02958, 46.78042], [11.03292, 46.78375], [11.03625, 46.79292], [11.03875, 46.79542], [11.03958, 46.79875], [11.04292, 46.80042], [11.04208, 46.80542], [11.04542, 46.80792], [11.05708, 46.80792], [11.05792, 46.81042], [11.06208, 46.81458], [11.06792, 46.81542], [11.07375, 46.82042], [11.08125, 46.82042], [11.08292, 46.82125], [11.08042, 46.82958], [11.07792, 46.83208], [11.07792, 46.83458], [11.07625, 46.83625], [11.07208, 46.83625], [11.07042, 46.83792], [11.07375, 46.84125], [11.07375, 46.84875], [11.07125, 46.85125], [11.07208, 46.85792], [11.07542, 46.85792], [11.07958, 46.86125], [11.07958, 46.86458], [11.08208, 46.86625], [11.08208, 46.86958], [11.08708, 46.87458], [11.08792, 46.87708], [11.09042, 46.87958], [11.09042, 46.88125], [11.09625, 46.88375], [11.09875, 46.88625], [11.09875, 46.88958], [11.09625, 46.89208], [11.09625, 46.89458], [11.09958, 46.90042], [11.09708, 46.90542], [11.09542, 46.90625], [11.09542, 46.91208], [11.09875, 46.91542], [11.10708, 46.91542], [11.11042, 46.91708], [11.11125, 46.92292], [11.10958, 46.92625], [11.11375, 46.93125], [11.11875, 46.93125], [11.13458, 46.92792], [11.13958, 46.92792], [11.14208, 46.93042], [11.14708, 46.93125], [11.15208, 46.93375], [11.15458, 46.93375], [11.15958, 46.93875], [11.16292, 46.93958], [11.16708, 46.94292], [11.16792, 46.94625], [11.16542, 46.94708], [11.16292, 46.94958], [11.16458, 46.96042], [11.16458, 46.96625], [11.16875, 46.96375], [11.17625, 46.96375], [11.18375, 46.96625], [11.18708, 46.96958], [11.19125, 46.97042], [11.19875, 46.97042], [11.20292, 46.96875], [11.20625, 46.96292], [11.20875, 46.96375], [11.21875, 46.96875], [11.22208, 46.96958], [11.22625, 46.96875], [11.23625, 46.96875], [11.24208, 46.96958], [11.24625, 46.97375], [11.24875, 46.97458], [11.25708, 46.97458], [11.25875, 46.97792], [11.26208, 46.98042], [11.27708, 46.98042], [11.27875, 46.98208], [11.28542, 46.98292], [11.28708, 46.98542], [11.29208, 46.98542], [11.29542, 46.98625], [11.30208, 46.98375], [11.30792, 46.98375], [11.31375, 46.98875], [11.31625, 46.98958], [11.31708, 46.99208], [11.32292, 46.99208], [11.32708, 46.99042], [11.32958, 46.98792], [11.33458, 46.98792], [11.33542, 46.98542], [11.34208, 46.98458], [11.34208, 46.98708], [11.34458, 46.98958], [11.35375, 46.98958], [11.35875, 46.99125], [11.36125, 46.98875], [11.36458, 46.98792], [11.36625, 46.98625], [11.36625, 46.98292], [11.36958, 46.98208], [11.37125, 46.98042], [11.37625, 46.97958], [11.38125, 46.97458], [11.38208, 46.97125], [11.38542, 46.97125], [11.38708, 46.96958], [11.39375, 46.96958], [11.40042, 46.96625], [11.40625, 46.96542], [11.40875, 46.96708], [11.41625, 46.96708], [11.41875, 46.96625], [11.42125, 46.96875], [11.42792, 46.96958], [11.42875, 46.97208], [11.43208, 46.97208], [11.43625, 46.97458], [11.43958, 46.97458], [11.44292, 46.97625], [11.44375, 46.97792], [11.44375, 46.98292], [11.44542, 46.98542], [11.44875, 46.98708], [11.45208, 46.99042], [11.45292, 46.99292], [11.46125, 46.99208], [11.46625, 46.99458], [11.46958, 46.99458], [11.46958, 47.00125], [11.47208, 47.00458], [11.47542, 47.00542], [11.47625, 47.00875], [11.48042, 47.01125], [11.48292, 47.01042], [11.48708, 47.01125], [11.49208, 47.01042], [11.49958, 47.01042], [11.50375, 47.00958], [11.50625, 47.00708], [11.50958, 47.00625], [11.51542, 47.00042], [11.51708, 46.99708], [11.52125, 46.99708], [11.52208, 46.99542], [11.52792, 46.99458], [11.53208, 46.99208], [11.53542, 46.98875], [11.53458, 46.98542], [11.54125, 46.98458], [11.54458, 46.98625], [11.54542, 46.98792], [11.55375, 46.99042], [11.56125, 46.99042], [11.56375, 46.99292], [11.57042, 46.99292], [11.57292, 46.99458], [11.57625, 46.99458], [11.58042, 46.99708], [11.58042, 47.00125], [11.58375, 47.00292], [11.58625, 47.00292], [11.58875, 47.00458], [11.58875, 47.00542], [11.60125, 47.00542], [11.60458, 47.00708], [11.60542, 47.00875], [11.60875, 47.01042], [11.61208, 47.01042], [11.61458, 47.01208], [11.62458, 47.01208], [11.62875, 47.01458], [11.62958, 47.01708], [11.62958, 47.01542], [11.64042, 47.00458], [11.64208, 47.00458], [11.64875, 46.99792], [11.65208, 46.99792], [11.65792, 46.99625], [11.66208, 46.99208], [11.66625, 46.99292], [11.68125, 46.99292], [11.68458, 46.99542], [11.68958, 46.99542], [11.69375, 46.99375], [11.69958, 46.99375], [11.70042, 46.99208], [11.70375, 46.99292], [11.70958, 46.99292], [11.71125, 46.99375], [11.71208, 46.99208], [11.71708, 46.98708], [11.71792, 46.98292], [11.72708, 46.97375], [11.72708, 46.97208], [11.73458, 46.97208], [11.73625, 46.97042], [11.73958, 46.97042], [11.74292, 46.96875], [11.75042, 46.96875], [11.75125, 46.97125], [11.75625, 46.97125], [11.75875, 46.97292], [11.76542, 46.97292], [11.76625, 46.97708], [11.77125, 46.98208], [11.77292, 46.98542], [11.77625, 46.98625], [11.78125, 46.98958], [11.78125, 46.99375], [11.78292, 46.99125], [11.78792, 46.99042], [11.79625, 46.99042], [11.79625, 46.99125], [11.80542, 46.99125], [11.81625, 46.98958], [11.82042, 46.99042], [11.82292, 46.99208], [11.82708, 46.99292], [11.83708, 46.99292], [11.83792, 46.99625], [11.84375, 47.00208], [11.84708, 47.00042], [11.85375, 47.00042], [11.85458, 47.00375], [11.85625, 47.00458], [11.86125, 47.00958], [11.86792, 47.01125], [11.87042, 47.01292], [11.87292, 47.01042], [11.87542, 47.01292], [11.87792, 47.01625], [11.89292, 47.01625], [11.89458, 47.02042], [11.89792, 47.02208], [11.90042, 47.02208], [11.90375, 47.02542], [11.90792, 47.02625], [11.90875, 47.02792], [11.91208, 47.02792], [11.91542, 47.03042], [11.91542, 47.03375], [11.92542, 47.03375], [11.93208, 47.03708], [11.93875, 47.03708], [11.94208, 47.03625], [11.94708, 47.03375], [11.95042, 47.03542], [11.95125, 47.03875], [11.95625, 47.04292], [11.96042, 47.04292], [11.96208, 47.04042], [11.96958, 47.04042], [11.97042, 47.04375], [11.97625, 47.04958], [11.98042, 47.04958], [11.98458, 47.04875], [11.98792, 47.04708], [11.98958, 47.04875], [11.99292, 47.04958], [11.99875, 47.04875], [12.00625, 47.04875], [12.01125, 47.04708], [12.01958, 47.04708], [12.02375, 47.04792], [12.02458, 47.04958], [12.03125, 47.05125], [12.03458, 47.05792], [12.03792, 47.06125], [12.05625, 47.06125], [12.06042, 47.05958], [12.06625, 47.06042], [12.07458, 47.06042], [12.07792, 47.06208], [12.07792, 47.06458], [12.07958, 47.06792], [12.08875, 47.07708], [12.09042, 47.07625], [12.09542, 47.07625], [12.09708, 47.07792], [12.10708, 47.07792], [12.11208, 47.07625], [12.11625, 47.07375], [12.12125, 47.07375], [12.12875, 47.07875], [12.13458, 47.07792], [12.13542, 47.08125], [12.13875, 47.07958], [12.14292, 47.08042], [12.14708, 47.07958], [12.15292, 47.07958], [12.15458, 47.08125], [12.16208, 47.08292], [12.16708, 47.08625], [12.17375, 47.08792], [12.17792, 47.08792], [12.17875, 47.09042], [12.18208, 47.09125], [12.19125, 47.09125], [12.19542, 47.08875], [12.20625, 47.08625], [12.21625, 47.08625], [12.21792, 47.08375], [12.22292, 47.08375], [12.22792, 47.08125], [12.22875, 47.07708], [12.23125, 47.07625], [12.23958, 47.06875], [12.24625, 47.06875], [12.24792, 47.07042], [12.25625, 47.07042], [12.25625, 47.07125], [12.25875, 47.07125], [12.26542, 47.07458], [12.26875, 47.07542], [12.26875, 47.07792], [12.27042, 47.08042], [12.27375, 47.08208], [12.27542, 47.08542], [12.27875, 47.08625], [12.28208, 47.08875], [12.28375, 47.09208], [12.28625, 47.09208], [12.28792, 47.09458], [12.29542, 47.09458], [12.30208, 47.09292], [12.30708, 47.09292], [12.30875, 47.09292], [12.30875, 47.09375], [12.31375, 47.09792], [12.31375, 47.10125], [12.31708, 47.10542], [12.32208, 47.10542], [12.32375, 47.10708], [12.33292, 47.10875], [12.34208, 47.10875], [12.34208, 47.10958], [12.34375, 47.10958], [12.34625, 47.10958], [12.34625, 47.10875], [12.34958, 47.10875], [12.35125, 47.10958], [12.35208, 47.10792], [12.35375, 47.10792], [12.35875, 47.11292], [12.35875, 47.11625], [12.35542, 47.11875], [12.35542, 47.12375], [12.35625, 47.12625], [12.35458, 47.12708], [12.36292, 47.13792], [12.36458, 47.14125], [12.37125, 47.14125], [12.37125, 47.14042], [12.37292, 47.14042], [12.37458, 47.14375], [12.38042, 47.14375], [12.38708, 47.14625], [12.38792, 47.14792], [12.39208, 47.15042], [12.39708, 47.15208], [12.39958, 47.15208], [12.39958, 47.15125], [12.40292, 47.14792], [12.40875, 47.14458], [12.41292, 47.14292], [12.42292, 47.14292], [12.42542, 47.14375], [12.43042, 47.14875], [12.43458, 47.14958], [12.43875, 47.14792], [12.44292, 47.14792], [12.44792, 47.14458], [12.45208, 47.14458], [12.45458, 47.14625], [12.45875, 47.14708], [12.46375, 47.14708], [12.46875, 47.14792], [12.47125, 47.15042], [12.47125, 47.15208], [12.47708, 47.15208], [12.48208, 47.15125], [12.48375, 47.15292], [12.48375, 47.15792], [12.48542, 47.15792], [12.48542, 47.15708], [12.49875, 47.15708], [12.49958, 47.15542], [12.50292, 47.15458], [12.50792, 47.15125], [12.51708, 47.15125], [12.52125, 47.15125], [12.52125, 47.15042], [12.52375, 47.14708], [12.52375, 47.14208], [12.52958, 47.13708], [12.53542, 47.13708], [12.53625, 47.13375], [12.53958, 47.13042], [12.54542, 47.12958], [12.54792, 47.12792], [12.55458, 47.12875], [12.55542, 47.13125], [12.55875, 47.13125], [12.55958, 47.13375], [12.56625, 47.13542], [12.56625, 47.13625], [12.57208, 47.13375], [12.57625, 47.13375], [12.57958, 47.13125], [12.58708, 47.13125], [12.59125, 47.12875], [12.59208, 47.12542], [12.59875, 47.12542], [12.60208, 47.12375], [12.60792, 47.12375], [12.61125, 47.12208], [12.61625, 47.12208], [12.62375, 47.11875], [12.62625, 47.11625], [12.62875, 47.11542], [12.63625, 47.10792], [12.64125, 47.10458], [12.64625, 47.10208], [12.65042, 47.10125], [12.65042, 47.09958], [12.65708, 47.09958], [12.65792, 47.09792], [12.65875, 47.09792], [12.66292, 47.10292], [12.66625, 47.10458], [12.67042, 47.10542], [12.67292, 47.10792], [12.67292, 47.10958], [12.66792, 47.11458], [12.66708, 47.11958], [12.66792, 47.12292], [12.66875, 47.12292], [12.67208, 47.12125], [12.67458, 47.11792], [12.67875, 47.11792], [12.68125, 47.12125], [12.68792, 47.12375], [12.69208, 47.12375], [12.69375, 47.12208], [12.70542, 47.12208], [12.70708, 47.12458], [12.71208, 47.12458], [12.71208, 47.12208], [12.71375, 47.11792], [12.71542, 47.11625], [12.72625, 47.11625], [12.72958, 47.11375], [12.73458, 47.11375], [12.73292, 47.10958], [12.73292, 47.10458], [12.73458, 47.10208], [12.73792, 47.10125], [12.73875, 47.09958], [12.74958, 47.09958], [12.75292, 47.09792], [12.75708, 47.09792], [12.76042, 47.09958], [12.77125, 47.09958], [12.77458, 47.09875], [12.77625, 47.09708], [12.78042, 47.09625], [12.78125, 47.09292], [12.79292, 47.09292], [12.79708, 47.09292], [12.79875, 47.09458], [12.80208, 47.09458], [12.80708, 47.09708], [12.81958, 47.09708], [12.82042, 47.09708], [12.82625, 47.09125], [12.83125, 47.09125], [12.83125, 47.08958], [12.83375, 47.08792], [12.83375, 47.08458], [12.83542, 47.08292], [12.84125, 47.08208], [12.85042, 47.08208], [12.85542, 47.08125], [12.85958, 47.08125], [12.86042, 47.08292], [12.86375, 47.08458], [12.86708, 47.08458], [12.86792, 47.08625], [12.87292, 47.08625], [12.87458, 47.08458], [12.88208, 47.08458], [12.88792, 47.08375], [12.88958, 47.08208], [12.89292, 47.08125], [12.91125, 47.08125], [12.91625, 47.08125], [12.92125, 47.08125], [12.93375, 47.07792], [12.93708, 47.07625], [12.93708, 47.07375], [12.93958, 47.07125], [12.94208, 47.06542], [12.94292, 47.05875], [12.94875, 47.05542], [12.95292, 47.05542], [12.95375, 47.05375], [12.95292, 47.05042], [12.95292, 47.04792], [12.95375, 47.04542], [12.95625, 47.04292], [12.95875, 47.04292], [12.96208, 47.04125], [12.96375, 47.03875], [12.96875, 47.03792], [12.97625, 47.03792], [12.98208, 47.03875], [12.98458, 47.03625], [12.98458, 47.03542], [12.98792, 47.03625], [12.98958, 47.03792], [12.99375, 47.03875], [12.99875, 47.04125], [13.00125, 47.04375], [13.00208, 47.04375], [13.00875, 47.04375], [13.01792, 47.04208], [13.02125, 47.03875], [13.02042, 47.03625], [13.02042, 47.02958], [13.02458, 47.02792], [13.03208, 47.02792], [13.03875, 47.02542], [13.04042, 47.02292], [13.05042, 47.02292], [13.05292, 47.02208], [13.05875, 47.01708], [13.06375, 47.01708], [13.06792, 47.01458], [13.07375, 47.01375], [13.07375, 47.01458], [13.07875, 47.01875], [13.07875, 47.02208], [13.08375, 47.02708], [13.08792, 47.02708], [13.09875, 47.02458], [13.10542, 47.02625], [13.10875, 47.02542], [13.11542, 47.02625], [13.12708, 47.02625], [13.13125, 47.03375], [13.13125, 47.03458], [13.13458, 47.03458], [13.13458, 47.03542], [13.14958, 47.03542], [13.15625, 47.03542], [13.15875, 47.03708], [13.16542, 47.03708], [13.16625, 47.04042], [13.16792, 47.04208], [13.17208, 47.04208], [13.17708, 47.04042], [13.17958, 47.04292], [13.18208, 47.04375], [13.18958, 47.04375], [13.19042, 47.04208], [13.19708, 47.04208], [13.20292, 47.04292], [13.20792, 47.04458], [13.21292, 47.04458], [13.21625, 47.04375], [13.22208, 47.04625], [13.23542, 47.04625], [13.24125, 47.04792], [13.24708, 47.04792], [13.24792, 47.04875], [13.24792, 47.05125], [13.25042, 47.05375], [13.24458, 47.05625], [13.24458, 47.05958], [13.24625, 47.06042], [13.24708, 47.06708], [13.24458, 47.07042], [13.24208, 47.07125], [13.24042, 47.07125], [13.24208, 47.07458], [13.24458, 47.07708], [13.24792, 47.08208], [13.24875, 47.08708], [13.25292, 47.08792], [13.25792, 47.08792], [13.26125, 47.09042], [13.26625, 47.09208], [13.27042, 47.09208], [13.27458, 47.09708], [13.27542, 47.09708], [13.27958, 47.09625], [13.29208, 47.09625], [13.29208, 47.09458], [13.29875, 47.08792], [13.30208, 47.08625], [13.30958, 47.08625], [13.31208, 47.08875], [13.32208, 47.09042], [13.32375, 47.09292], [13.32792, 47.09292], [13.33042, 47.09542], [13.33792, 47.09542], [13.34125, 47.09458], [13.34375, 47.09542], [13.34875, 47.09542], [13.35458, 47.09792], [13.35542, 47.09792], [13.35208, 47.10125], [13.35208, 47.10542], [13.34875, 47.10792], [13.34792, 47.11125], [13.34458, 47.11125], [13.34292, 47.11375], [13.33958, 47.11542], [13.33792, 47.11792], [13.33792, 47.12042], [13.33375, 47.12292], [13.33458, 47.12792], [13.33625, 47.12875], [13.33542, 47.13875], [13.33708, 47.14125], [13.33708, 47.14292], [13.33125, 47.14542], [13.32292, 47.15292], [13.32208, 47.15625], [13.31875, 47.15792], [13.31875, 47.15958], [13.31875, 47.16042], [13.32125, 47.16042], [13.32458, 47.16375], [13.32708, 47.16375], [13.32792, 47.16625], [13.33042, 47.16875], [13.33375, 47.16958], [13.33458, 47.17125], [13.33375, 47.17542], [13.33375, 47.18208], [13.33458, 47.18542], [13.33292, 47.18708], [13.33458, 47.18875], [13.34042, 47.19125], [13.34125, 47.19375], [13.34708, 47.19625], [13.35042, 47.19625], [13.35375, 47.19792], [13.35375, 47.20208], [13.35708, 47.20792], [13.36125, 47.20875], [13.36375, 47.21125], [13.36708, 47.21125], [13.37125, 47.21292], [13.37292, 47.21542], [13.37292, 47.21458], [13.37542, 47.21458], [13.38208, 47.20958], [13.38292, 47.20792], [13.38958, 47.20792], [13.39708, 47.20625], [13.39708, 47.20792], [13.40292, 47.20958], [13.40625, 47.21292], [13.40875, 47.21375], [13.40958, 47.21625], [13.42125, 47.21625], [13.42208, 47.21792], [13.42625, 47.21792], [13.42792, 47.21958], [13.43292, 47.21958], [13.43625, 47.22125], [13.44125, 47.22042], [13.44708, 47.22042], [13.44875, 47.21875], [13.45542, 47.21875], [13.45792, 47.21625], [13.45792, 47.21708], [13.46125, 47.22042], [13.46542, 47.22042], [13.47125, 47.22625], [13.47292, 47.22542], [13.47875, 47.22542], [13.48208, 47.22792], [13.48292, 47.22792], [13.48792, 47.22792], [13.48792, 47.22708], [13.49125, 47.22708], [13.49125, 47.22875], [13.49875, 47.22875], [13.50042, 47.23125], [13.50375, 47.23125], [13.50458, 47.22958], [13.51208, 47.22958], [13.51292, 47.23125], [13.51958, 47.23125], [13.52625, 47.23375], [13.53042, 47.23958], [13.54958, 47.23958], [13.55292, 47.23792], [13.55792, 47.24292], [13.55958, 47.24625], [13.55958, 47.24875], [13.56375, 47.25042], [13.56708, 47.25375], [13.57125, 47.25375], [13.57208, 47.25208], [13.57625, 47.25125], [13.57958, 47.25458], [13.57958, 47.25875], [13.58125, 47.26125], [13.58125, 47.26542], [13.58125, 47.26625], [13.58458, 47.26708], [13.58292, 47.27042], [13.58208, 47.27708], [13.58625, 47.27875], [13.58708, 47.27708], [13.59125, 47.27792], [13.59625, 47.27792], [13.59958, 47.28125], [13.60208, 47.28125], [13.60625, 47.28458], [13.60625, 47.28375], [13.60792, 47.28292], [13.62292, 47.28292], [13.62458, 47.27708], [13.62875, 47.27625], [13.63042, 47.27375], [13.63125, 47.27375], [13.63708, 47.27375], [13.63875, 47.27458], [13.64542, 47.27458], [13.65458, 47.27625], [13.65542, 47.27458], [13.65958, 47.27458], [13.66375, 47.27292], [13.67375, 47.27292], [13.67708, 47.27458], [13.68292, 47.26958], [13.69375, 47.26625], [13.69542, 47.26375], [13.69625, 47.25958], [13.69875, 47.25958], [13.70375, 47.26042], [13.71042, 47.25875], [13.71208, 47.25875], [13.71292, 47.26042], [13.71292, 47.26792], [13.71458, 47.27208], [13.71708, 47.27208], [13.72375, 47.27792], [13.72708, 47.27708], [13.73292, 47.27792], [13.74875, 47.27792], [13.74958, 47.27792], [13.75208, 47.27625], [13.75292, 47.27292], [13.75958, 47.26625], [13.76125, 47.26625], [13.76125, 47.26542], [13.76375, 47.26792], [13.76958, 47.27042], [13.77292, 47.27042], [13.77708, 47.27375], [13.78042, 47.27375], [13.78542, 47.27792], [13.78958, 47.28042], [13.78792, 47.28375], [13.78792, 47.28875], [13.79292, 47.28792], [13.79875, 47.28792], [13.80375, 47.29042], [13.80375, 47.29292], [13.80875, 47.29292], [13.81458, 47.29542], [13.81875, 47.29542], [13.82458, 47.29292], [13.82542, 47.29292], [13.82375, 47.29042], [13.82375, 47.28625], [13.82625, 47.28458], [13.82625, 47.28125], [13.82208, 47.27708], [13.82208, 47.27375], [13.82375, 47.27125], [13.82208, 47.26875], [13.82542, 47.26625], [13.83042, 47.26542], [13.83208, 47.26375], [13.83708, 47.26375], [13.84125, 47.26125], [13.84625, 47.26125], [13.84792, 47.25958], [13.85292, 47.25708], [13.85375, 47.25542], [13.86208, 47.25375], [13.86458, 47.25042], [13.86625, 47.25042], [13.86792, 47.25292], [13.87208, 47.25375], [13.87292, 47.25542], [13.87875, 47.25542], [13.88042, 47.25375], [13.88792, 47.25458], [13.89208, 47.25625], [13.89375, 47.25792], [13.90042, 47.25792], [13.90458, 47.25958], [13.90958, 47.25958], [13.91125, 47.26125], [13.91125, 47.25875], [13.91208, 47.25542], [13.91375, 47.25458], [13.91458, 47.25125], [13.91625, 47.24958], [13.92042, 47.24958], [13.92375, 47.25125], [13.92792, 47.24875], [13.93458, 47.25125], [13.93958, 47.25458], [13.95042, 47.25458], [13.95375, 47.25542], [13.95792, 47.25875], [13.95792, 47.26125], [13.95542, 47.26292], [13.95625, 47.26708], [13.95875, 47.26875], [13.96542, 47.26875], [13.96958, 47.27125], [13.96958, 47.27042], [13.97375, 47.26792], [13.97625, 47.26875], [13.98542, 47.26875], [13.98708, 47.26708], [14.00375, 47.26708], [14.00708, 47.26458], [14.01208, 47.26375], [14.01375, 47.26375], [14.01458, 47.27042], [14.01792, 47.27375], [14.02292, 47.27292], [14.02958, 47.27292], [14.04042, 47.28375], [14.04042, 47.28625], [14.04458, 47.28875], [14.04875, 47.28875], [14.05125, 47.28625], [14.05292, 47.28125], [14.05292, 47.27792], [14.05958, 47.27708], [14.06542, 47.27208], [14.07375, 47.27208], [14.07625, 47.27292], [14.07792, 47.27042], [14.08542, 47.27042], [14.08625, 47.26875], [14.09292, 47.26625], [14.09375, 47.26458], [14.09708, 47.26375], [14.09792, 47.26208], [14.09958, 47.26208], [14.10042, 47.26458], [14.10375, 47.26542], [14.10458, 47.26708], [14.11125, 47.26792], [14.11208, 47.26792], [14.11542, 47.27208], [14.11542, 47.27458], [14.11958, 47.27958]]]}}]}