system:index,date,potential_evaporation_sum,temperature_2m,total_precipitation_sum,.geo
20000101,2000-01-01,-2.2633732782910524E-4,269.5205602965174,0.0038029943794296688,"{""type"":""MultiPoint"",""coordinates"":[]}"
20000102,2000-01-02,-4.3670000431230685E-4,271.49857791573396,0.0026598784797116906,"{""type"":""MultiPoint"",""coordinates"":[]}"
20000103,2000-01-03,-3.373343723973599E-4,269.6698982882436,1.5818659780891925E-5,"{""type"":""MultiPoint"",""coordinates"":[]}"
20000104,2000-01-04,-5.329102863701616E-4,270.77047070859993,4.379285032457424E-4,"{""type"":""MultiPoint"",""coordinates"":[]}"
20000105,2000-01-05,-3.6248359933384815E-4,273.5135331440611,0.0019775051447474567,"{""type"":""MultiPoint"",""coordinates"":[]}"
20000106,2000-01-06,-2.9584482987535607E-4,270.40423622291644,1.6619798324308415E-5,"{""type"":""MultiPoint"",""coordinates"":[]}"
20000107,2000-01-07,-3.153069121732067E-4,271.49844201605276,3.073768959622096E-4,"{""type"":""MultiPoint"",""coordinates"":[]}"
20000108,2000-01-08,-4.0218124134536827E-4,270.51765536839133,1.0510958974310648E-4,"{""type"":""MultiPoint"",""coordinates"":[]}"
20000109,2000-01-09,-3.2087113595351225E-4,269.90125317684044,8.039115576305817E-4,"{""type"":""MultiPoint"",""coordinates"":[]}"
20000110,2000-01-10,-4.845256008143058E-4,270.9622358781886,4.941071475680147E-4,"{""type"":""MultiPoint"",""coordinates"":[]}"
20000111,2000-01-11,-5.668097536622188E-4,270.09187932403086,8.713116573617952E-5,"{""type"":""MultiPoint"",""coordinates"":[]}"
20000112,2000-01-12,-5.815441725792304E-4,267.82133433676154,3.330645251066374E-5,"{""type"":""MultiPoint"",""coordinates"":[]}"
20000113,2000-01-13,-5.299600315556552E-4,266.45583581532065,1.1212283615590928E-4,"{""type"":""MultiPoint"",""coordinates"":[]}"
20000114,2000-01-14,-5.361591724619788E-4,266.6892528481388,8.957806872029112E-5,"{""type"":""MultiPoint"",""coordinates"":[]}"
20000115,2000-01-15,-5.719457793909991E-4,267.64082282851285,1.8461089211388763E-4,"{""type"":""MultiPoint"",""coordinates"":[]}"
20000116,2000-01-16,-6.875053787373126E-4,267.98660559025853,5.188178363749887E-4,"{""type"":""MultiPoint"",""coordinates"":[]}"
20000117,2000-01-17,-0.0013530063871189833,271.84199899639236,0.004073721303868034,"{""type"":""MultiPoint"",""coordinates"":[]}"
20000118,2000-01-18,-0.0013234492531386313,273.17362971903464,0.012255785646468323,"{""type"":""MultiPoint"",""coordinates"":[]}"
20000119,2000-01-19,-0.0020785679315318997,270.04318171859074,0.002170553662590165,"{""type"":""MultiPoint"",""coordinates"":[]}"
20000120,2000-01-20,-0.001692821913799627,269.5901485568979,0.0013491765493013322,"{""type"":""MultiPoint"",""coordinates"":[]}"
20000121,2000-01-21,-0.001960630662966908,270.59736990013494,0.009316105982520253,"{""type"":""MultiPoint"",""coordinates"":[]}"
20000122,2000-01-22,-5.858905397897673E-4,269.1003917126152,0.0058435785399527035,"{""type"":""MultiPoint"",""coordinates"":[]}"
20000123,2000-01-23,-6.932135507341043E-4,268.22638711998195,0.0046966131878233884,"{""type"":""MultiPoint"",""coordinates"":[]}"
20000124,2000-01-24,-8.122417805317368E-4,262.35862917057136,5.115935903158415E-4,"{""type"":""MultiPoint"",""coordinates"":[]}"
20000125,2000-01-25,-6.387604790041558E-4,259.8797483533377,7.776110524465897E-5,"{""type"":""MultiPoint"",""coordinates"":[]}"
20000126,2000-01-26,-9.301612021039898E-4,261.5949951939571,4.528454220766618E-5,"{""type"":""MultiPoint"",""coordinates"":[]}"
20000127,2000-01-27,-0.0011158487314657888,266.04440365281187,4.960524112593942E-5,"{""type"":""MultiPoint"",""coordinates"":[]}"
20000128,2000-01-28,-0.0011203606347875144,267.50388880368337,2.176745019538385E-5,"{""type"":""MultiPoint"",""coordinates"":[]}"
20000129,2000-01-29,-0.001971464388913679,272.1507895651444,0.00491676480758819,"{""type"":""MultiPoint"",""coordinates"":[]}"
20000130,2000-01-30,-0.001555830149390938,276.2144887308232,0.01685952712869714,"{""type"":""MultiPoint"",""coordinates"":[]}"
20000131,2000-01-31,-0.002718781677263164,277.36484033896835,0.0021200390245322102,"{""type"":""MultiPoint"",""coordinates"":[]}"
20000201,2000-02-01,-0.0011880765572417008,276.3251597520396,3.2190816384647555E-5,"{""type"":""MultiPoint"",""coordinates"":[]}"
20000202,2000-02-02,-0.0013277720126758095,276.8019440864464,0.002682255767133282,"{""type"":""MultiPoint"",""coordinates"":[]}"
20000203,2000-02-03,-0.0019261806126937302,274.3239776649562,0.003043349416149286,"{""type"":""MultiPoint"",""coordinates"":[]}"
20000204,2000-02-04,-0.0020650993279217973,273.573075641215,4.836341092876436E-4,"{""type"":""MultiPoint"",""coordinates"":[]}"
20000205,2000-02-05,-0.0013238257480459063,276.3841037321533,0.0034780169697840118,"{""type"":""MultiPoint"",""coordinates"":[]}"
20000206,2000-02-06,-0.0012568361017053402,276.55262159640574,3.778370316601775E-6,"{""type"":""MultiPoint"",""coordinates"":[]}"
20000207,2000-02-07,-0.0016085346459846855,276.34831435802835,7.55313186509727E-4,"{""type"":""MultiPoint"",""coordinates"":[]}"
20000208,2000-02-08,-0.002675982336731096,278.40782171365333,0.008073375174932802,"{""type"":""MultiPoint"",""coordinates"":[]}"
20000209,2000-02-09,-0.0034742853050282237,275.2298523296206,0.006418495525283203,"{""type"":""MultiPoint"",""coordinates"":[]}"
20000210,2000-02-10,-0.002906651495312404,274.2585499810493,0.001099121859684307,"{""type"":""MultiPoint"",""coordinates"":[]}"
20000211,2000-02-11,-9.19310759078207E-4,273.5291877274021,0.004743627690847773,"{""type"":""MultiPoint"",""coordinates"":[]}"
20000212,2000-02-12,-0.001604463915001388,272.98477106047017,2.3886333600081917E-4,"{""type"":""MultiPoint"",""coordinates"":[]}"
20000213,2000-02-13,-0.0021724871419442765,274.47028063202396,0.006698707192083188,"{""type"":""MultiPoint"",""coordinates"":[]}"
20000214,2000-02-14,-0.00239104114312036,273.08532513507714,0.001497155338244021,"{""type"":""MultiPoint"",""coordinates"":[]}"
20000215,2000-02-15,-6.816031284733996E-4,274.27608225587886,0.0051266824692224565,"{""type"":""MultiPoint"",""coordinates"":[]}"
20000216,2000-02-16,-0.0022748841739116577,274.0191968777448,0.005479109285048077,"{""type"":""MultiPoint"",""coordinates"":[]}"
20000217,2000-02-17,-0.0025122035999270015,270.9776200391548,0.003726966867521362,"{""type"":""MultiPoint"",""coordinates"":[]}"
20000218,2000-02-18,-0.0022289250519987353,271.57296297379327,0.005220138494478744,"{""type"":""MultiPoint"",""coordinates"":[]}"
20000219,2000-02-19,-0.0012093953115339948,273.34140051629765,0.008782250400946188,"{""type"":""MultiPoint"",""coordinates"":[]}"
20000220,2000-02-20,-0.0013331228804499239,271.8753156831466,0.006614892854885121,"{""type"":""MultiPoint"",""coordinates"":[]}"
20000221,2000-02-21,-0.002352481207723235,269.6837370793822,0.001266744172822458,"{""type"":""MultiPoint"",""coordinates"":[]}"
20000222,2000-02-22,-0.0019955934349298265,269.96434587488056,2.0693200277896085E-4,"{""type"":""MultiPoint"",""coordinates"":[]}"
20000223,2000-02-23,-0.0016891820547334203,270.77884948528975,0.001660261565646418,"{""type"":""MultiPoint"",""coordinates"":[]}"
20000224,2000-02-24,-0.001985625993598736,272.82275749173965,0.004448518343866782,"{""type"":""MultiPoint"",""coordinates"":[]}"
20000225,2000-02-25,-0.0020464865681950363,276.76995835161716,0.00626815280181566,"{""type"":""MultiPoint"",""coordinates"":[]}"
20000226,2000-02-26,-0.002517596793988626,274.38571503783913,3.024715306735923E-4,"{""type"":""MultiPoint"",""coordinates"":[]}"
20000227,2000-02-27,-0.0028642659901594765,274.9078784868336,5.974330072938651E-5,"{""type"":""MultiPoint"",""coordinates"":[]}"
20000228,2000-02-28,-0.004643977683392412,276.59814588066007,1.1782205641626352E-4,"{""type"":""MultiPoint"",""coordinates"":[]}"
20000229,2000-02-29,-0.0030041165396539316,276.68053960419155,0.0018442044368642053,"{""type"":""MultiPoint"",""coordinates"":[]}"
20000301,2000-03-01,-0.002106314063058421,276.2768350724396,0.007372337922674751,"{""type"":""MultiPoint"",""coordinates"":[]}"
20000302,2000-03-02,-0.0036695033545647952,273.23790027199567,0.0034773957447301685,"{""type"":""MultiPoint"",""coordinates"":[]}"
20000303,2000-03-03,-0.005422692774874367,275.30118408211115,0.0016536655100850687,"{""type"":""MultiPoint"",""coordinates"":[]}"
20000304,2000-03-04,-0.0034754673193674933,273.91113468278354,0.00836552357036588,"{""type"":""MultiPoint"",""coordinates"":[]}"
20000305,2000-03-05,-0.004814234038976176,270.580244231945,0.0017124547317348387,"{""type"":""MultiPoint"",""coordinates"":[]}"
20000306,2000-03-06,-0.003763090737174117,272.6680681193999,4.8817875940430775E-5,"{""type"":""MultiPoint"",""coordinates"":[]}"
20000307,2000-03-07,-0.004570384115340926,275.71871191850846,3.080023075328678E-5,"{""type"":""MultiPoint"",""coordinates"":[]}"
20000308,2000-03-08,-0.0030775811657925986,278.0052766783616,0.007212630418018331,"{""type"":""MultiPoint"",""coordinates"":[]}"
20000309,2000-03-09,-0.004815809275087435,280.72527251179304,0.007003952103258977,"{""type"":""MultiPoint"",""coordinates"":[]}"
20000310,2000-03-10,-0.0031710694229158147,276.73992202170456,0.007757069372367316,"{""type"":""MultiPoint"",""coordinates"":[]}"
20000311,2000-03-11,-0.0031594178297624322,277.7956240876071,0.00651232542014554,"{""type"":""MultiPoint"",""coordinates"":[]}"
20000312,2000-03-12,-0.0034888710575365313,276.3178862413663,0.0010316894498125604,"{""type"":""MultiPoint"",""coordinates"":[]}"
20000313,2000-03-13,-0.0032602584510021443,275.9430392026428,3.838491818872963E-4,"{""type"":""MultiPoint"",""coordinates"":[]}"
20000314,2000-03-14,-0.0024838191344730624,277.19101699133375,0.006408695454026428,"{""type"":""MultiPoint"",""coordinates"":[]}"
20000315,2000-03-15,-0.005887017966626666,273.9724275614987,0.006947246063062422,"{""type"":""MultiPoint"",""coordinates"":[]}"
20000316,2000-03-16,-0.0030613211604422195,273.4380427348428,0.01088444463282148,"{""type"":""MultiPoint"",""coordinates"":[]}"
20000317,2000-03-17,-0.001003662554583906,273.87432272271565,0.018237857408650814,"{""type"":""MultiPoint"",""coordinates"":[]}"
20000318,2000-03-18,-0.0030724876287006823,273.3891744448624,0.006719113436300152,"{""type"":""MultiPoint"",""coordinates"":[]}"
20000319,2000-03-19,-0.002611031499307148,272.98068539748357,0.003386889569259268,"{""type"":""MultiPoint"",""coordinates"":[]}"
20000320,2000-03-20,-0.00383243860466564,273.53121900277404,3.091158198645511E-4,"{""type"":""MultiPoint"",""coordinates"":[]}"
20000321,2000-03-21,-0.003687737145120743,276.16475565543806,3.2412968294285373E-4,"{""type"":""MultiPoint"",""coordinates"":[]}"
20000322,2000-03-22,-0.004822062558433818,278.13098887019254,6.634330577177696E-6,"{""type"":""MultiPoint"",""coordinates"":[]}"
20000323,2000-03-23,-0.005180556134381255,279.6814199996399,1.5711556431627138E-4,"{""type"":""MultiPoint"",""coordinates"":[]}"
20000324,2000-03-24,-0.004029280786276908,280.04590639474253,0.0033237690329298384,"{""type"":""MultiPoint"",""coordinates"":[]}"
20000325,2000-03-25,-0.0035941096681058825,279.2348325392097,0.0037608811330055083,"{""type"":""MultiPoint"",""coordinates"":[]}"
20000326,2000-03-26,-0.002948509311351553,277.8488005271106,0.0040287971304342855,"{""type"":""MultiPoint"",""coordinates"":[]}"
20000327,2000-03-27,-0.0014658399887984527,276.8329491320038,0.008080850415345266,"{""type"":""MultiPoint"",""coordinates"":[]}"
20000328,2000-03-28,-0.0032140996852334652,276.65249876583863,0.0034620806267275793,"{""type"":""MultiPoint"",""coordinates"":[]}"
20000329,2000-03-29,-0.003953041041580348,278.0755633567432,0.007398536882086364,"{""type"":""MultiPoint"",""coordinates"":[]}"
20000330,2000-03-30,-0.002925072855602239,275.3866181584273,0.015442135004288928,"{""type"":""MultiPoint"",""coordinates"":[]}"
20000331,2000-03-31,-0.004961090537136218,276.2399446547972,0.00323300700030901,"{""type"":""MultiPoint"",""coordinates"":[]}"
20000401,2000-04-01,-0.00238770322523183,276.1749299192992,0.0028267411281228815,"{""type"":""MultiPoint"",""coordinates"":[]}"
20000402,2000-04-02,-0.0055161693071942115,277.82009572311813,2.792225803406929E-4,"{""type"":""MultiPoint"",""coordinates"":[]}"
20000403,2000-04-03,-0.006401766180135009,280.46990187967435,2.033510285032963E-4,"{""type"":""MultiPoint"",""coordinates"":[]}"
20000404,2000-04-04,-0.0059650427458112915,281.7942382793601,6.958944253702675E-4,"{""type"":""MultiPoint"",""coordinates"":[]}"
20000405,2000-04-05,-0.0030964578339883744,279.54903254289275,0.007765674933532928,"{""type"":""MultiPoint"",""coordinates"":[]}"
20000406,2000-04-06,-0.005752512800187313,274.6403542977131,0.0024272707345022624,"{""type"":""MultiPoint"",""coordinates"":[]}"
20000407,2000-04-07,-0.005952997428692733,275.6282896095892,3.8057347411083625E-4,"{""type"":""MultiPoint"",""coordinates"":[]}"
20000408,2000-04-08,-0.005532937260055445,276.31851032334555,9.230479366490259E-4,"{""type"":""MultiPoint"",""coordinates"":[]}"
20000409,2000-04-09,-0.006651786964294178,277.46374259257425,9.45068868427253E-5,"{""type"":""MultiPoint"",""coordinates"":[]}"
20000410,2000-04-10,-0.005983463181818752,278.4966041871772,3.8594373418792863E-4,"{""type"":""MultiPoint"",""coordinates"":[]}"
20000411,2000-04-11,-0.005194778397815515,279.15844232611397,0.0014274994193489772,"{""type"":""MultiPoint"",""coordinates"":[]}"
20000412,2000-04-12,-0.003466743250228412,277.88855435403866,0.005944613948875139,"{""type"":""MultiPoint"",""coordinates"":[]}"
20000413,2000-04-13,-0.004761835341435915,278.27773673655037,0.0034800594657370975,"{""type"":""MultiPoint"",""coordinates"":[]}"
20000414,2000-04-14,-0.00624734647003082,281.23647047869366,9.479877938651676E-4,"{""type"":""MultiPoint"",""coordinates"":[]}"
20000415,2000-04-15,-0.006339045824346503,281.6085958804576,0.0021854862794958145,"{""type"":""MultiPoint"",""coordinates"":[]}"
20000416,2000-04-16,-0.008170753909894584,281.6716089843042,6.364721229989083E-4,"{""type"":""MultiPoint"",""coordinates"":[]}"
20000417,2000-04-17,-0.005787143322401543,282.707571032661,0.0021497549266102666,"{""type"":""MultiPoint"",""coordinates"":[]}"
20000418,2000-04-18,-0.004056353664133435,281.58657341582773,0.002489326327387808,"{""type"":""MultiPoint"",""coordinates"":[]}"
20000419,2000-04-19,-0.004437708113177409,282.5527470452345,0.002249033691793156,"{""type"":""MultiPoint"",""coordinates"":[]}"
20000420,2000-04-20,-0.0063686781869948025,284.2668321828002,6.655258321737035E-5,"{""type"":""MultiPoint"",""coordinates"":[]}"
20000421,2000-04-21,-0.00740269871047457,286.3094400564267,1.2269574895928926E-4,"{""type"":""MultiPoint"",""coordinates"":[]}"
20000422,2000-04-22,-0.00811733375789293,287.32828554744407,2.4717501230913985E-6,"{""type"":""MultiPoint"",""coordinates"":[]}"
20000423,2000-04-23,-0.008618704750082614,288.0037491916446,3.1684380609634785E-4,"{""type"":""MultiPoint"",""coordinates"":[]}"
20000424,2000-04-24,-0.003803403142249729,283.27100876063986,0.005628678565535914,"{""type"":""MultiPoint"",""coordinates"":[]}"
20000425,2000-04-25,-0.00443605399450287,283.31021638576914,7.132921925617315E-4,"{""type"":""MultiPoint"",""coordinates"":[]}"
20000426,2000-04-26,-0.006815785130078207,285.5299877509031,6.422823508832791E-5,"{""type"":""MultiPoint"",""coordinates"":[]}"
20000427,2000-04-27,-0.008417615205621917,287.14296807770637,2.356568953447968E-5,"{""type"":""MultiPoint"",""coordinates"":[]}"
20000428,2000-04-28,-0.009639860911914279,288.14503156144235,2.655245012862252E-4,"{""type"":""MultiPoint"",""coordinates"":[]}"
20000429,2000-04-29,-0.006897109058182191,287.40981745423204,0.0017965792963282356,"{""type"":""MultiPoint"",""coordinates"":[]}"
20000430,2000-04-30,-0.0059757052772017325,286.97619453160996,0.0028046615842891283,"{""type"":""MultiPoint"",""coordinates"":[]}"
20000501,2000-05-01,-0.0051921322675388916,286.482400589384,0.005538368535957265,"{""type"":""MultiPoint"",""coordinates"":[]}"
20000502,2000-05-02,-0.0074657600798863286,286.18752759843125,0.002381923954297397,"{""type"":""MultiPoint"",""coordinates"":[]}"
20000503,2000-05-03,-0.007831816695044711,285.6037067809963,0.0017317212015555527,"{""type"":""MultiPoint"",""coordinates"":[]}"
20000504,2000-05-04,-0.00526694871020401,285.7461768559986,0.0055332806164812565,"{""type"":""MultiPoint"",""coordinates"":[]}"
20000505,2000-05-05,-0.006492574711802096,286.08044222071345,0.00229620405968942,"{""type"":""MultiPoint"",""coordinates"":[]}"
20000506,2000-05-06,-0.007865128621507145,287.0809451916055,0.0011687254612258633,"{""type"":""MultiPoint"",""coordinates"":[]}"
20000507,2000-05-07,-0.008397742390108464,288.41601688518114,6.00033888257674E-4,"{""type"":""MultiPoint"",""coordinates"":[]}"
20000508,2000-05-08,-0.005928333234249251,288.20768782900535,0.004766079737923363,"{""type"":""MultiPoint"",""coordinates"":[]}"
20000509,2000-05-09,-0.006798448155818204,288.43699871349696,0.0019045947241312566,"{""type"":""MultiPoint"",""coordinates"":[]}"
20000510,2000-05-10,-0.008084993191371237,289.9910881952716,5.078085158340739E-4,"{""type"":""MultiPoint"",""coordinates"":[]}"
20000511,2000-05-11,-0.007858127520987444,290.5510746682713,8.76261154600932E-4,"{""type"":""MultiPoint"",""coordinates"":[]}"
20000512,2000-05-12,-0.005729898808137619,287.92469182760476,0.011547899437008294,"{""type"":""MultiPoint"",""coordinates"":[]}"
20000513,2000-05-13,-0.007963352331263253,285.7645486844531,0.002507675887328271,"{""type"":""MultiPoint"",""coordinates"":[]}"
20000514,2000-05-14,-0.010274650129117126,287.0555580524536,1.1910316308700224E-4,"{""type"":""MultiPoint"",""coordinates"":[]}"
20000515,2000-05-15,-0.00962861656395959,289.21243608346145,1.817392751643164E-4,"{""type"":""MultiPoint"",""coordinates"":[]}"
20000516,2000-05-16,-0.009154285091397329,290.6205728094668,8.74762320425125E-4,"{""type"":""MultiPoint"",""coordinates"":[]}"
20000517,2000-05-17,-0.008842448803638036,290.13496943922075,0.004614015037115376,"{""type"":""MultiPoint"",""coordinates"":[]}"
20000518,2000-05-18,-0.0037534433158197523,286.01745764156965,0.012416023532422535,"{""type"":""MultiPoint"",""coordinates"":[]}"
20000519,2000-05-19,-0.006076328236283324,282.79203546078884,0.006488167831637941,"{""type"":""MultiPoint"",""coordinates"":[]}"
20000520,2000-05-20,-0.005718641379066782,280.92994995942576,0.005535832059540147,"{""type"":""MultiPoint"",""coordinates"":[]}"
20000521,2000-05-21,-0.008277559660532985,283.1350816082486,0.0014365868947813526,"{""type"":""MultiPoint"",""coordinates"":[]}"
20000522,2000-05-22,-0.006067512626283726,281.89673519225397,0.007775314574387351,"{""type"":""MultiPoint"",""coordinates"":[]}"
20000523,2000-05-23,-0.007091103558609414,283.88816823086034,8.795540054275377E-4,"{""type"":""MultiPoint"",""coordinates"":[]}"
20000524,2000-05-24,-0.007921449299713793,286.5625819710893,2.211597819375738E-4,"{""type"":""MultiPoint"",""coordinates"":[]}"
20000525,2000-05-25,-0.008072991417974951,288.4709473032239,0.0023535503444766202,"{""type"":""MultiPoint"",""coordinates"":[]}"
20000526,2000-05-26,-0.007042739549645699,288.9314337839327,0.0010365893387962854,"{""type"":""MultiPoint"",""coordinates"":[]}"
20000527,2000-05-27,-0.007694948665430357,287.6791743780434,0.00442765311090805,"{""type"":""MultiPoint"",""coordinates"":[]}"
20000528,2000-05-28,-0.008008760635290334,286.93166614233536,0.008322848283763706,"{""type"":""MultiPoint"",""coordinates"":[]}"
20000529,2000-05-29,-0.00551479721003769,282.7480784417026,0.006818099889747529,"{""type"":""MultiPoint"",""coordinates"":[]}"
20000530,2000-05-30,-0.007063935778646976,283.07993198112956,0.006452308416401034,"{""type"":""MultiPoint"",""coordinates"":[]}"
20000531,2000-05-31,-0.0036278401170599154,283.4791098378021,0.013334883792848364,"{""type"":""MultiPoint"",""coordinates"":[]}"
20000601,2000-06-01,-0.008404484578454354,285.35559574363333,4.812186142224499E-5,"{""type"":""MultiPoint"",""coordinates"":[]}"
20000602,2000-06-02,-0.009803280821275654,289.5064039501666,1.5661029544501945E-4,"{""type"":""MultiPoint"",""coordinates"":[]}"
20000603,2000-06-03,-0.009875266175564484,291.65729639225395,8.782279729075666E-4,"{""type"":""MultiPoint"",""coordinates"":[]}"
20000604,2000-06-04,-0.008457965861945594,291.9131314518301,0.003035663762340716,"{""type"":""MultiPoint"",""coordinates"":[]}"
20000605,2000-06-05,-0.009596283505488553,292.7238624956219,0.0030253876143887287,"{""type"":""MultiPoint"",""coordinates"":[]}"
20000606,2000-06-06,-0.005283728918330262,288.8022509959355,0.010817942783718117,"{""type"":""MultiPoint"",""coordinates"":[]}"
20000607,2000-06-07,-0.008291268765737055,285.63272485541887,0.00213707892695555,"{""type"":""MultiPoint"",""coordinates"":[]}"
20000608,2000-06-08,-0.009355276280547432,287.42086531672027,4.4132265503978026E-5,"{""type"":""MultiPoint"",""coordinates"":[]}"
20000609,2000-06-09,-0.011384028969481928,291.30390739993345,1.609466290021118E-5,"{""type"":""MultiPoint"",""coordinates"":[]}"
20000610,2000-06-10,-0.011732225676161098,293.5141440061332,3.535729087887999E-4,"{""type"":""MultiPoint"",""coordinates"":[]}"
20000611,2000-06-11,-0.011731599012796983,293.8507658288604,0.0014283175739775431,"{""type"":""MultiPoint"",""coordinates"":[]}"
20000612,2000-06-12,-0.006649650387950835,291.9149575930302,0.0028861080149787392,"{""type"":""MultiPoint"",""coordinates"":[]}"
20000613,2000-06-13,-0.009802458349991524,293.5334897222266,0.002686470504767654,"{""type"":""MultiPoint"",""coordinates"":[]}"
20000614,2000-06-14,-0.007135096396297312,292.0244747539391,0.008097658799540587,"{""type"":""MultiPoint"",""coordinates"":[]}"
20000615,2000-06-15,-0.006973983332667985,289.4473425820668,0.007867894109921097,"{""type"":""MultiPoint"",""coordinates"":[]}"
20000616,2000-06-16,-0.009713784984940372,285.9426098114544,0.002339254887917894,"{""type"":""MultiPoint"",""coordinates"":[]}"
20000617,2000-06-17,-0.010983638436430217,284.8166200417227,2.175359326875394E-4,"{""type"":""MultiPoint"",""coordinates"":[]}"
20000618,2000-06-18,-0.011669738094096478,287.93210969431703,3.3894693142423884E-6,"{""type"":""MultiPoint"",""coordinates"":[]}"
20000619,2000-06-19,-0.012122380202722093,291.68764678970666,1.3869109352110534E-5,"{""type"":""MultiPoint"",""coordinates"":[]}"
20000620,2000-06-20,-0.012290639446365123,294.1792685020409,1.4923836471027175E-4,"{""type"":""MultiPoint"",""coordinates"":[]}"
20000621,2000-06-21,-0.01127757947258655,295.4351797522766,5.945417925348547E-4,"{""type"":""MultiPoint"",""coordinates"":[]}"
20000622,2000-06-22,-0.01120901668923978,295.14759993669094,0.0015152484795971561,"{""type"":""MultiPoint"",""coordinates"":[]}"
20000623,2000-06-23,-0.005105687478734362,289.23533429146136,0.011673294782738841,"{""type"":""MultiPoint"",""coordinates"":[]}"
20000624,2000-06-24,-0.005838082521121597,286.88551434128914,0.007501992817751284,"{""type"":""MultiPoint"",""coordinates"":[]}"
20000625,2000-06-25,-0.005773533181949209,284.3039647071357,0.006217967950136033,"{""type"":""MultiPoint"",""coordinates"":[]}"
20000626,2000-06-26,-0.008149219022597834,284.4665792031692,0.0023185602554382607,"{""type"":""MultiPoint"",""coordinates"":[]}"
20000627,2000-06-27,-0.010674331934595981,284.83543872372957,2.0507665496990977E-4,"{""type"":""MultiPoint"",""coordinates"":[]}"
20000628,2000-06-28,-0.00844649523253062,285.91523689656293,0.0013282721053177696,"{""type"":""MultiPoint"",""coordinates"":[]}"
20000629,2000-06-29,-0.00821618697617638,285.6750018189601,0.0012224188049694278,"{""type"":""MultiPoint"",""coordinates"":[]}"
20000630,2000-06-30,-0.009327803050754278,287.08172542344124,4.3280320413294015E-4,"{""type"":""MultiPoint"",""coordinates"":[]}"
20000701,2000-07-01,-0.009616278566240104,290.41146582772075,0.0011496395349203771,"{""type"":""MultiPoint"",""coordinates"":[]}"
20000702,2000-07-02,-0.009272846806936503,292.34513631722024,0.0010954837792206689,"{""type"":""MultiPoint"",""coordinates"":[]}"
20000703,2000-07-03,-0.007294742903030646,292.5675800160586,0.004951393827695247,"{""type"":""MultiPoint"",""coordinates"":[]}"
20000704,2000-07-04,-0.006651605067636142,291.4181074638546,0.009691145860345193,"{""type"":""MultiPoint"",""coordinates"":[]}"
20000705,2000-07-05,-0.011175947171734018,289.9920456005144,0.001297781291179245,"{""type"":""MultiPoint"",""coordinates"":[]}"
20000706,2000-07-06,-0.01081244769879215,290.44803462821926,2.522366832429975E-4,"{""type"":""MultiPoint"",""coordinates"":[]}"
20000707,2000-07-07,-0.005774938956997135,290.2772051806649,0.011216938787161986,"{""type"":""MultiPoint"",""coordinates"":[]}"
20000708,2000-07-08,-0.0054478149743214365,286.2438558786572,0.010701412306184085,"{""type"":""MultiPoint"",""coordinates"":[]}"
20000709,2000-07-09,-0.008088735592461753,285.14101218995177,0.004218415878847357,"{""type"":""MultiPoint"",""coordinates"":[]}"
20000710,2000-07-10,-0.008416371793856441,288.3813513031206,0.0076391220580922,"{""type"":""MultiPoint"",""coordinates"":[]}"
20000711,2000-07-11,-0.003605956301516021,285.11358006163994,0.016428346827921755,"{""type"":""MultiPoint"",""coordinates"":[]}"
20000712,2000-07-12,-0.005075683347266566,283.7176606570916,0.008609240528224198,"{""type"":""MultiPoint"",""coordinates"":[]}"
20000713,2000-07-13,-0.008187652460318655,284.0140511848298,0.0020676049789063837,"{""type"":""MultiPoint"",""coordinates"":[]}"
20000714,2000-07-14,-0.0033168704246422697,283.81587973800725,0.01043131728181385,"{""type"":""MultiPoint"",""coordinates"":[]}"
20000715,2000-07-15,-0.004250820012039182,283.3127428163142,0.007953051919962902,"{""type"":""MultiPoint"",""coordinates"":[]}"
20000716,2000-07-16,-0.005024121839293836,283.27822784980947,0.006905425905382746,"{""type"":""MultiPoint"",""coordinates"":[]}"
20000717,2000-07-17,-0.007174584151741078,284.55166190257034,0.003200789980300408,"{""type"":""MultiPoint"",""coordinates"":[]}"
20000718,2000-07-18,-0.007363685484366167,285.9976790002984,8.69774026588328E-4,"{""type"":""MultiPoint"",""coordinates"":[]}"
20000719,2000-07-19,-0.007107082899759432,285.8904788273545,0.002281402285128537,"{""type"":""MultiPoint"",""coordinates"":[]}"
20000720,2000-07-20,-0.006620589256822646,285.79745076629865,0.0012426021643557367,"{""type"":""MultiPoint"",""coordinates"":[]}"
20000721,2000-07-21,-0.007771629850830463,287.0559924824027,7.905442503547456E-4,"{""type"":""MultiPoint"",""coordinates"":[]}"
20000722,2000-07-22,-0.007874802368627497,287.97190525268985,0.0010163445730540011,"{""type"":""MultiPoint"",""coordinates"":[]}"
20000723,2000-07-23,-0.006500334185816192,289.50310026461057,0.0019880299855926644,"{""type"":""MultiPoint"",""coordinates"":[]}"
20000724,2000-07-24,-0.005795483979194114,291.03271752629024,0.011725480334818648,"{""type"":""MultiPoint"",""coordinates"":[]}"
20000725,2000-07-25,-0.008273205944247578,290.50698936461873,0.005290738565132496,"{""type"":""MultiPoint"",""coordinates"":[]}"
20000726,2000-07-26,-0.0051755005924103755,289.1877356199196,0.010436941097504286,"{""type"":""MultiPoint"",""coordinates"":[]}"
20000727,2000-07-27,-0.008333658199921505,289.89284498545254,0.0011814932485343618,"{""type"":""MultiPoint"",""coordinates"":[]}"
20000728,2000-07-28,-0.003126240130521205,287.5320479459646,0.01591446373027105,"{""type"":""MultiPoint"",""coordinates"":[]}"
20000729,2000-07-29,-0.00619626281086417,286.5352470820057,0.006803423005564593,"{""type"":""MultiPoint"",""coordinates"":[]}"
20000730,2000-07-30,-0.004858881962422922,286.5231140060565,0.0058870509650941795,"{""type"":""MultiPoint"",""coordinates"":[]}"
20000731,2000-07-31,-0.007358236734225193,287.9990825079287,9.608760149011765E-4,"{""type"":""MultiPoint"",""coordinates"":[]}"
20000801,2000-08-01,-0.008981971702496686,290.3354080823304,2.5593369661812567E-4,"{""type"":""MultiPoint"",""coordinates"":[]}"
20000802,2000-08-02,-0.00938852211797313,291.84704028780266,0.0018574845314193959,"{""type"":""MultiPoint"",""coordinates"":[]}"
20000803,2000-08-03,-0.004687206674375297,289.62727485514193,0.013310932767335049,"{""type"":""MultiPoint"",""coordinates"":[]}"
20000804,2000-08-04,-0.002935664034647418,287.25692995140906,0.009588329193786556,"{""type"":""MultiPoint"",""coordinates"":[]}"
20000805,2000-08-05,-0.0036937085803761577,288.0673138734709,0.007553437048389397,"{""type"":""MultiPoint"",""coordinates"":[]}"
20000806,2000-08-06,-0.0035667301555829703,287.7720577974808,0.02035480520319731,"{""type"":""MultiPoint"",""coordinates"":[]}"
20000807,2000-08-07,-0.004222493696031393,287.5716227734218,0.008074978054068573,"{""type"":""MultiPoint"",""coordinates"":[]}"
20000808,2000-08-08,-0.006131403625843397,288.2464129721104,0.002820806236044277,"{""type"":""MultiPoint"",""coordinates"":[]}"
20000809,2000-08-09,-0.005712754851819558,289.05712978860606,0.001887411470899061,"{""type"":""MultiPoint"",""coordinates"":[]}"
20000810,2000-08-10,-0.007643940552596146,290.4470690885133,1.9813475794294797E-4,"{""type"":""MultiPoint"",""coordinates"":[]}"
20000811,2000-08-11,-0.009089161731623968,291.72774059443486,2.8147167890445895E-4,"{""type"":""MultiPoint"",""coordinates"":[]}"
20000812,2000-08-12,-0.007410659642623309,291.7112527028287,0.0015255847809226338,"{""type"":""MultiPoint"",""coordinates"":[]}"
20000813,2000-08-13,-0.008466524670073758,292.44612988088477,7.99856279501694E-4,"{""type"":""MultiPoint"",""coordinates"":[]}"
20000814,2000-08-14,-0.008930795707746032,292.8635442857378,2.8123761918894647E-4,"{""type"":""MultiPoint"",""coordinates"":[]}"
20000815,2000-08-15,-0.008865407172350818,293.23253203379056,2.3943242802951646E-4,"{""type"":""MultiPoint"",""coordinates"":[]}"
20000816,2000-08-16,-0.007333975875472457,293.1143208041476,9.429640847277111E-4,"{""type"":""MultiPoint"",""coordinates"":[]}"
20000817,2000-08-17,-0.008862264871597001,293.7961636336871,0.0012107642960025441,"{""type"":""MultiPoint"",""coordinates"":[]}"
20000818,2000-08-18,-0.007453051961568363,293.49404311671253,0.0014246822255473887,"{""type"":""MultiPoint"",""coordinates"":[]}"
20000819,2000-08-19,-0.00943787315702994,295.16687778933897,3.0877200968896525E-4,"{""type"":""MultiPoint"",""coordinates"":[]}"
20000820,2000-08-20,-0.010026333687377053,295.95843010876473,2.980821993656301E-4,"{""type"":""MultiPoint"",""coordinates"":[]}"
20000821,2000-08-21,-0.009721187563410486,294.77861883731237,0.006856329788389335,"{""type"":""MultiPoint"",""coordinates"":[]}"
20000822,2000-08-22,-0.006574876704620493,290.20727011585063,0.0035316843275308386,"{""type"":""MultiPoint"",""coordinates"":[]}"
20000823,2000-08-23,-0.00724484742365069,290.19278095586986,6.207880200369877E-4,"{""type"":""MultiPoint"",""coordinates"":[]}"
20000824,2000-08-24,-0.008970343663685773,290.8881454025266,5.3283333866045946E-5,"{""type"":""MultiPoint"",""coordinates"":[]}"
20000825,2000-08-25,-0.01051404240356888,289.672618283443,5.5576915824071044E-5,"{""type"":""MultiPoint"",""coordinates"":[]}"
20000826,2000-08-26,-0.011107908526558938,288.77861516574444,1.2142160546406056E-5,"{""type"":""MultiPoint"",""coordinates"":[]}"
20000827,2000-08-27,-0.007810237341896637,288.4014078614582,0.005404649329500435,"{""type"":""MultiPoint"",""coordinates"":[]}"
20000828,2000-08-28,-0.003580752161784526,287.3612334331719,0.008567087594330312,"{""type"":""MultiPoint"",""coordinates"":[]}"
20000829,2000-08-29,-0.006775267018533026,288.0445531234745,4.747329286922275E-4,"{""type"":""MultiPoint"",""coordinates"":[]}"
20000830,2000-08-30,-0.006410559337533069,289.0210555700061,0.0033030256994051924,"{""type"":""MultiPoint"",""coordinates"":[]}"
20000831,2000-08-31,-0.003423472754933133,287.9723984431574,0.00971854071841625,"{""type"":""MultiPoint"",""coordinates"":[]}"
20000901,2000-09-01,-0.004824627621207844,288.1125589456112,0.0034736433870338392,"{""type"":""MultiPoint"",""coordinates"":[]}"
20000902,2000-09-02,-0.0049006221555569825,286.0222527404841,0.005123303660907474,"{""type"":""MultiPoint"",""coordinates"":[]}"
20000903,2000-09-03,-0.00571407206248763,284.79433071670513,0.0049418802605946,"{""type"":""MultiPoint"",""coordinates"":[]}"
20000904,2000-09-04,-0.004987038916828273,283.6310613204733,0.004316808744393512,"{""type"":""MultiPoint"",""coordinates"":[]}"
20000905,2000-09-05,-0.004862789177145463,283.033848061475,0.003342867795391907,"{""type"":""MultiPoint"",""coordinates"":[]}"
20000906,2000-09-06,-0.005311933784014872,284.043561899189,0.0031542228930922997,"{""type"":""MultiPoint"",""coordinates"":[]}"
20000907,2000-09-07,-0.003123658691648466,283.48197879580096,0.013182248840098259,"{""type"":""MultiPoint"",""coordinates"":[]}"
20000908,2000-09-08,-0.004900531069707733,284.7560334668241,2.6951066728016514E-4,"{""type"":""MultiPoint"",""coordinates"":[]}"
20000909,2000-09-09,-0.007085141740977314,287.0509096284628,4.5489270547244844E-7,"{""type"":""MultiPoint"",""coordinates"":[]}"
20000910,2000-09-10,-0.006986170660709,288.39137792902045,1.3159399007592673E-6,"{""type"":""MultiPoint"",""coordinates"":[]}"
20000911,2000-09-11,-0.006501770376180644,288.639122999402,1.002687527426737E-4,"{""type"":""MultiPoint"",""coordinates"":[]}"
20000912,2000-09-12,-0.006749553516167971,289.02685964417105,6.020804041460961E-5,"{""type"":""MultiPoint"",""coordinates"":[]}"
20000913,2000-09-13,-0.003831511230191492,288.29434750249465,0.006097875181300545,"{""type"":""MultiPoint"",""coordinates"":[]}"
20000914,2000-09-14,-0.004681102360806378,288.11064237808864,7.703120600357905E-4,"{""type"":""MultiPoint"",""coordinates"":[]}"
20000915,2000-09-15,-0.005013527763214032,288.4558553935764,5.377031583514752E-4,"{""type"":""MultiPoint"",""coordinates"":[]}"
20000916,2000-09-16,-0.004717447910254934,286.9372439245543,0.01284204892390049,"{""type"":""MultiPoint"",""coordinates"":[]}"
20000917,2000-09-17,-0.0029161871313880725,284.14332500751476,0.007339441131077198,"{""type"":""MultiPoint"",""coordinates"":[]}"
20000918,2000-09-18,-0.004123055027517729,284.5755823991702,4.449377034992311E-4,"{""type"":""MultiPoint"",""coordinates"":[]}"
20000919,2000-09-19,-0.005523901775802511,284.6323438436086,1.4480669581966137E-4,"{""type"":""MultiPoint"",""coordinates"":[]}"
20000920,2000-09-20,-0.004550376788091128,286.188721100983,0.0011857605588148933,"{""type"":""MultiPoint"",""coordinates"":[]}"
20000921,2000-09-21,-0.0021948238924688235,283.3694159117543,0.0218908267019828,"{""type"":""MultiPoint"",""coordinates"":[]}"
20000922,2000-09-22,-0.0023462309728625747,282.58003853632806,0.0019457427332450997,"{""type"":""MultiPoint"",""coordinates"":[]}"
20000923,2000-09-23,-0.004751163501329772,282.9309957928462,1.6037253613533325E-4,"{""type"":""MultiPoint"",""coordinates"":[]}"
20000924,2000-09-24,-0.0049512384244294275,283.36848208242105,2.5667555966163996E-5,"{""type"":""MultiPoint"",""coordinates"":[]}"
20000925,2000-09-25,-0.003371759152014632,284.56678958660564,0.0013225047086067086,"{""type"":""MultiPoint"",""coordinates"":[]}"
20000926,2000-09-26,-0.0039326312464809205,286.0173397989663,1.0507613158869821E-4,"{""type"":""MultiPoint"",""coordinates"":[]}"
20000927,2000-09-27,-0.004585783412526628,286.8404446900952,8.057479974603852E-4,"{""type"":""MultiPoint"",""coordinates"":[]}"
20000928,2000-09-28,-0.005221370766542472,287.24556635440536,6.657529167776723E-5,"{""type"":""MultiPoint"",""coordinates"":[]}"
20000929,2000-09-29,-0.006979409692510551,287.46004646626517,3.092300948743357E-5,"{""type"":""MultiPoint"",""coordinates"":[]}"
20000930,2000-09-30,-0.006383029428745181,287.6271139604971,0.0016410720286130346,"{""type"":""MultiPoint"",""coordinates"":[]}"
20001001,2000-10-01,-0.0033658173479275055,286.7065729829194,0.007339239819812392,"{""type"":""MultiPoint"",""coordinates"":[]}"
20001002,2000-10-02,-0.0025739355528366175,285.2659579545748,0.010136282758232498,"{""type"":""MultiPoint"",""coordinates"":[]}"
20001003,2000-10-03,-0.0011728232781161366,283.3488544273558,0.009388228198582475,"{""type"":""MultiPoint"",""coordinates"":[]}"
20001004,2000-10-04,-0.0027143961489375728,285.20901411914883,9.190530786378448E-4,"{""type"":""MultiPoint"",""coordinates"":[]}"
20001005,2000-10-05,-0.003362904036462381,285.3462063663081,0.0013544192102702148,"{""type"":""MultiPoint"",""coordinates"":[]}"
20001006,2000-10-06,-0.0015923799068882586,282.25714744709967,0.009520682198020158,"{""type"":""MultiPoint"",""coordinates"":[]}"
20001007,2000-10-07,-0.0012955595930563308,278.7130324144115,0.014085712392680331,"{""type"":""MultiPoint"",""coordinates"":[]}"
20001008,2000-10-08,-0.0021348419173168203,278.98945638457155,0.001904135562975481,"{""type"":""MultiPoint"",""coordinates"":[]}"
20001009,2000-10-09,-0.0013866112133438207,279.3836411953922,0.005262646210933823,"{""type"":""MultiPoint"",""coordinates"":[]}"
20001010,2000-10-10,-0.002423646115483179,279.3719069087832,0.002391508215401945,"{""type"":""MultiPoint"",""coordinates"":[]}"
20001011,2000-10-11,-0.003826688293984508,282.2902963438596,0.004470642240707501,"{""type"":""MultiPoint"",""coordinates"":[]}"
20001012,2000-10-12,-0.003166093123413939,284.2591579697121,0.003673364781448008,"{""type"":""MultiPoint"",""coordinates"":[]}"
20001013,2000-10-13,-0.003969725053662803,286.0898740571449,4.230632497947181E-4,"{""type"":""MultiPoint"",""coordinates"":[]}"
20001014,2000-10-14,-0.0030914868998869255,287.0367107326473,2.71148069378143E-4,"{""type"":""MultiPoint"",""coordinates"":[]}"
20001015,2000-10-15,-0.005094309240483324,287.6006399267203,5.413444254929178E-4,"{""type"":""MultiPoint"",""coordinates"":[]}"
20001016,2000-10-16,-0.004960422382989825,285.952235990774,9.10558485226446E-5,"{""type"":""MultiPoint"",""coordinates"":[]}"
20001017,2000-10-17,-0.002304127465481194,283.6882449088241,0.003326893259415839,"{""type"":""MultiPoint"",""coordinates"":[]}"
20001018,2000-10-18,-0.001320590538514713,282.4458282875604,0.004821073656423059,"{""type"":""MultiPoint"",""coordinates"":[]}"
20001019,2000-10-19,-0.0013651879343337437,282.50971642777523,0.003659422933249886,"{""type"":""MultiPoint"",""coordinates"":[]}"
20001020,2000-10-20,-0.0035275350566467403,283.2232387772249,7.616651200153227E-5,"{""type"":""MultiPoint"",""coordinates"":[]}"
20001021,2000-10-21,-0.004193281676362348,282.0678922289566,7.348137694941315E-6,"{""type"":""MultiPoint"",""coordinates"":[]}"
20001022,2000-10-22,-0.003222234651706464,280.9171230233975,5.345545021645647E-6,"{""type"":""MultiPoint"",""coordinates"":[]}"
20001023,2000-10-23,-0.0032612780780732335,280.7128443388172,8.591554154878492E-6,"{""type"":""MultiPoint"",""coordinates"":[]}"
20001024,2000-10-24,-0.002304621749016466,281.8974548130444,9.669787032523943E-4,"{""type"":""MultiPoint"",""coordinates"":[]}"
20001025,2000-10-25,-0.003691078713806205,284.01309539138634,2.1411028089094638E-4,"{""type"":""MultiPoint"",""coordinates"":[]}"
20001026,2000-10-26,-0.002536778066867722,282.7949200333855,0.005034998237243552,"{""type"":""MultiPoint"",""coordinates"":[]}"
20001027,2000-10-27,-0.00317348525068155,280.36554236018475,0.0017073129477919848,"{""type"":""MultiPoint"",""coordinates"":[]}"
20001028,2000-10-28,-0.0028050566306354278,281.9656783709485,1.714622091957197E-4,"{""type"":""MultiPoint"",""coordinates"":[]}"
20001029,2000-10-29,-0.0027717897647031274,281.4625892720994,3.466499751420098E-4,"{""type"":""MultiPoint"",""coordinates"":[]}"
20001030,2000-10-30,-0.0036636516660469754,282.2930749498489,1.2904196397702528E-4,"{""type"":""MultiPoint"",""coordinates"":[]}"
20001031,2000-10-31,-0.0024857153470477186,281.46237324122376,0.006939179153548992,"{""type"":""MultiPoint"",""coordinates"":[]}"
20001101,2000-11-01,-0.0028119572541653692,278.50815877323276,0.0044476855871923284,"{""type"":""MultiPoint"",""coordinates"":[]}"
20001102,2000-11-02,-0.003031257227096292,278.3505954449907,1.649978531621298E-4,"{""type"":""MultiPoint"",""coordinates"":[]}"
20001103,2000-11-03,-0.002752950057860989,280.85116643826376,0.003233028980398862,"{""type"":""MultiPoint"",""coordinates"":[]}"
20001104,2000-11-04,-0.0011837995259593567,278.1605373658832,0.009628102186204102,"{""type"":""MultiPoint"",""coordinates"":[]}"
20001105,2000-11-05,-0.002320378868122024,275.7371137230095,3.2311186341133603E-4,"{""type"":""MultiPoint"",""coordinates"":[]}"
20001106,2000-11-06,-0.0028665636406445083,278.25132805865763,0.006169985604823033,"{""type"":""MultiPoint"",""coordinates"":[]}"
20001107,2000-11-07,-0.00201710157926424,279.0587909879622,0.00372312870542185,"{""type"":""MultiPoint"",""coordinates"":[]}"
20001108,2000-11-08,-0.002337159191200392,277.8046053307481,6.72343984264427E-4,"{""type"":""MultiPoint"",""coordinates"":[]}"
20001109,2000-11-09,-0.00222836290668323,277.38010288409555,5.017770830348876E-4,"{""type"":""MultiPoint"",""coordinates"":[]}"
20001110,2000-11-10,-0.0018385609132524946,275.9428260180614,0.0010581403195539009,"{""type"":""MultiPoint"",""coordinates"":[]}"
20001111,2000-11-11,-0.0020239428756542335,274.89104432099464,3.882800738366405E-5,"{""type"":""MultiPoint"",""coordinates"":[]}"
20001112,2000-11-12,-0.0021871592087308804,275.90537277817765,8.989693530741791E-5,"{""type"":""MultiPoint"",""coordinates"":[]}"
20001113,2000-11-13,-0.001880963917275967,279.1285344255276,3.668591212374516E-4,"{""type"":""MultiPoint"",""coordinates"":[]}"
20001114,2000-11-14,-0.0010628765689323608,280.469407303818,0.005463449948936949,"{""type"":""MultiPoint"",""coordinates"":[]}"
20001115,2000-11-15,-0.0012199726101457518,278.6552888421306,0.0020182490329920246,"{""type"":""MultiPoint"",""coordinates"":[]}"
20001116,2000-11-16,-0.00154384251190909,278.0253942002329,0.004681212172507376,"{""type"":""MultiPoint"",""coordinates"":[]}"
20001117,2000-11-17,-9.67870726204777E-4,277.6581962761067,0.007293843806727307,"{""type"":""MultiPoint"",""coordinates"":[]}"
20001118,2000-11-18,-0.0013724629290102336,274.56927631067356,0.0028842313767484065,"{""type"":""MultiPoint"",""coordinates"":[]}"
20001119,2000-11-19,-0.0012130112037747971,273.4361589034326,3.855483846578207E-4,"{""type"":""MultiPoint"",""coordinates"":[]}"
20001120,2000-11-20,-9.608517857265529E-4,275.8855692250875,0.0014294200029448599,"{""type"":""MultiPoint"",""coordinates"":[]}"
20001121,2000-11-21,-6.836641627431144E-4,276.397119189117,0.004208595018029657,"{""type"":""MultiPoint"",""coordinates"":[]}"
20001122,2000-11-22,-7.172502066988809E-4,276.88177814309296,6.22050265084628E-4,"{""type"":""MultiPoint"",""coordinates"":[]}"
20001123,2000-11-23,-0.0011543715256461448,277.20973879540924,3.507243733535581E-4,"{""type"":""MultiPoint"",""coordinates"":[]}"
20001124,2000-11-24,-8.631562485314461E-4,277.62768376319116,0.0024871531514310853,"{""type"":""MultiPoint"",""coordinates"":[]}"
20001125,2000-11-25,-5.140500917592707E-4,276.13835117040554,0.005571519208203199,"{""type"":""MultiPoint"",""coordinates"":[]}"
20001126,2000-11-26,-0.001175605834908847,275.6940452308153,0.004995759022513323,"{""type"":""MultiPoint"",""coordinates"":[]}"
20001127,2000-11-27,-0.0015548737060436023,274.63545580968076,8.608128024537691E-4,"{""type"":""MultiPoint"",""coordinates"":[]}"
20001128,2000-11-28,-5.85918877522604E-4,275.22313191867295,0.002348414612796508,"{""type"":""MultiPoint"",""coordinates"":[]}"
20001129,2000-11-29,-8.222613800422685E-4,276.4258753103778,9.171354847762967E-6,"{""type"":""MultiPoint"",""coordinates"":[]}"
20001130,2000-11-30,-6.270240937278037E-4,275.99204619599885,7.409200097377352E-6,"{""type"":""MultiPoint"",""coordinates"":[]}"
20001201,2000-12-01,-8.438914734118328E-4,274.7836644471991,5.765890325602528E-5,"{""type"":""MultiPoint"",""coordinates"":[]}"
20001202,2000-12-02,-7.048460432600672E-4,275.3467243617243,1.457834067416573E-4,"{""type"":""MultiPoint"",""coordinates"":[]}"
20001203,2000-12-03,-5.766273179328492E-4,275.7302393008345,3.221522372820661E-4,"{""type"":""MultiPoint"",""coordinates"":[]}"
20001204,2000-12-04,-6.043463035844788E-4,275.96908724706896,7.907638297859797E-5,"{""type"":""MultiPoint"",""coordinates"":[]}"
20001205,2000-12-05,-7.466078360962791E-4,275.49088751279766,2.350772529028124E-4,"{""type"":""MultiPoint"",""coordinates"":[]}"
20001206,2000-12-06,-7.625023959976566E-4,274.7902098023486,4.626316673565807E-4,"{""type"":""MultiPoint"",""coordinates"":[]}"
20001207,2000-12-07,-9.667194429324553E-4,275.40588223145676,4.999948949416667E-4,"{""type"":""MultiPoint"",""coordinates"":[]}"
20001208,2000-12-08,-8.719823591046912E-4,277.5821985112399,8.96468987027791E-4,"{""type"":""MultiPoint"",""coordinates"":[]}"
20001209,2000-12-09,-2.9097008602764913E-4,277.070005117662,0.004296569472184535,"{""type"":""MultiPoint"",""coordinates"":[]}"
20001210,2000-12-10,-0.0011277193986819476,277.2234094001048,0.0038684979688788806,"{""type"":""MultiPoint"",""coordinates"":[]}"
20001211,2000-12-11,-0.0018729066546077588,278.88271642068884,0.002746670583492049,"{""type"":""MultiPoint"",""coordinates"":[]}"
20001212,2000-12-12,-0.0011655492416011246,279.0819737122969,8.404624256772466E-4,"{""type"":""MultiPoint"",""coordinates"":[]}"
20001213,2000-12-13,-0.0026126581876036396,279.4261565411778,1.488115879891619E-5,"{""type"":""MultiPoint"",""coordinates"":[]}"
20001214,2000-12-14,-0.0017913569750864482,277.5265257574038,0.0016285602325761556,"{""type"":""MultiPoint"",""coordinates"":[]}"
20001215,2000-12-15,-0.0014062033348452199,275.33308754330517,0.005532378377268017,"{""type"":""MultiPoint"",""coordinates"":[]}"
20001216,2000-12-16,-0.0023904566201034387,272.61722616881394,0.0032417669825288344,"{""type"":""MultiPoint"",""coordinates"":[]}"
20001217,2000-12-17,-0.00112280902974346,271.88293530906975,0.0021062100502716747,"{""type"":""MultiPoint"",""coordinates"":[]}"
20001218,2000-12-18,-7.398138067090732E-4,271.64336289611373,0.0015129754567126045,"{""type"":""MultiPoint"",""coordinates"":[]}"
20001219,2000-12-19,-3.1957571897897754E-4,272.94915720419226,0.007815472526260832,"{""type"":""MultiPoint"",""coordinates"":[]}"
20001220,2000-12-20,-0.0012375117457233181,270.08983499906196,6.808967940732663E-5,"{""type"":""MultiPoint"",""coordinates"":[]}"
20001221,2000-12-21,-9.185809763333068E-4,267.5598943252726,2.8245789679645396E-5,"{""type"":""MultiPoint"",""coordinates"":[]}"
20001222,2000-12-22,-9.882100792566238E-4,266.0924647791537,6.80809479194766E-6,"{""type"":""MultiPoint"",""coordinates"":[]}"
20001223,2000-12-23,-7.8724659217542E-4,266.28041033652556,2.752545944779063E-6,"{""type"":""MultiPoint"",""coordinates"":[]}"
20001224,2000-12-24,-8.223544011997019E-4,267.0973147129563,6.270795237393213E-5,"{""type"":""MultiPoint"",""coordinates"":[]}"
20001225,2000-12-25,-5.188263088192753E-4,270.59257356942766,6.84201259753911E-4,"{""type"":""MultiPoint"",""coordinates"":[]}"
20001226,2000-12-26,-2.8037557729536193E-4,271.8692790114091,0.0015595238285309428,"{""type"":""MultiPoint"",""coordinates"":[]}"
20001227,2000-12-27,-3.699526689876453E-4,272.1798985901151,3.5834013616693663E-4,"{""type"":""MultiPoint"",""coordinates"":[]}"
20001228,2000-12-28,-2.2786749763210545E-4,272.6646200131389,0.0072275141628645595,"{""type"":""MultiPoint"",""coordinates"":[]}"
20001229,2000-12-29,-3.5237137906622224E-4,270.83590543342063,0.00330663469729528,"{""type"":""MultiPoint"",""coordinates"":[]}"
20001230,2000-12-30,-8.957586493479143E-4,270.07451914022835,0.003930582632784622,"{""type"":""MultiPoint"",""coordinates"":[]}"
20001231,2000-12-31,-0.0010210482251694396,268.1975766724165,9.667014148928145E-4,"{""type"":""MultiPoint"",""coordinates"":[]}"
20010101,2001-01-01,-8.630094254596702E-4,266.4531012066799,7.511683182784325E-6,"{""type"":""MultiPoint"",""coordinates"":[]}"
20010102,2001-01-02,-5.946035762187174E-4,270.6669385005743,0.002347238134012834,"{""type"":""MultiPoint"",""coordinates"":[]}"
20010103,2001-01-03,-5.091872895795096E-4,272.5124294945181,0.0030286142143681263,"{""type"":""MultiPoint"",""coordinates"":[]}"
20010104,2001-01-04,-4.1620350283653616E-4,271.79329663009605,9.392897724253902E-4,"{""type"":""MultiPoint"",""coordinates"":[]}"
20010105,2001-01-05,-9.03987694492225E-4,273.90444398290595,0.0016236342392011711,"{""type"":""MultiPoint"",""coordinates"":[]}"
20010106,2001-01-06,-5.292045853382645E-4,275.8510669314954,0.004770178396754521,"{""type"":""MultiPoint"",""coordinates"":[]}"
20010107,2001-01-07,-2.078171434599984E-4,274.4530282875383,0.009010282601725251,"{""type"":""MultiPoint"",""coordinates"":[]}"
20010108,2001-01-08,-2.6858894205164356E-4,273.4356121262635,0.01308502679542054,"{""type"":""MultiPoint"",""coordinates"":[]}"
20010109,2001-01-09,-9.732927042177224E-4,271.40874965065274,0.002222760257453966,"{""type"":""MultiPoint"",""coordinates"":[]}"
20010110,2001-01-10,-5.045437335138459E-4,270.2268477371462,8.65581825269008E-4,"{""type"":""MultiPoint"",""coordinates"":[]}"
20010111,2001-01-11,-3.6881260318143714E-4,272.45484907791496,0.0033714054894366037,"{""type"":""MultiPoint"",""coordinates"":[]}"
20010112,2001-01-12,-8.261104463714022E-4,270.73546326441215,2.0347131147238317E-4,"{""type"":""MultiPoint"",""coordinates"":[]}"
20010113,2001-01-13,-0.0013213200701211486,267.90704950799926,8.434956330129042E-5,"{""type"":""MultiPoint"",""coordinates"":[]}"
20010114,2001-01-14,-0.001329113138537144,266.00090772332885,1.6138891603918497E-5,"{""type"":""MultiPoint"",""coordinates"":[]}"
20010115,2001-01-15,-0.0012689826165940886,265.0140061711976,5.711471394877285E-6,"{""type"":""MultiPoint"",""coordinates"":[]}"
20010116,2001-01-16,-7.816303726248491E-4,264.53345412268084,1.595781715071674E-5,"{""type"":""MultiPoint"",""coordinates"":[]}"
20010117,2001-01-17,-7.953715854021324E-4,266.2393157729405,1.2540276984425528E-4,"{""type"":""MultiPoint"",""coordinates"":[]}"
20010118,2001-01-18,-7.547450674809887E-4,268.45822127090605,3.632390232648039E-4,"{""type"":""MultiPoint"",""coordinates"":[]}"
20010119,2001-01-19,-7.079099405911572E-4,268.6376489643534,7.038722379582873E-5,"{""type"":""MultiPoint"",""coordinates"":[]}"
20010120,2001-01-20,-7.476761514777083E-4,270.15025772683225,3.100179500956861E-4,"{""type"":""MultiPoint"",""coordinates"":[]}"
20010121,2001-01-21,-7.151568626819015E-4,269.76378903554524,7.130506157974668E-4,"{""type"":""MultiPoint"",""coordinates"":[]}"
20010122,2001-01-22,-9.076256193986965E-4,270.783365940779,0.002011294469546624,"{""type"":""MultiPoint"",""coordinates"":[]}"
20010123,2001-01-23,-8.641937109912002E-4,271.9897855490029,0.0015638995999212378,"{""type"":""MultiPoint"",""coordinates"":[]}"
20010124,2001-01-24,-9.748375019239376E-4,274.0286242870727,0.003985770782385281,"{""type"":""MultiPoint"",""coordinates"":[]}"
20010125,2001-01-25,-8.859958932322505E-4,274.9692122663419,0.0037808584848290456,"{""type"":""MultiPoint"",""coordinates"":[]}"
20010126,2001-01-26,-6.065268530366842E-4,274.1475556695541,0.0023093239476923507,"{""type"":""MultiPoint"",""coordinates"":[]}"
20010127,2001-01-27,-0.0016375727834744196,272.6473546994515,0.0015408770574496969,"{""type"":""MultiPoint"",""coordinates"":[]}"
20010128,2001-01-28,-0.0014379250591600712,271.17314344125583,2.7807808905171012E-5,"{""type"":""MultiPoint"",""coordinates"":[]}"
20010129,2001-01-29,-9.59298228990769E-4,270.93622835892387,1.504060286330547E-4,"{""type"":""MultiPoint"",""coordinates"":[]}"
20010130,2001-01-30,-0.0010576282149140775,270.91270946303473,0.0020315877040256634,"{""type"":""MultiPoint"",""coordinates"":[]}"
20010131,2001-01-31,-0.0016465382231132936,269.90023734839826,0.0015080146748234421,"{""type"":""MultiPoint"",""coordinates"":[]}"
20010201,2001-02-01,-0.001491595944473742,268.67721062628084,0.0026689088389414617,"{""type"":""MultiPoint"",""coordinates"":[]}"
20010202,2001-02-02,-0.0016923141209100533,267.73422840145224,0.0028405941461037763,"{""type"":""MultiPoint"",""coordinates"":[]}"
20010203,2001-02-03,-8.798761792996931E-4,270.3588993067467,0.01063213359147978,"{""type"":""MultiPoint"",""coordinates"":[]}"
20010204,2001-02-04,-8.69300000863811E-4,274.5353973660447,0.007189570108637526,"{""type"":""MultiPoint"",""coordinates"":[]}"
20010205,2001-02-05,-0.0018568475446423358,275.66319657089076,0.002801610286624096,"{""type"":""MultiPoint"",""coordinates"":[]}"
20010206,2001-02-06,-0.002050946073168898,277.2767641231928,3.9020759070897945E-4,"{""type"":""MultiPoint"",""coordinates"":[]}"
20010207,2001-02-07,-0.0013111179683156574,276.8146010779033,4.034040773007377E-5,"{""type"":""MultiPoint"",""coordinates"":[]}"
20010208,2001-02-08,-0.001403528024427893,277.2012461720356,2.6134850362232343E-4,"{""type"":""MultiPoint"",""coordinates"":[]}"
20010209,2001-02-09,-9.436134107976471E-4,275.9811608032699,0.003871574224427248,"{""type"":""MultiPoint"",""coordinates"":[]}"
20010210,2001-02-10,-0.0014137190934993302,274.6845521633709,7.722699994172876E-4,"{""type"":""MultiPoint"",""coordinates"":[]}"
20010211,2001-02-11,-0.002174281182652591,274.01789955612537,3.7994087083954274E-6,"{""type"":""MultiPoint"",""coordinates"":[]}"
20010212,2001-02-12,-0.002259938860068817,275.61264325717644,4.4172242394255424E-7,"{""type"":""MultiPoint"",""coordinates"":[]}"
20010213,2001-02-13,-0.0011883413214692404,275.97290025022255,0.002211288610741565,"{""type"":""MultiPoint"",""coordinates"":[]}"
20010214,2001-02-14,-0.002354060808927924,274.0931724299888,4.9010254587012475E-5,"{""type"":""MultiPoint"",""coordinates"":[]}"
20010215,2001-02-15,-0.0026182718585408544,274.59217711721533,2.6887092900635366E-6,"{""type"":""MultiPoint"",""coordinates"":[]}"
20010216,2001-02-16,-0.0024638432590945595,275.4242370326193,7.405706758858881E-6,"{""type"":""MultiPoint"",""coordinates"":[]}"
20010217,2001-02-17,-0.0012384449472366366,274.3653461090766,0.0017678974209810858,"{""type"":""MultiPoint"",""coordinates"":[]}"
20010218,2001-02-18,-0.003167144684391917,273.361532163357,5.385851000713569E-4,"{""type"":""MultiPoint"",""coordinates"":[]}"
20010219,2001-02-19,-0.0027446150824824486,273.1464008846758,6.322394200404531E-4,"{""type"":""MultiPoint"",""coordinates"":[]}"
20010220,2001-02-20,-0.0027839158127463477,272.9447109151746,0.00442431134257241,"{""type"":""MultiPoint"",""coordinates"":[]}"
20010221,2001-02-21,-0.0033912971960228942,273.60613383054783,0.004472517894985165,"{""type"":""MultiPoint"",""coordinates"":[]}"
20010222,2001-02-22,-0.0027520579459400563,273.6139913083855,0.011716933291967522,"{""type"":""MultiPoint"",""coordinates"":[]}"
20010223,2001-02-23,-0.0017275749615919937,271.85598597395915,0.010482284653883105,"{""type"":""MultiPoint"",""coordinates"":[]}"
20010224,2001-02-24,-0.0020175819801888286,268.34084716496244,0.0014212311417343094,"{""type"":""MultiPoint"",""coordinates"":[]}"
20010225,2001-02-25,-0.0021855959292532345,267.1980309068873,4.3217045826718587E-4,"{""type"":""MultiPoint"",""coordinates"":[]}"
20010226,2001-02-26,-0.002404318702677254,267.34566058421956,7.53233992733219E-4,"{""type"":""MultiPoint"",""coordinates"":[]}"
20010227,2001-02-27,-0.0030520405713910827,268.1725853432624,7.766005646151663E-5,"{""type"":""MultiPoint"",""coordinates"":[]}"
20010228,2001-02-28,-0.0026530195471654934,269.828650832747,3.370574165007219E-4,"{""type"":""MultiPoint"",""coordinates"":[]}"
20010301,2001-03-01,-0.002292536590652577,271.16413356984475,0.0014752359852636555,"{""type"":""MultiPoint"",""coordinates"":[]}"
20010302,2001-03-02,-0.003518988019977497,272.1592407442051,0.0010303610187563958,"{""type"":""MultiPoint"",""coordinates"":[]}"
20010303,2001-03-03,-0.0013956045410397518,273.92232585539557,0.005072278983663736,"{""type"":""MultiPoint"",""coordinates"":[]}"
20010304,2001-03-04,-0.0013544011813999672,275.7893961325496,0.006402746848583284,"{""type"":""MultiPoint"",""coordinates"":[]}"
20010305,2001-03-05,-0.0028735837240641245,274.9649154216252,0.004774463766652611,"{""type"":""MultiPoint"",""coordinates"":[]}"
20010306,2001-03-06,-0.003464994243229282,273.20021886584294,2.0017143162182455E-5,"{""type"":""MultiPoint"",""coordinates"":[]}"
20010307,2001-03-07,-0.0031360504903132935,275.21801258092444,4.519582292972215E-4,"{""type"":""MultiPoint"",""coordinates"":[]}"
20010308,2001-03-08,-0.0033411734473929723,278.0286347797369,8.689360975683953E-4,"{""type"":""MultiPoint"",""coordinates"":[]}"
20010309,2001-03-09,-0.0015032692681442577,278.00657392140016,0.006836794813917143,"{""type"":""MultiPoint"",""coordinates"":[]}"
20010310,2001-03-10,-0.002904198416031384,278.3800582536983,0.0023927454809210794,"{""type"":""MultiPoint"",""coordinates"":[]}"
20010311,2001-03-11,-0.0028659533897225768,280.11202868427534,0.005776182630717671,"{""type"":""MultiPoint"",""coordinates"":[]}"
20010312,2001-03-12,-0.004018124066827604,281.82113162871315,0.004325301942778595,"{""type"":""MultiPoint"",""coordinates"":[]}"
20010313,2001-03-13,-0.003473464151093504,277.8020300477731,0.00809269797550873,"{""type"":""MultiPoint"",""coordinates"":[]}"
20010314,2001-03-14,-0.003993265142470528,276.07020431564797,0.0049929673254245684,"{""type"":""MultiPoint"",""coordinates"":[]}"
20010315,2001-03-15,-0.0023427851765235996,277.35363381611097,0.007532392701913604,"{""type"":""MultiPoint"",""coordinates"":[]}"
20010316,2001-03-16,-0.003679500961581293,279.67581917307353,6.187266381301532E-4,"{""type"":""MultiPoint"",""coordinates"":[]}"
20010317,2001-03-17,-0.0021325878679762677,279.07605132507706,0.004575515668385995,"{""type"":""MultiPoint"",""coordinates"":[]}"
20010318,2001-03-18,-0.0047573388965460395,279.86611357692084,0.0025787772035281223,"{""type"":""MultiPoint"",""coordinates"":[]}"
20010319,2001-03-19,-0.006076728530965198,277.30388018922207,0.0035765544502351435,"{""type"":""MultiPoint"",""coordinates"":[]}"
20010320,2001-03-20,-0.004539157518644017,274.4456573519511,0.0036563373375345966,"{""type"":""MultiPoint"",""coordinates"":[]}"
20010321,2001-03-21,-0.0014278160791324859,275.9583251868676,0.01390736165595257,"{""type"":""MultiPoint"",""coordinates"":[]}"
20010322,2001-03-22,-0.0029013840866164396,278.02967098721837,0.013667771730295049,"{""type"":""MultiPoint"",""coordinates"":[]}"
20010323,2001-03-23,-0.002659371847123059,279.8245535213167,0.00803658897537127,"{""type"":""MultiPoint"",""coordinates"":[]}"
20010324,2001-03-24,-0.0032276076090899473,281.82606564051633,0.004193111793446683,"{""type"":""MultiPoint"",""coordinates"":[]}"
20010325,2001-03-25,-0.0014582139127928666,280.201503613215,0.009601016775933623,"{""type"":""MultiPoint"",""coordinates"":[]}"
20010326,2001-03-26,-0.0035101110204472322,275.8482822561055,0.0023635588478949,"{""type"":""MultiPoint"",""coordinates"":[]}"
20010327,2001-03-27,-0.0035712618480245044,273.54954090644685,6.59515236629396E-4,"{""type"":""MultiPoint"",""coordinates"":[]}"
20010328,2001-03-28,-0.005012281139692309,275.31241895094416,4.1547956957332347E-4,"{""type"":""MultiPoint"",""coordinates"":[]}"
20010329,2001-03-29,-0.003818234287157809,277.21126935383575,0.002244725420281025,"{""type"":""MultiPoint"",""coordinates"":[]}"
20010330,2001-03-30,-0.0019167728609452237,277.34827042890583,0.005382106335764439,"{""type"":""MultiPoint"",""coordinates"":[]}"
20010331,2001-03-31,-0.003889437257569708,278.3756513957097,7.824543948819868E-4,"{""type"":""MultiPoint"",""coordinates"":[]}"
20010401,2001-04-01,-0.005806763705946117,279.43542730495574,4.098803904008143E-6,"{""type"":""MultiPoint"",""coordinates"":[]}"
20010402,2001-04-02,-0.006554634295297584,281.1076074415416,9.693937962294334E-7,"{""type"":""MultiPoint"",""coordinates"":[]}"
20010403,2001-04-03,-0.006419686717994345,282.2400692959587,6.664194781413005E-5,"{""type"":""MultiPoint"",""coordinates"":[]}"
20010404,2001-04-04,-0.0070070509919309765,282.3719066529977,0.0031893025853167306,"{""type"":""MultiPoint"",""coordinates"":[]}"
20010405,2001-04-05,-0.005264354444248611,277.6690474160511,0.004078546571093492,"{""type"":""MultiPoint"",""coordinates"":[]}"
20010406,2001-04-06,-0.005203644531841973,278.8591240829574,0.0025086280104870996,"{""type"":""MultiPoint"",""coordinates"":[]}"
20010407,2001-04-07,-0.002099934409022575,279.1938825235231,0.011495758661003337,"{""type"":""MultiPoint"",""coordinates"":[]}"
20010408,2001-04-08,-0.0023338303889812563,277.5907545844461,0.010865830728790118,"{""type"":""MultiPoint"",""coordinates"":[]}"
20010409,2001-04-09,-0.004248808574702659,277.40413372466776,0.004254741855909085,"{""type"":""MultiPoint"",""coordinates"":[]}"
20010410,2001-04-10,-0.003252954142319417,278.39729204998895,0.005524092331836236,"{""type"":""MultiPoint"",""coordinates"":[]}"
20010411,2001-04-11,-0.002704837194644374,278.73076747368015,0.006442061032662263,"{""type"":""MultiPoint"",""coordinates"":[]}"
20010412,2001-04-12,-0.005047782881567045,278.04182963647764,0.0033201639049207934,"{""type"":""MultiPoint"",""coordinates"":[]}"
20010413,2001-04-13,-0.006336760130830051,273.2318920369213,0.002942773071696917,"{""type"":""MultiPoint"",""coordinates"":[]}"
20010414,2001-04-14,-0.00528464681390361,271.7498536882385,0.0021808151120429973,"{""type"":""MultiPoint"",""coordinates"":[]}"
20010415,2001-04-15,-0.0026550752234278936,273.2854361492909,0.008616990056904228,"{""type"":""MultiPoint"",""coordinates"":[]}"
20010416,2001-04-16,-0.0032068053180353555,276.13373724565486,0.006500788274137855,"{""type"":""MultiPoint"",""coordinates"":[]}"
20010417,2001-04-17,-0.004125484059785611,275.76802986111306,0.002625529500744404,"{""type"":""MultiPoint"",""coordinates"":[]}"
20010418,2001-04-18,-0.006169432642713185,276.718285661694,0.0018373498433308915,"{""type"":""MultiPoint"",""coordinates"":[]}"
20010419,2001-04-19,-0.003307425752094565,276.0181569700729,0.005371087767666189,"{""type"":""MultiPoint"",""coordinates"":[]}"
20010420,2001-04-20,-0.0021490387415721663,275.1731485816026,0.009094848904566969,"{""type"":""MultiPoint"",""coordinates"":[]}"
20010421,2001-04-21,-0.002105030410269331,274.8422289210202,0.009897788237239639,"{""type"":""MultiPoint"",""coordinates"":[]}"
20010422,2001-04-22,-0.002689761925877053,274.7686384034131,0.0042996780144817755,"{""type"":""MultiPoint"",""coordinates"":[]}"
20010423,2001-04-23,-0.00528242524989072,277.2893859023996,1.2302285049109652E-4,"{""type"":""MultiPoint"",""coordinates"":[]}"
20010424,2001-04-24,-0.0074330778948342065,280.5749335845063,2.857865800379914E-5,"{""type"":""MultiPoint"",""coordinates"":[]}"
20010425,2001-04-25,-0.006424552060784235,282.25569901608776,0.002815264025310473,"{""type"":""MultiPoint"",""coordinates"":[]}"
20010426,2001-04-26,-0.0061161604946114,280.01442780249505,0.0020893510704195224,"{""type"":""MultiPoint"",""coordinates"":[]}"
20010427,2001-04-27,-0.00659975593750526,280.9174884631478,2.8456286756875417E-4,"{""type"":""MultiPoint"",""coordinates"":[]}"
20010428,2001-04-28,-0.0062066294938134805,282.1200861775917,0.0013057992196350815,"{""type"":""MultiPoint"",""coordinates"":[]}"
20010429,2001-04-29,-0.007343130594639597,284.4907811100466,7.001140500906646E-4,"{""type"":""MultiPoint"",""coordinates"":[]}"
20010430,2001-04-30,-0.00904129857522545,286.7430708893663,9.020340409954428E-5,"{""type"":""MultiPoint"",""coordinates"":[]}"
20010501,2001-05-01,-0.009180178708441528,288.0946809296342,1.5169855765004353E-5,"{""type"":""MultiPoint"",""coordinates"":[]}"
20010502,2001-05-02,-0.009443463442278522,288.59739329512394,6.690260660312342E-5,"{""type"":""MultiPoint"",""coordinates"":[]}"
20010503,2001-05-03,-0.00887948346595962,288.3322673177824,8.794219353078177E-4,"{""type"":""MultiPoint"",""coordinates"":[]}"
20010504,2001-05-04,-0.00595406860310246,286.73658570107176,0.0033782977435937696,"{""type"":""MultiPoint"",""coordinates"":[]}"
20010505,2001-05-05,-0.005033890427688442,285.27525501194606,0.007541315174905518,"{""type"":""MultiPoint"",""coordinates"":[]}"
20010506,2001-05-06,-0.0024975158452469714,282.70089831756445,0.0032727366512031127,"{""type"":""MultiPoint"",""coordinates"":[]}"
20010507,2001-05-07,-0.0030657613139971306,282.23032623675397,0.0014477382515757883,"{""type"":""MultiPoint"",""coordinates"":[]}"
20010508,2001-05-08,-0.0033035092914738204,283.5699342712997,0.0021236474840444423,"{""type"":""MultiPoint"",""coordinates"":[]}"
20010509,2001-05-09,-0.0074854105896265625,285.67888734321997,8.593626757871536E-4,"{""type"":""MultiPoint"",""coordinates"":[]}"
20010510,2001-05-10,-0.009029447600910992,285.5309000795851,4.323396804164278E-4,"{""type"":""MultiPoint"",""coordinates"":[]}"
20010511,2001-05-11,-0.008766860470109045,285.42672472700065,0.0012044220281939204,"{""type"":""MultiPoint"",""coordinates"":[]}"
20010512,2001-05-12,-0.008983559089795217,284.13747463802076,1.6225294924997603E-4,"{""type"":""MultiPoint"",""coordinates"":[]}"
20010513,2001-05-13,-0.009824308055338453,284.71892380734,1.4918473861451461E-5,"{""type"":""MultiPoint"",""coordinates"":[]}"
20010514,2001-05-14,-0.008351649992161394,286.38284319631407,0.0030614636629005135,"{""type"":""MultiPoint"",""coordinates"":[]}"
20010515,2001-05-15,-0.005594226335067135,285.89974898121017,0.0056033368783508135,"{""type"":""MultiPoint"",""coordinates"":[]}"
20010516,2001-05-16,-0.008766460041729105,287.4414656478488,0.0013523194258676942,"{""type"":""MultiPoint"",""coordinates"":[]}"
20010517,2001-05-17,-0.007319506625848859,287.77512743077034,0.004509961173606078,"{""type"":""MultiPoint"",""coordinates"":[]}"
20010518,2001-05-18,-0.003215598426110134,283.1535226692572,0.013892569257876831,"{""type"":""MultiPoint"",""coordinates"":[]}"
20010519,2001-05-19,-0.0074443259458161215,282.549690217607,6.496618042039596E-4,"{""type"":""MultiPoint"",""coordinates"":[]}"
20010520,2001-05-20,-0.008431282363142308,284.7531955504531,5.845076826842884E-5,"{""type"":""MultiPoint"",""coordinates"":[]}"
20010521,2001-05-21,-0.00900871775177629,286.6077108900732,1.6447325274948678E-4,"{""type"":""MultiPoint"",""coordinates"":[]}"
20010522,2001-05-22,-0.008348619228729943,285.6446920641453,4.434272651694962E-4,"{""type"":""MultiPoint"",""coordinates"":[]}"
20010523,2001-05-23,-0.00965268514799332,286.3444736382377,8.454080209182037E-4,"{""type"":""MultiPoint"",""coordinates"":[]}"
20010524,2001-05-24,-0.008404370450456843,288.06762330631074,0.0013901519403323361,"{""type"":""MultiPoint"",""coordinates"":[]}"
20010525,2001-05-25,-0.007327685177627377,287.9776797355074,0.0032701412323052938,"{""type"":""MultiPoint"",""coordinates"":[]}"
20010526,2001-05-26,-0.00935306992021511,287.99261604018295,5.853063688544701E-5,"{""type"":""MultiPoint"",""coordinates"":[]}"
20010527,2001-05-27,-0.009727969154463455,289.7689589599096,4.0343394028127615E-4,"{""type"":""MultiPoint"",""coordinates"":[]}"
20010528,2001-05-28,-0.010413071429193567,290.887006757507,0.001291416797840007,"{""type"":""MultiPoint"",""coordinates"":[]}"
20010529,2001-05-29,-0.01260787077360453,291.74681662179114,0.0011859519807857874,"{""type"":""MultiPoint"",""coordinates"":[]}"
20010530,2001-05-30,-0.011003199775627307,289.6258673759853,9.31304609596157E-4,"{""type"":""MultiPoint"",""coordinates"":[]}"
20010531,2001-05-31,-0.007551602774726541,287.82850465899844,0.008187390832155927,"{""type"":""MultiPoint"",""coordinates"":[]}"
20010601,2001-06-01,-0.007532848351194625,283.4730011371897,0.005327097449003296,"{""type"":""MultiPoint"",""coordinates"":[]}"
20010602,2001-06-02,-0.006219073781445613,283.28333524003324,0.005843416349522532,"{""type"":""MultiPoint"",""coordinates"":[]}"
20010603,2001-06-03,-0.005418711959738707,280.6853698978439,0.007920010199670416,"{""type"":""MultiPoint"",""coordinates"":[]}"
20010604,2001-06-04,-0.007825217523191961,280.07536113692925,0.001913626359879981,"{""type"":""MultiPoint"",""coordinates"":[]}"
20010605,2001-06-05,-0.008677584418125443,283.7753245692567,3.3241983761321574E-4,"{""type"":""MultiPoint"",""coordinates"":[]}"
20010606,2001-06-06,-0.0035239606515275477,283.8761592630558,0.00866720478507832,"{""type"":""MultiPoint"",""coordinates"":[]}"
20010607,2001-06-07,-0.008005729128946981,286.24534843650275,7.396105020649023E-4,"{""type"":""MultiPoint"",""coordinates"":[]}"
20010608,2001-06-08,-0.004888231319240677,286.4798598819211,0.00818110117149528,"{""type"":""MultiPoint"",""coordinates"":[]}"
20010609,2001-06-09,-0.002193578915912012,285.00452731595834,0.01297827055831013,"{""type"":""MultiPoint"",""coordinates"":[]}"
20010610,2001-06-10,-0.0019083482600720956,284.9699069618997,0.017631268297239638,"{""type"":""MultiPoint"",""coordinates"":[]}"
20010611,2001-06-11,-0.004361303194261232,282.32358153784526,0.00992577511985916,"{""type"":""MultiPoint"",""coordinates"":[]}"
20010612,2001-06-12,-0.009166918128586561,284.31851433044625,8.579312987036091E-5,"{""type"":""MultiPoint"",""coordinates"":[]}"
20010613,2001-06-13,-0.00828213248367165,286.6432254984796,0.0012311530971061138,"{""type"":""MultiPoint"",""coordinates"":[]}"
20010614,2001-06-14,-0.005268240853274722,286.4918183372319,0.004511290300047239,"{""type"":""MultiPoint"",""coordinates"":[]}"
20010615,2001-06-15,-0.009013260124152161,288.8005625296033,0.0012108953611228172,"{""type"":""MultiPoint"",""coordinates"":[]}"
20010616,2001-06-16,-0.004213137726633906,287.43646083389774,0.011846898886500588,"{""type"":""MultiPoint"",""coordinates"":[]}"
20010617,2001-06-17,-0.004873967063429094,285.7273174247043,0.007851149488638793,"{""type"":""MultiPoint"",""coordinates"":[]}"
20010618,2001-06-18,-0.004393408120063417,284.68024482808124,0.011933161288268913,"{""type"":""MultiPoint"",""coordinates"":[]}"
20010619,2001-06-19,-0.005581356658107524,284.2123613611711,0.007816150270976329,"{""type"":""MultiPoint"",""coordinates"":[]}"
20010620,2001-06-20,-0.00743960944871187,285.2657416354988,8.202265324613268E-4,"{""type"":""MultiPoint"",""coordinates"":[]}"
20010621,2001-06-21,-0.010552486664277138,287.9235367296812,2.754638388728725E-4,"{""type"":""MultiPoint"",""coordinates"":[]}"
20010622,2001-06-22,-0.009029244117901472,286.6511789981601,0.0029608894890156266,"{""type"":""MultiPoint"",""coordinates"":[]}"
20010623,2001-06-23,-0.010377480434482472,285.9182177032345,6.187430425854573E-4,"{""type"":""MultiPoint"",""coordinates"":[]}"
20010624,2001-06-24,-0.010542167381921014,288.1058955277082,3.2329339180117215E-5,"{""type"":""MultiPoint"",""coordinates"":[]}"
20010625,2001-06-25,-0.010010917904356393,289.5026817642084,4.35930884961487E-5,"{""type"":""MultiPoint"",""coordinates"":[]}"
20010626,2001-06-26,-0.011062400585988025,290.7184424499705,1.6367480422579365E-5,"{""type"":""MultiPoint"",""coordinates"":[]}"
20010627,2001-06-27,-0.010766617704349552,292.5923282115054,0.0018964415842351115,"{""type"":""MultiPoint"",""coordinates"":[]}"
20010628,2001-06-28,-0.005084071073649133,290.62294262805335,0.012614452219948407,"{""type"":""MultiPoint"",""coordinates"":[]}"
20010629,2001-06-29,-0.006997534661372367,290.2110824003659,0.0022838300738800316,"{""type"":""MultiPoint"",""coordinates"":[]}"
20010630,2001-06-30,-0.009100380264415793,291.29536133173764,0.0020419437870674703,"{""type"":""MultiPoint"",""coordinates"":[]}"
20010701,2001-07-01,-0.006462838679895463,288.49811607152134,0.007973889832733198,"{""type"":""MultiPoint"",""coordinates"":[]}"
20010702,2001-07-02,-0.008085899743125654,288.406068856776,0.0013144454260533827,"{""type"":""MultiPoint"",""coordinates"":[]}"
20010703,2001-07-03,-0.009364473483147548,287.60208456808203,0.001435796407435344,"{""type"":""MultiPoint"",""coordinates"":[]}"
20010704,2001-07-04,-0.009618261137954161,288.95251298909585,7.80204955097555E-4,"{""type"":""MultiPoint"",""coordinates"":[]}"
20010705,2001-07-05,-0.010633074753470459,290.6156439089288,2.3496015741596006E-4,"{""type"":""MultiPoint"",""coordinates"":[]}"
20010706,2001-07-06,-0.012011717351907774,293.56968260304996,1.1621262199182665E-4,"{""type"":""MultiPoint"",""coordinates"":[]}"
20010707,2001-07-07,-0.010914995640773927,292.7830237781682,0.011422486553867376,"{""type"":""MultiPoint"",""coordinates"":[]}"
20010708,2001-07-08,-0.008641281890837925,289.4235624644829,0.004642792597645186,"{""type"":""MultiPoint"",""coordinates"":[]}"
20010709,2001-07-09,-0.008821271063370646,289.3618701596444,0.002288325105804676,"{""type"":""MultiPoint"",""coordinates"":[]}"
20010710,2001-07-10,-0.008775697361332801,290.8678449254997,0.001082128313300456,"{""type"":""MultiPoint"",""coordinates"":[]}"
20010711,2001-07-11,-0.006731135460766024,289.89473795461515,0.005271441147082898,"{""type"":""MultiPoint"",""coordinates"":[]}"
20010712,2001-07-12,-0.007350376490702974,288.80230987730823,0.0017211123541721017,"{""type"":""MultiPoint"",""coordinates"":[]}"
20010713,2001-07-13,-0.0053037219301015764,289.1945737480622,0.005922289155402907,"{""type"":""MultiPoint"",""coordinates"":[]}"
20010714,2001-07-14,-0.00991416157578029,292.88423756746863,5.953551399726962E-4,"{""type"":""MultiPoint"",""coordinates"":[]}"
20010715,2001-07-15,-0.009080758551834,292.65951748954103,0.007692150695163167,"{""type"":""MultiPoint"",""coordinates"":[]}"
20010716,2001-07-16,-0.004750503123395801,287.87502398906486,0.0072500724415668245,"{""type"":""MultiPoint"",""coordinates"":[]}"
20010717,2001-07-17,-0.0038064184831023214,285.5642820216345,0.008489830719225133,"{""type"":""MultiPoint"",""coordinates"":[]}"
20010718,2001-07-18,-0.0059226054638222584,287.01801373895876,0.0044345982997305135,"{""type"":""MultiPoint"",""coordinates"":[]}"
20010719,2001-07-19,-0.005073874688691967,287.8641463447197,0.006134381324090521,"{""type"":""MultiPoint"",""coordinates"":[]}"
20010720,2001-07-20,-0.0032499046733612934,286.3708918723514,0.02434637366187421,"{""type"":""MultiPoint"",""coordinates"":[]}"
20010721,2001-07-21,-0.0057993220141529704,286.7306160534988,0.0046770600296217185,"{""type"":""MultiPoint"",""coordinates"":[]}"
20010722,2001-07-22,-0.00976550485026612,289.3347501596187,1.5381633812884993E-4,"{""type"":""MultiPoint"",""coordinates"":[]}"
20010723,2001-07-23,-0.008659990844467131,290.5178991068872,0.0018782252952495992,"{""type"":""MultiPoint"",""coordinates"":[]}"
20010724,2001-07-24,-0.00693130947524538,290.5676451090281,0.0034012352835230443,"{""type"":""MultiPoint"",""coordinates"":[]}"
20010725,2001-07-25,-0.0071959950031955525,291.1307020379233,0.00167248083173269,"{""type"":""MultiPoint"",""coordinates"":[]}"
20010726,2001-07-26,-0.008591560187693296,291.8834985738743,9.355428362631299E-4,"{""type"":""MultiPoint"",""coordinates"":[]}"
20010727,2001-07-27,-0.009596605764955708,292.53684584855665,3.2211991016076836E-4,"{""type"":""MultiPoint"",""coordinates"":[]}"
20010728,2001-07-28,-0.009916694172798057,293.1481314299304,2.2210828062703604E-4,"{""type"":""MultiPoint"",""coordinates"":[]}"
20010729,2001-07-29,-0.009102994582915415,293.0927874686718,0.002042781885332604,"{""type"":""MultiPoint"",""coordinates"":[]}"
20010730,2001-07-30,-0.008132667622365865,292.42980670586155,0.0014013768430826189,"{""type"":""MultiPoint"",""coordinates"":[]}"
20010731,2001-07-31,-0.011066084336204833,294.4162392859651,1.3134125752035677E-5,"{""type"":""MultiPoint"",""coordinates"":[]}"
20010801,2001-08-01,-0.009444317360218106,293.5005774363299,3.8807175816945943E-4,"{""type"":""MultiPoint"",""coordinates"":[]}"
20010802,2001-08-02,-0.01038676996926915,294.0934161595288,2.8274469124973044E-4,"{""type"":""MultiPoint"",""coordinates"":[]}"
20010803,2001-08-03,-0.008288619027347354,294.33684320969496,0.00949869810220487,"{""type"":""MultiPoint"",""coordinates"":[]}"
20010804,2001-08-04,-0.003976724750376771,290.73064774958726,0.011355243132727387,"{""type"":""MultiPoint"",""coordinates"":[]}"
20010805,2001-08-05,-0.006831784453765201,288.62491671595865,0.0038515020578399296,"{""type"":""MultiPoint"",""coordinates"":[]}"
20010806,2001-08-06,-0.007943715816585544,289.38630404933605,7.232684829284654E-4,"{""type"":""MultiPoint"",""coordinates"":[]}"
20010807,2001-08-07,-0.007502866715203607,290.3118401640019,0.0018403352932602358,"{""type"":""MultiPoint"",""coordinates"":[]}"
20010808,2001-08-08,-0.005936041824558058,290.9947292408706,0.00541048742133745,"{""type"":""MultiPoint"",""coordinates"":[]}"
20010809,2001-08-09,-0.005534102501556332,290.4923466564736,0.005383621417491546,"{""type"":""MultiPoint"",""coordinates"":[]}"
20010810,2001-08-10,-0.0036799145265735624,287.49320018516147,0.0165883739497776,"{""type"":""MultiPoint"",""coordinates"":[]}"
20010811,2001-08-11,-0.00665594550864651,285.85372493441264,0.001335591618697931,"{""type"":""MultiPoint"",""coordinates"":[]}"
20010812,2001-08-12,-0.008848469178677218,287.4629230815316,1.6526368308722232E-5,"{""type"":""MultiPoint"",""coordinates"":[]}"
20010813,2001-08-13,-0.00953471906419388,290.0427208789828,1.2088353910303512E-5,"{""type"":""MultiPoint"",""coordinates"":[]}"
20010814,2001-08-14,-0.009292748125606634,293.1062740867683,7.082513565288308E-5,"{""type"":""MultiPoint"",""coordinates"":[]}"
20010815,2001-08-15,-0.00971429493908259,294.4792969463791,5.751685797297274E-5,"{""type"":""MultiPoint"",""coordinates"":[]}"
20010816,2001-08-16,-0.009226400738791612,294.75718470275365,0.0013609680684849009,"{""type"":""MultiPoint"",""coordinates"":[]}"
20010817,2001-08-17,-0.005628752939516424,292.8532736126616,0.0045895081154561845,"{""type"":""MultiPoint"",""coordinates"":[]}"
20010818,2001-08-18,-0.00730199655714666,293.14661656815633,0.0010448597048721801,"{""type"":""MultiPoint"",""coordinates"":[]}"
20010819,2001-08-19,-0.006813097205219878,292.73114461406317,0.0026750244166398396,"{""type"":""MultiPoint"",""coordinates"":[]}"
20010820,2001-08-20,-0.004233043326309815,290.46744142784814,0.008970332912894813,"{""type"":""MultiPoint"",""coordinates"":[]}"
20010821,2001-08-21,-0.004403332371046181,289.4263721601699,0.004863732655931782,"{""type"":""MultiPoint"",""coordinates"":[]}"
20010822,2001-08-22,-0.005220832036105223,290.5038774147539,0.0017247473407759528,"{""type"":""MultiPoint"",""coordinates"":[]}"
20010823,2001-08-23,-0.006839416892619065,291.54056983660803,0.0010737615871410807,"{""type"":""MultiPoint"",""coordinates"":[]}"
20010824,2001-08-24,-0.0075846885120947225,292.08224823794217,1.4749067064767486E-4,"{""type"":""MultiPoint"",""coordinates"":[]}"
20010825,2001-08-25,-0.008587999352341369,293.05015167893544,2.8412458012848715E-5,"{""type"":""MultiPoint"",""coordinates"":[]}"
20010826,2001-08-26,-0.008398218967203832,293.7897972252562,1.784856218757442E-4,"{""type"":""MultiPoint"",""coordinates"":[]}"
20010827,2001-08-27,-0.009670161137482619,293.1808621828054,0.002484688731513293,"{""type"":""MultiPoint"",""coordinates"":[]}"
20010828,2001-08-28,-0.007549354594857784,288.0976285123667,7.020465605359026E-4,"{""type"":""MultiPoint"",""coordinates"":[]}"
20010829,2001-08-29,-0.009022345716300315,287.2431182928954,8.77371509524013E-5,"{""type"":""MultiPoint"",""coordinates"":[]}"
20010830,2001-08-30,-0.00640570469641423,288.04052538000604,0.0020709981337418658,"{""type"":""MultiPoint"",""coordinates"":[]}"
20010831,2001-08-31,-0.0030587634816390138,286.89103757610894,0.011104904607289117,"{""type"":""MultiPoint"",""coordinates"":[]}"
20010901,2001-09-01,-0.003307622693900014,285.2392546867999,0.010651083205008283,"{""type"":""MultiPoint"",""coordinates"":[]}"
20010902,2001-09-02,-0.005067995687057025,285.69341796128913,0.0034365064654080586,"{""type"":""MultiPoint"",""coordinates"":[]}"
20010903,2001-09-03,-0.007043043823876116,287.53228567349595,4.416808452236126E-5,"{""type"":""MultiPoint"",""coordinates"":[]}"
20010904,2001-09-04,-0.0024675448881614818,285.5715950890895,0.012938271197559699,"{""type"":""MultiPoint"",""coordinates"":[]}"
20010905,2001-09-05,-0.0027098107890812777,283.0016593998719,0.01398163115411828,"{""type"":""MultiPoint"",""coordinates"":[]}"
20010906,2001-09-06,-0.0036436334701710257,283.55991151855153,0.007057624446905564,"{""type"":""MultiPoint"",""coordinates"":[]}"
20010907,2001-09-07,-0.0038016654712337825,284.07550626784183,0.005267627153578996,"{""type"":""MultiPoint"",""coordinates"":[]}"
20010908,2001-09-08,-0.0035722093046153323,284.1784585855984,0.017913102456528173,"{""type"":""MultiPoint"",""coordinates"":[]}"
20010909,2001-09-09,-0.006825718422248958,281.00860557581694,0.00889596660550276,"{""type"":""MultiPoint"",""coordinates"":[]}"
20010910,2001-09-10,-0.005333634079825857,280.28670196487315,0.00501085128105711,"{""type"":""MultiPoint"",""coordinates"":[]}"
20010911,2001-09-11,-0.005784423420593592,281.5941527174673,0.002082989622133119,"{""type"":""MultiPoint"",""coordinates"":[]}"
20010912,2001-09-12,-0.002938247080385217,281.4274116754233,0.008945613638115048,"{""type"":""MultiPoint"",""coordinates"":[]}"
20010913,2001-09-13,-0.004144559323809892,284.1571814289547,0.0017479369888831586,"{""type"":""MultiPoint"",""coordinates"":[]}"
20010914,2001-09-14,-0.0019738335556485137,282.9421240167215,0.012119497709731232,"{""type"":""MultiPoint"",""coordinates"":[]}"
20010915,2001-09-15,-0.0038447879179714472,282.28909361971444,0.0027818302180775763,"{""type"":""MultiPoint"",""coordinates"":[]}"
20010916,2001-09-16,-0.0030490107161039734,281.129215199327,0.009223922819939263,"{""type"":""MultiPoint"",""coordinates"":[]}"
20010917,2001-09-17,-0.002056301630639455,279.75943651797866,0.010761194691633693,"{""type"":""MultiPoint"",""coordinates"":[]}"
20010918,2001-09-18,-0.003356194797535297,280.1910460414144,0.004667342103783689,"{""type"":""MultiPoint"",""coordinates"":[]}"
20010919,2001-09-19,-0.005635423519378072,281.6387570542021,5.071251391415123E-4,"{""type"":""MultiPoint"",""coordinates"":[]}"
20010920,2001-09-20,-0.005077295541046868,283.72323798757213,0.003485507251738375,"{""type"":""MultiPoint"",""coordinates"":[]}"
20010921,2001-09-21,-0.004001786091245312,283.51104144323335,0.0039055119587630147,"{""type"":""MultiPoint"",""coordinates"":[]}"
20010922,2001-09-22,-0.002474535403649025,282.52253762399073,0.003793659258796549,"{""type"":""MultiPoint"",""coordinates"":[]}"
20010923,2001-09-23,-0.0017006873984988667,282.7801767906413,0.004958059206325409,"{""type"":""MultiPoint"",""coordinates"":[]}"
20010924,2001-09-24,-0.0022285595197345225,284.78235845214374,0.0050211084246246564,"{""type"":""MultiPoint"",""coordinates"":[]}"
20010925,2001-09-25,-0.0021137411834853126,283.55379081744934,0.004100851016189404,"{""type"":""MultiPoint"",""coordinates"":[]}"
20010926,2001-09-26,-0.002363414313046046,281.91196120939765,0.004328947729043068,"{""type"":""MultiPoint"",""coordinates"":[]}"
20010927,2001-09-27,-0.004014095628599629,282.8373679998905,5.083388865851665E-4,"{""type"":""MultiPoint"",""coordinates"":[]}"
20010928,2001-09-28,-0.005175125512841138,284.41524499039065,1.0429280547534987E-4,"{""type"":""MultiPoint"",""coordinates"":[]}"
20010929,2001-09-29,-0.0040349380727261255,284.9929785174243,2.1430138587314945E-4,"{""type"":""MultiPoint"",""coordinates"":[]}"
20010930,2001-09-30,-0.0011478847668404916,284.9501841461095,0.006538130016436694,"{""type"":""MultiPoint"",""coordinates"":[]}"
20011001,2001-10-01,-0.003917997283929531,286.1433613945551,0.0015467786124155004,"{""type"":""MultiPoint"",""coordinates"":[]}"
20011002,2001-10-02,-0.0057214568377853435,290.0076386683189,2.1082605020094833E-4,"{""type"":""MultiPoint"",""coordinates"":[]}"
20011003,2001-10-03,-0.004761980021462679,288.4691969606267,2.3230289993731636E-4,"{""type"":""MultiPoint"",""coordinates"":[]}"
20011004,2001-10-04,-0.0016387737531748593,284.45946303239606,0.005576158495799953,"{""type"":""MultiPoint"",""coordinates"":[]}"
20011005,2001-10-05,-0.0036154869679738935,283.39255428815875,9.42527578856849E-6,"{""type"":""MultiPoint"",""coordinates"":[]}"
20011006,2001-10-06,-0.003912568538026349,285.5063216333046,1.5033489230449395E-4,"{""type"":""MultiPoint"",""coordinates"":[]}"
20011007,2001-10-07,-0.0030707600977904156,286.1442649938762,0.001704281175841507,"{""type"":""MultiPoint"",""coordinates"":[]}"
20011008,2001-10-08,-0.0034382383370312386,286.40692110148393,0.0013776808662248148,"{""type"":""MultiPoint"",""coordinates"":[]}"
20011009,2001-10-09,-0.003281510078470738,285.88802739279345,2.775061356622499E-4,"{""type"":""MultiPoint"",""coordinates"":[]}"
20011010,2001-10-10,-0.0027228611300472946,285.4491668552447,6.428699887743294E-4,"{""type"":""MultiPoint"",""coordinates"":[]}"
20011011,2001-10-11,-0.004403380058271936,284.9212294565417,3.010911643649199E-5,"{""type"":""MultiPoint"",""coordinates"":[]}"
20011012,2001-10-12,-0.004390610508899856,285.01132545745446,8.358565231747004E-6,"{""type"":""MultiPoint"",""coordinates"":[]}"
20011013,2001-10-13,-0.004505700273811155,285.5266260992923,1.4161860235962709E-6,"{""type"":""MultiPoint"",""coordinates"":[]}"
20011014,2001-10-14,-0.004141704294926717,285.92257573272417,8.437518407740788E-6,"{""type"":""MultiPoint"",""coordinates"":[]}"
20011015,2001-10-15,-0.0035735994696606773,285.347128154725,1.0225963210187567E-5,"{""type"":""MultiPoint"",""coordinates"":[]}"
20011016,2001-10-16,-0.002663032127180767,285.24323259525664,3.223548562103567E-4,"{""type"":""MultiPoint"",""coordinates"":[]}"
20011017,2001-10-17,-0.00328059092809035,284.5078566681654,7.384399246604666E-5,"{""type"":""MultiPoint"",""coordinates"":[]}"
20011018,2001-10-18,-0.0032299590898056565,283.7469445079729,2.774777126565223E-4,"{""type"":""MultiPoint"",""coordinates"":[]}"
20011019,2001-10-19,-0.0030967350439432633,283.4611321732527,3.220782039652453E-4,"{""type"":""MultiPoint"",""coordinates"":[]}"
20011020,2001-10-20,-0.0033254124418560156,283.8781504618739,5.29566430354398E-4,"{""type"":""MultiPoint"",""coordinates"":[]}"
20011021,2001-10-21,-0.0014009389433518322,283.60767691770394,0.007177046291554768,"{""type"":""MultiPoint"",""coordinates"":[]}"
20011022,2001-10-22,-0.0028564835255455354,282.5323630639576,0.002305589690747271,"{""type"":""MultiPoint"",""coordinates"":[]}"
20011023,2001-10-23,-0.0031218439481730466,282.17223165331575,0.0016088053202609456,"{""type"":""MultiPoint"",""coordinates"":[]}"
20011024,2001-10-24,-0.0012959642592078968,280.95183251739627,0.006606785970925684,"{""type"":""MultiPoint"",""coordinates"":[]}"
20011025,2001-10-25,-0.0013451149290347579,280.48666736652797,0.00419764574494763,"{""type"":""MultiPoint"",""coordinates"":[]}"
20011026,2001-10-26,-0.0026965160615972216,280.4636644812441,1.3116319596344033E-4,"{""type"":""MultiPoint"",""coordinates"":[]}"
20011027,2001-10-27,-0.003254218983290919,280.56263530301356,1.2964249698865587E-4,"{""type"":""MultiPoint"",""coordinates"":[]}"
20011028,2001-10-28,-0.002813712229952801,282.3416161476456,0.004110232644784725,"{""type"":""MultiPoint"",""coordinates"":[]}"
20011029,2001-10-29,-0.0024864644117426546,283.1156867184264,0.001838574100731339,"{""type"":""MultiPoint"",""coordinates"":[]}"
20011030,2001-10-30,-0.00413373923841523,284.7739340496048,1.8111447140675886E-4,"{""type"":""MultiPoint"",""coordinates"":[]}"
20011031,2001-10-31,-0.0041466370485171026,284.93195359348954,0.0026423346008234215,"{""type"":""MultiPoint"",""coordinates"":[]}"
20011101,2001-11-01,-0.004973744213389772,278.54564177139196,0.0015448896808069185,"{""type"":""MultiPoint"",""coordinates"":[]}"
20011102,2001-11-02,-0.003148880486462854,277.2604933343333,3.5041697404274527E-4,"{""type"":""MultiPoint"",""coordinates"":[]}"
20011103,2001-11-03,-0.002357795550253493,278.3907340812701,5.516169632619181E-5,"{""type"":""MultiPoint"",""coordinates"":[]}"
20011104,2001-11-04,-0.002310826992074196,278.5689239850103,7.764564586984364E-6,"{""type"":""MultiPoint"",""coordinates"":[]}"
20011105,2001-11-05,-0.0016082131428399214,277.8099384290426,2.245687290392268E-4,"{""type"":""MultiPoint"",""coordinates"":[]}"
20011106,2001-11-06,-0.0022069017112444746,277.0921281594229,0.0019484280436603333,"{""type"":""MultiPoint"",""coordinates"":[]}"
20011107,2001-11-07,-0.0017755690595602795,278.6092080834507,0.008212531799394468,"{""type"":""MultiPoint"",""coordinates"":[]}"
20011108,2001-11-08,-0.003448953642322808,279.5897731346741,0.009547109572521641,"{""type"":""MultiPoint"",""coordinates"":[]}"
20011109,2001-11-09,-0.0020130491488374244,272.6963885510773,0.00408319921452057,"{""type"":""MultiPoint"",""coordinates"":[]}"
20011110,2001-11-10,-0.002195255511353264,270.91680633872545,1.08553497796147E-4,"{""type"":""MultiPoint"",""coordinates"":[]}"
20011111,2001-11-11,-0.0016004838836909641,271.859028738115,4.096455792749496E-5,"{""type"":""MultiPoint"",""coordinates"":[]}"
20011112,2001-11-12,-6.713137527207981E-4,273.23675468482475,0.0038785718442909227,"{""type"":""MultiPoint"",""coordinates"":[]}"
20011113,2001-11-13,-7.610524809216522E-4,273.27018688550424,0.005287615692311026,"{""type"":""MultiPoint"",""coordinates"":[]}"
20011114,2001-11-14,-0.0019283570407141125,271.37335100733975,8.729867786166779E-4,"{""type"":""MultiPoint"",""coordinates"":[]}"
20011115,2001-11-15,-0.001671864091510206,270.0458510263599,2.4347123273347753E-5,"{""type"":""MultiPoint"",""coordinates"":[]}"
20011116,2001-11-16,-0.0017992491608537272,271.88144093942446,7.402716238819526E-5,"{""type"":""MultiPoint"",""coordinates"":[]}"
20011117,2001-11-17,-0.0013133441604635926,272.3995549048436,1.8330761883433565E-5,"{""type"":""MultiPoint"",""coordinates"":[]}"
20011118,2001-11-18,-0.0013393299090275887,271.6345130277609,2.1228866751785562E-5,"{""type"":""MultiPoint"",""coordinates"":[]}"
20011119,2001-11-19,-9.443612972604498E-4,271.9065876924611,4.88210915204965E-4,"{""type"":""MultiPoint"",""coordinates"":[]}"
20011120,2001-11-20,-0.001264336081128806,272.92226243386705,6.043298520160415E-4,"{""type"":""MultiPoint"",""coordinates"":[]}"
20011121,2001-11-21,-0.0014784078493181932,272.8039760935257,9.589170340447987E-5,"{""type"":""MultiPoint"",""coordinates"":[]}"
20011122,2001-11-22,-0.002530462867704079,273.4526600559355,0.009666707812624914,"{""type"":""MultiPoint"",""coordinates"":[]}"
20011123,2001-11-23,-0.001906918244163186,270.6527351827061,0.0052570738600097085,"{""type"":""MultiPoint"",""coordinates"":[]}"
20011124,2001-11-24,-0.0017473030530549892,271.0649292041318,0.004519539847836851,"{""type"":""MultiPoint"",""coordinates"":[]}"
20011125,2001-11-25,-6.883934636381193E-4,272.51231814163833,0.0068568262143501564,"{""type"":""MultiPoint"",""coordinates"":[]}"
20011126,2001-11-26,-2.9876081780201287E-4,274.5847017946392,0.007046863747496666,"{""type"":""MultiPoint"",""coordinates"":[]}"
20011127,2001-11-27,-4.18846562161001E-4,274.5588967523612,0.0048956684486991045,"{""type"":""MultiPoint"",""coordinates"":[]}"
20011128,2001-11-28,-0.0010648803765309636,273.8976681333207,0.00336199030601464,"{""type"":""MultiPoint"",""coordinates"":[]}"
20011129,2001-11-29,-0.0012214202216936033,273.7405998184138,0.003193429784009321,"{""type"":""MultiPoint"",""coordinates"":[]}"
20011130,2001-11-30,-3.412666984777712E-4,274.056904943505,0.009615696144625135,"{""type"":""MultiPoint"",""coordinates"":[]}"
20011201,2001-12-01,-5.845952565731106E-4,274.03257584121127,0.0034736241941953462,"{""type"":""MultiPoint"",""coordinates"":[]}"
20011202,2001-12-02,-5.33760001063221E-4,273.8093951336694,0.001628594657665186,"{""type"":""MultiPoint"",""coordinates"":[]}"
20011203,2001-12-03,-6.257297154015575E-4,272.1424749320585,1.9782729875256173E-4,"{""type"":""MultiPoint"",""coordinates"":[]}"
20011204,2001-12-04,-6.08516960854555E-4,273.35354356440445,0.003227324091520585,"{""type"":""MultiPoint"",""coordinates"":[]}"
20011205,2001-12-05,-6.552635281138229E-4,275.0730644157087,0.0055531584910810975,"{""type"":""MultiPoint"",""coordinates"":[]}"
20011206,2001-12-06,-8.180334371715302E-4,274.8827768382821,0.014171266036101459,"{""type"":""MultiPoint"",""coordinates"":[]}"
20011207,2001-12-07,-7.448408861734183E-4,272.48684603943923,0.0032429167314591864,"{""type"":""MultiPoint"",""coordinates"":[]}"
20011208,2001-12-08,-0.0011010739479597408,269.18770241751326,9.565660625362163E-5,"{""type"":""MultiPoint"",""coordinates"":[]}"
20011209,2001-12-09,-0.0010669308684882522,266.8434937252613,4.580395573984029E-6,"{""type"":""MultiPoint"",""coordinates"":[]}"
20011210,2001-12-10,-8.806905066299532E-4,267.2954900863517,4.5384271666636165E-4,"{""type"":""MultiPoint"",""coordinates"":[]}"
20011211,2001-12-11,-4.0008653729512687E-4,270.59604819709295,0.0036456426926249424,"{""type"":""MultiPoint"",""coordinates"":[]}"
20011212,2001-12-12,-3.5629377202412154E-4,271.3433786508177,0.004928344266891329,"{""type"":""MultiPoint"",""coordinates"":[]}"
20011213,2001-12-13,-0.0013075402653308376,262.7325375468578,0.002807676005515956,"{""type"":""MultiPoint"",""coordinates"":[]}"
20011214,2001-12-14,-7.266470403424348E-4,258.99140117911384,2.822742996363022E-5,"{""type"":""MultiPoint"",""coordinates"":[]}"
20011215,2001-12-15,-5.738829325952368E-4,262.36619491102755,1.6471390291092268E-4,"{""type"":""MultiPoint"",""coordinates"":[]}"
20011216,2001-12-16,-6.147058673152795E-4,265.40298567148386,8.821475235667745E-4,"{""type"":""MultiPoint"",""coordinates"":[]}"
20011217,2001-12-17,-3.8738596569212383E-4,266.55223624610846,0.0017979367488718213,"{""type"":""MultiPoint"",""coordinates"":[]}"
20011218,2001-12-18,-4.926650662941352E-4,268.3963861946867,7.774701853448906E-4,"{""type"":""MultiPoint"",""coordinates"":[]}"
20011219,2001-12-19,-6.529366881330566E-4,268.3925511732345,4.0122727785366096E-4,"{""type"":""MultiPoint"",""coordinates"":[]}"
20011220,2001-12-20,-8.919667301601203E-4,267.72498315668696,0.002082485638836837,"{""type"":""MultiPoint"",""coordinates"":[]}"
20011221,2001-12-21,-0.0016457705295025013,265.2677510052473,8.409142835702009E-4,"{""type"":""MultiPoint"",""coordinates"":[]}"
20011222,2001-12-22,-0.0011411202192400688,269.49563829992104,0.005657003842157681,"{""type"":""MultiPoint"",""coordinates"":[]}"
20011223,2001-12-23,-6.792457712636363E-4,265.3137288270878,0.002159682242811963,"{""type"":""MultiPoint"",""coordinates"":[]}"
20011224,2001-12-24,-8.249429602360249E-4,260.84725820074857,5.039066497997024E-4,"{""type"":""MultiPoint"",""coordinates"":[]}"
20011225,2001-12-25,-0.0022211143477602097,270.36130623632886,0.003481987793014534,"{""type"":""MultiPoint"",""coordinates"":[]}"
20011226,2001-12-26,-6.096414523676218E-4,269.97417138996576,0.005560632060722658,"{""type"":""MultiPoint"",""coordinates"":[]}"
20011227,2001-12-27,-0.0012388277793914475,267.204598127963,0.0013791465438379067,"{""type"":""MultiPoint"",""coordinates"":[]}"
20011228,2001-12-28,-0.0017863405055611537,271.79041518420377,0.0065937853514411796,"{""type"":""MultiPoint"",""coordinates"":[]}"
20011229,2001-12-29,-0.0010088742832761901,273.56136215324995,0.016527093232641097,"{""type"":""MultiPoint"",""coordinates"":[]}"
20011230,2001-12-30,-0.0018829919370842556,269.92395897445795,0.005355252779112309,"{""type"":""MultiPoint"",""coordinates"":[]}"
20011231,2001-12-31,-7.32717594217207E-4,266.2350912970962,0.0018316871838291262,"{""type"":""MultiPoint"",""coordinates"":[]}"
20020101,2002-01-01,-8.422923029187248E-4,265.17447288946886,4.303747938123067E-4,"{""type"":""MultiPoint"",""coordinates"":[]}"
20020102,2002-01-02,-0.0013750666002583269,266.8930129970333,0.0013870519150593218,"{""type"":""MultiPoint"",""coordinates"":[]}"
20020103,2002-01-03,-7.356112853599205E-4,263.20238290864023,1.1504510623808468E-4,"{""type"":""MultiPoint"",""coordinates"":[]}"
20020104,2002-01-04,-4.075732354860132E-4,260.59778331594936,1.5341391712045525E-6,"{""type"":""MultiPoint"",""coordinates"":[]}"
20020105,2002-01-05,-5.082589467394732E-4,263.3320006432553,1.5948204330166584E-5,"{""type"":""MultiPoint"",""coordinates"":[]}"
20020106,2002-01-06,-5.121112595413509E-4,264.8960638855325,2.0014499867833954E-4,"{""type"":""MultiPoint"",""coordinates"":[]}"
20020107,2002-01-07,-4.113411844868105E-4,268.3491352586162,4.861480110954542E-4,"{""type"":""MultiPoint"",""coordinates"":[]}"
20020108,2002-01-08,-2.835882823177392E-4,268.370708342329,3.252929606935378E-5,"{""type"":""MultiPoint"",""coordinates"":[]}"
20020109,2002-01-09,-3.59391125752385E-4,268.1903542358288,6.006894426778118E-6,"{""type"":""MultiPoint"",""coordinates"":[]}"
20020110,2002-01-10,-3.7405292346061303E-4,266.94883080130086,1.38682297543736E-5,"{""type"":""MultiPoint"",""coordinates"":[]}"
20020111,2002-01-11,-4.559733163451724E-4,266.64423589997455,3.227893843639426E-5,"{""type"":""MultiPoint"",""coordinates"":[]}"
20020112,2002-01-12,-3.396146457110608E-4,268.5665506060654,7.899130144520116E-4,"{""type"":""MultiPoint"",""coordinates"":[]}"
20020113,2002-01-13,-2.7833365370195256E-4,269.08253059628055,0.001844786546485132,"{""type"":""MultiPoint"",""coordinates"":[]}"
20020114,2002-01-14,-5.739350944114142E-4,267.8850733403116,7.955633900212894E-5,"{""type"":""MultiPoint"",""coordinates"":[]}"
20020115,2002-01-15,-5.676861146449141E-4,266.7767383375041,5.552172723447291E-5,"{""type"":""MultiPoint"",""coordinates"":[]}"
20020116,2002-01-16,-6.341286456483447E-4,267.19303161144774,4.9533730016898035E-5,"{""type"":""MultiPoint"",""coordinates"":[]}"
20020117,2002-01-17,-5.151947497518195E-4,268.1028078226156,1.2857678280976242E-4,"{""type"":""MultiPoint"",""coordinates"":[]}"
20020118,2002-01-18,-6.280820097063505E-4,268.0067526393838,3.905534932520347E-5,"{""type"":""MultiPoint"",""coordinates"":[]}"
20020119,2002-01-19,-8.216867352258987E-4,270.63196666456747,0.0012306865090162835,"{""type"":""MultiPoint"",""coordinates"":[]}"
20020120,2002-01-20,-0.0010414620959064763,273.6004619723962,0.0021446641521951815,"{""type"":""MultiPoint"",""coordinates"":[]}"
20020121,2002-01-21,-0.0011054069597314427,275.7229629866775,0.005671050892822638,"{""type"":""MultiPoint"",""coordinates"":[]}"
20020122,2002-01-22,-8.579517856518115E-4,274.55858709473176,4.662445798677499E-5,"{""type"":""MultiPoint"",""coordinates"":[]}"
20020123,2002-01-23,-8.101113819696465E-4,273.9791279429272,1.2135720267259145E-4,"{""type"":""MultiPoint"",""coordinates"":[]}"
20020124,2002-01-24,-9.186424292557155E-4,275.31806774057674,0.0015173383580885504,"{""type"":""MultiPoint"",""coordinates"":[]}"
20020125,2002-01-25,-0.0011450466492310945,275.0893699628691,0.002523280655450949,"{""type"":""MultiPoint"",""coordinates"":[]}"
20020126,2002-01-26,-0.0019306402981886885,275.75928059246456,0.0016681585500618152,"{""type"":""MultiPoint"",""coordinates"":[]}"
20020127,2002-01-27,-0.0028286478863237038,278.0650823631867,0.008652645762679314,"{""type"":""MultiPoint"",""coordinates"":[]}"
20020128,2002-01-28,-0.0036145262397806765,280.81888008568023,0.0011879918681623545,"{""type"":""MultiPoint"",""coordinates"":[]}"
20020129,2002-01-29,-0.003480388321764211,278.56685323639186,1.7933712663392068E-6,"{""type"":""MultiPoint"",""coordinates"":[]}"
20020130,2002-01-30,-0.0015912950283672109,277.30324994318596,4.6068249673319735E-6,"{""type"":""MultiPoint"",""coordinates"":[]}"
20020131,2002-01-31,-0.0018643918657894176,277.4904589015673,1.914211134589962E-5,"{""type"":""MultiPoint"",""coordinates"":[]}"
20020201,2002-02-01,-0.0018277294748633203,277.151766140625,4.944819283813867E-4,"{""type"":""MultiPoint"",""coordinates"":[]}"
20020202,2002-02-02,-0.0018811305405572166,277.1351938004462,4.146895705174018E-7,"{""type"":""MultiPoint"",""coordinates"":[]}"
20020203,2002-02-03,-0.0019728423217466253,276.6431807546063,3.2305388390792927E-6,"{""type"":""MultiPoint"",""coordinates"":[]}"
20020204,2002-02-04,-0.0019571774193491167,276.0350330822316,1.044410306924088E-5,"{""type"":""MultiPoint"",""coordinates"":[]}"
20020205,2002-02-05,-0.0018023708786255857,275.7797444263787,1.5672554235464866E-4,"{""type"":""MultiPoint"",""coordinates"":[]}"
20020206,2002-02-06,-9.557699436502333E-4,275.55317523085256,0.0046067351165673355,"{""type"":""MultiPoint"",""coordinates"":[]}"
20020207,2002-02-07,-0.0011701556088613554,275.0106915329091,0.0033424981310644455,"{""type"":""MultiPoint"",""coordinates"":[]}"
20020208,2002-02-08,-0.0014554810846934166,275.13442112736965,0.0018117781633900831,"{""type"":""MultiPoint"",""coordinates"":[]}"
20020209,2002-02-09,-0.002135252617251466,278.6562229880658,0.0032904625384638647,"{""type"":""MultiPoint"",""coordinates"":[]}"
20020210,2002-02-10,-0.0034220330572913944,276.4744043294707,0.006172375059790315,"{""type"":""MultiPoint"",""coordinates"":[]}"
20020211,2002-02-11,-0.0034364449545968745,277.8865152375352,0.0010228890205762466,"{""type"":""MultiPoint"",""coordinates"":[]}"
20020212,2002-02-12,-0.005164757774770542,280.30989864756697,0.0016661683308460476,"{""type"":""MultiPoint"",""coordinates"":[]}"
20020213,2002-02-13,-0.0034080842453723587,278.90467902970965,0.006950765841249793,"{""type"":""MultiPoint"",""coordinates"":[]}"
20020214,2002-02-14,-0.0026868520417766173,274.7082367514139,0.002223732918586771,"{""type"":""MultiPoint"",""coordinates"":[]}"
20020215,2002-02-15,-0.0041871417538406844,273.1320916514879,2.2937713279603118E-4,"{""type"":""MultiPoint"",""coordinates"":[]}"
20020216,2002-02-16,-0.003848146953036048,274.20374934680956,2.5576514416128526E-4,"{""type"":""MultiPoint"",""coordinates"":[]}"
20020217,2002-02-17,-0.002506654797888148,274.79120496233054,6.149834711865833E-4,"{""type"":""MultiPoint"",""coordinates"":[]}"
20020218,2002-02-18,-0.0025390220301512566,274.8599447969316,0.0012777911023914566,"{""type"":""MultiPoint"",""coordinates"":[]}"
20020219,2002-02-19,-0.004628316151547488,274.23002919872414,0.0041415591003943816,"{""type"":""MultiPoint"",""coordinates"":[]}"
20020220,2002-02-20,-0.002296922672671903,275.0976968461504,0.010682461537243082,"{""type"":""MultiPoint"",""coordinates"":[]}"
20020221,2002-02-21,-0.0023816366214792647,272.48975592075436,0.005790754389238524,"{""type"":""MultiPoint"",""coordinates"":[]}"
20020222,2002-02-22,-0.0034615787562628413,271.0279272750379,0.0026132410741536044,"{""type"":""MultiPoint"",""coordinates"":[]}"
20020223,2002-02-23,-0.00333864088731682,275.68876945347495,0.007958115750953499,"{""type"":""MultiPoint"",""coordinates"":[]}"
20020224,2002-02-24,-0.003554517478240785,271.83447919263557,0.005740335044941558,"{""type"":""MultiPoint"",""coordinates"":[]}"
20020225,2002-02-25,-0.0016896993095244337,273.761584857509,0.009510774311084843,"{""type"":""MultiPoint"",""coordinates"":[]}"
20020226,2002-02-26,-0.0036997914212058476,278.2834950647087,0.0013767793235739052,"{""type"":""MultiPoint"",""coordinates"":[]}"
20020227,2002-02-27,-0.0032657706829599615,278.14336060604825,0.005885767110483893,"{""type"":""MultiPoint"",""coordinates"":[]}"
20020228,2002-02-28,-0.003139139611358391,276.0685037913984,0.004628906422827479,"{""type"":""MultiPoint"",""coordinates"":[]}"
20020301,2002-03-01,-0.003229355385662542,276.07071185047965,8.675888936887633E-4,"{""type"":""MultiPoint"",""coordinates"":[]}"
20020302,2002-03-02,-0.0013127492110314178,274.71247554429493,0.004473254089896249,"{""type"":""MultiPoint"",""coordinates"":[]}"
20020303,2002-03-03,-0.003219932072540894,273.543914410119,0.0014047579718491248,"{""type"":""MultiPoint"",""coordinates"":[]}"
20020304,2002-03-04,-0.0035490298235304673,274.1873435788195,3.1322978803975693E-6,"{""type"":""MultiPoint"",""coordinates"":[]}"
20020305,2002-03-05,-0.003393762475670906,275.90551886012776,1.348104172242687E-5,"{""type"":""MultiPoint"",""coordinates"":[]}"
20020306,2002-03-06,-0.0034558543395804757,278.0822910577818,3.1467790007446605E-4,"{""type"":""MultiPoint"",""coordinates"":[]}"
20020307,2002-03-07,-0.004885104847507341,279.1673480438468,0.0016578274796158398,"{""type"":""MultiPoint"",""coordinates"":[]}"
20020308,2002-03-08,-0.0048950368467929415,277.17774038617614,8.07473012558585E-4,"{""type"":""MultiPoint"",""coordinates"":[]}"
20020309,2002-03-09,-0.004508909121316616,277.9439812992067,6.953502715472129E-5,"{""type"":""MultiPoint"",""coordinates"":[]}"
20020310,2002-03-10,-0.0053704669737174885,277.01999250114056,8.174081265496006E-4,"{""type"":""MultiPoint"",""coordinates"":[]}"
20020311,2002-03-11,-0.005045521857496634,277.3483532913207,8.779284249780383E-7,"{""type"":""MultiPoint"",""coordinates"":[]}"
20020312,2002-03-12,-0.004953739672026715,278.6364802321386,1.2934207802572928E-6,"{""type"":""MultiPoint"",""coordinates"":[]}"
20020313,2002-03-13,-0.00516225880474177,280.0947979703078,2.6356912631761708E-6,"{""type"":""MultiPoint"",""coordinates"":[]}"
20020314,2002-03-14,-0.004772126859671269,279.42839361950394,4.307544538137119E-4,"{""type"":""MultiPoint"",""coordinates"":[]}"
20020315,2002-03-15,-0.0038760259342965667,278.6166295758195,9.923049559474972E-4,"{""type"":""MultiPoint"",""coordinates"":[]}"
20020316,2002-03-16,-0.004004142496885183,278.94223204574155,6.353527654125085E-4,"{""type"":""MultiPoint"",""coordinates"":[]}"
20020317,2002-03-17,-0.004477715108378614,280.0070530424425,2.4250547382887467E-5,"{""type"":""MultiPoint"",""coordinates"":[]}"
20020318,2002-03-18,-0.005132508444281124,280.42779832258657,2.6538335256374925E-4,"{""type"":""MultiPoint"",""coordinates"":[]}"
20020319,2002-03-19,-0.0016615333302733174,278.97368469813836,0.018786659813470035,"{""type"":""MultiPoint"",""coordinates"":[]}"
20020320,2002-03-20,-0.0016958567007460512,279.2869986683621,0.022963884360288428,"{""type"":""MultiPoint"",""coordinates"":[]}"
20020321,2002-03-21,-0.0024484858666096224,280.26377769305867,0.01858039959098732,"{""type"":""MultiPoint"",""coordinates"":[]}"
20020322,2002-03-22,-0.0027103607193631933,277.2541186560793,0.014495146935384494,"{""type"":""MultiPoint"",""coordinates"":[]}"
20020323,2002-03-23,-0.003655222290061849,272.99611888914677,0.006608369235747027,"{""type"":""MultiPoint"",""coordinates"":[]}"
20020324,2002-03-24,-0.003774371641261026,272.13424393990806,0.005094123151380113,"{""type"":""MultiPoint"",""coordinates"":[]}"
20020325,2002-03-25,-0.003907215843663443,271.4643351983015,6.503090379072141E-4,"{""type"":""MultiPoint"",""coordinates"":[]}"
20020326,2002-03-26,-0.0035196039231238326,271.8549119777465,2.3256822871281092E-4,"{""type"":""MultiPoint"",""coordinates"":[]}"
20020327,2002-03-27,-0.004579607646111608,272.53194292101716,1.2885774714150886E-4,"{""type"":""MultiPoint"",""coordinates"":[]}"
20020328,2002-03-28,-0.005399155043571677,273.64173376466016,3.829941608873593E-6,"{""type"":""MultiPoint"",""coordinates"":[]}"
20020329,2002-03-29,-0.006020410777020886,276.7421737250462,2.508237931229482E-6,"{""type"":""MultiPoint"",""coordinates"":[]}"
20020330,2002-03-30,-0.005861058335098905,279.2616227416605,3.6299012261820934E-7,"{""type"":""MultiPoint"",""coordinates"":[]}"
20020331,2002-03-31,-0.005317978654762003,280.0529280510655,7.897811257939428E-4,"{""type"":""MultiPoint"",""coordinates"":[]}"
20020401,2002-04-01,-0.005458058475416471,280.25665935102217,9.320714237742871E-4,"{""type"":""MultiPoint"",""coordinates"":[]}"
20020402,2002-04-02,-0.007235428439817338,280.6072167213391,2.0946746674185281E-4,"{""type"":""MultiPoint"",""coordinates"":[]}"
20020403,2002-04-03,-0.008883100831307606,280.68656371749256,1.7289544580080003E-4,"{""type"":""MultiPoint"",""coordinates"":[]}"
20020404,2002-04-04,-0.008609227302320747,278.91989243620515,5.26734735762514E-5,"{""type"":""MultiPoint"",""coordinates"":[]}"
20020405,2002-04-05,-0.007700463364402163,276.4141033255457,9.698726027917272E-5,"{""type"":""MultiPoint"",""coordinates"":[]}"
20020406,2002-04-06,-0.006699979018850097,273.4509178113988,2.9481979573684305E-4,"{""type"":""MultiPoint"",""coordinates"":[]}"
20020407,2002-04-07,-0.006771197246775911,274.15197606062105,1.6621945010746356E-4,"{""type"":""MultiPoint"",""coordinates"":[]}"
20020408,2002-04-08,-0.00543729456266855,275.96443629848494,7.646466233182508E-4,"{""type"":""MultiPoint"",""coordinates"":[]}"
20020409,2002-04-09,-0.0061645727856352245,276.5748096107086,6.639053756747252E-4,"{""type"":""MultiPoint"",""coordinates"":[]}"
20020410,2002-04-10,-0.005803193815002792,276.0958515670455,0.0010877747420212247,"{""type"":""MultiPoint"",""coordinates"":[]}"
20020411,2002-04-11,-0.0061273865655766405,278.6020464169328,2.6959919343836074E-4,"{""type"":""MultiPoint"",""coordinates"":[]}"
20020412,2002-04-12,-0.0043283502310091405,280.5694513573134,0.0022385125203588274,"{""type"":""MultiPoint"",""coordinates"":[]}"
20020413,2002-04-13,-0.0035998587287172992,280.7523608966513,0.0032540907823126668,"{""type"":""MultiPoint"",""coordinates"":[]}"
20020414,2002-04-14,-0.0025199341763655595,279.12191253823835,0.006933726672052267,"{""type"":""MultiPoint"",""coordinates"":[]}"
20020415,2002-04-15,-0.0037148143937411537,277.27599732663367,0.003294190733608345,"{""type"":""MultiPoint"",""coordinates"":[]}"
20020416,2002-04-16,-0.0048150710180314615,277.6677837966772,6.658734237918998E-4,"{""type"":""MultiPoint"",""coordinates"":[]}"
20020417,2002-04-17,-0.00474742767344425,278.75865589245797,8.78860537390892E-4,"{""type"":""MultiPoint"",""coordinates"":[]}"
20020418,2002-04-18,-0.005035205568979424,280.0829685746005,9.67766639008404E-4,"{""type"":""MultiPoint"",""coordinates"":[]}"
20020419,2002-04-19,-0.004792670369367033,280.3442759889431,0.004166289514282118,"{""type"":""MultiPoint"",""coordinates"":[]}"
20020420,2002-04-20,-0.002397241806409305,278.799772224107,0.007583563292949831,"{""type"":""MultiPoint"",""coordinates"":[]}"
20020421,2002-04-21,-0.0035204910462024964,280.78458364887894,7.67028810587021E-4,"{""type"":""MultiPoint"",""coordinates"":[]}"
20020422,2002-04-22,-0.005052691228334281,281.6466755670688,0.0010266540131711442,"{""type"":""MultiPoint"",""coordinates"":[]}"
20020423,2002-04-23,-0.006434197473413717,282.7814364194042,0.0015341717573520073,"{""type"":""MultiPoint"",""coordinates"":[]}"
20020424,2002-04-24,-0.002761729831276596,281.18321892848934,0.011105583972791105,"{""type"":""MultiPoint"",""coordinates"":[]}"
20020425,2002-04-25,-0.003604182421736367,281.9808087547319,0.002415018042965337,"{""type"":""MultiPoint"",""coordinates"":[]}"
20020426,2002-04-26,-0.006977865624820162,284.1296053356653,0.004707500172186031,"{""type"":""MultiPoint"",""coordinates"":[]}"
20020427,2002-04-27,-0.008063445094428265,280.20921637994707,0.005488320632450569,"{""type"":""MultiPoint"",""coordinates"":[]}"
20020428,2002-04-28,-0.008845949458771192,281.72316495213,2.8939868281353424E-4,"{""type"":""MultiPoint"",""coordinates"":[]}"
20020429,2002-04-29,-0.007307300190289771,282.33568002418565,0.0034554448759784567,"{""type"":""MultiPoint"",""coordinates"":[]}"
20020430,2002-04-30,-0.008127598969909777,282.70416229652426,1.0234231342569851E-4,"{""type"":""MultiPoint"",""coordinates"":[]}"
20020501,2002-05-01,-0.008162866916686863,285.26904570265214,2.549246498058862E-4,"{""type"":""MultiPoint"",""coordinates"":[]}"
20020502,2002-05-02,-0.007708005754057238,285.9305828894117,0.0013792067003191861,"{""type"":""MultiPoint"",""coordinates"":[]}"
20020503,2002-05-03,-0.007201580983344957,286.556364058187,0.003423263784102578,"{""type"":""MultiPoint"",""coordinates"":[]}"
20020504,2002-05-04,-0.0049933846274906575,284.74634154987274,0.006485592790232435,"{""type"":""MultiPoint"",""coordinates"":[]}"
20020505,2002-05-05,-0.003809561559510672,281.80652766524275,0.006201440150682291,"{""type"":""MultiPoint"",""coordinates"":[]}"
20020506,2002-05-06,-0.0052969415291121025,282.6267938958795,0.004781226808414637,"{""type"":""MultiPoint"",""coordinates"":[]}"
20020507,2002-05-07,-0.008722965933910365,285.0468066440126,3.244759356047455E-4,"{""type"":""MultiPoint"",""coordinates"":[]}"
20020508,2002-05-08,-0.011111219037839822,287.35659077816877,6.98606979194875E-5,"{""type"":""MultiPoint"",""coordinates"":[]}"
20020509,2002-05-09,-0.010173249160008922,288.1643844042195,0.001048633873961082,"{""type"":""MultiPoint"",""coordinates"":[]}"
20020510,2002-05-10,-0.005290759883690808,286.37419917747815,0.006470936644962831,"{""type"":""MultiPoint"",""coordinates"":[]}"
20020511,2002-05-11,-0.005506967852993268,285.7102898552698,0.006152248997617735,"{""type"":""MultiPoint"",""coordinates"":[]}"
20020512,2002-05-12,-0.005073359931229088,285.4821356565299,0.004818274104789126,"{""type"":""MultiPoint"",""coordinates"":[]}"
20020513,2002-05-13,-0.005865588256806726,286.3834686761005,0.0017359143647259628,"{""type"":""MultiPoint"",""coordinates"":[]}"
20020514,2002-05-14,-0.007056671178588169,286.0005536360107,0.0034590435931902723,"{""type"":""MultiPoint"",""coordinates"":[]}"
20020515,2002-05-15,-0.008771143229066183,285.5593506441896,3.1554087177814615E-4,"{""type"":""MultiPoint"",""coordinates"":[]}"
20020516,2002-05-16,-0.009018969378988419,287.72594417728294,5.421287458599126E-5,"{""type"":""MultiPoint"",""coordinates"":[]}"
20020517,2002-05-17,-0.009377582765687256,290.05147993873055,2.4031838941394407E-4,"{""type"":""MultiPoint"",""coordinates"":[]}"
20020518,2002-05-18,-0.008702610258593141,289.3298077820562,0.005810952655650488,"{""type"":""MultiPoint"",""coordinates"":[]}"
20020519,2002-05-19,-0.003506699063487696,285.0210296548017,0.0060604136606118575,"{""type"":""MultiPoint"",""coordinates"":[]}"
20020520,2002-05-20,-0.003457420219315589,284.69940218553074,0.003395209587059849,"{""type"":""MultiPoint"",""coordinates"":[]}"
20020521,2002-05-21,-0.008044316518935203,286.9880272205078,0.0010211718534580952,"{""type"":""MultiPoint"",""coordinates"":[]}"
20020522,2002-05-22,-0.00979421645095555,289.13999600906993,1.5200575560068302E-4,"{""type"":""MultiPoint"",""coordinates"":[]}"
20020523,2002-05-23,-0.007863648893449758,289.07117552004456,0.007133560416718273,"{""type"":""MultiPoint"",""coordinates"":[]}"
20020524,2002-05-24,-0.0048119792192328325,285.38725805673647,0.0034561144963868038,"{""type"":""MultiPoint"",""coordinates"":[]}"
20020525,2002-05-25,-0.0041571387737840545,285.55156138038063,0.007588063198645274,"{""type"":""MultiPoint"",""coordinates"":[]}"
20020526,2002-05-26,-0.00302447097573988,283.8979689636586,0.005733625890113323,"{""type"":""MultiPoint"",""coordinates"":[]}"
20020527,2002-05-27,-0.003468126490393571,284.96403913831256,0.007142074451929823,"{""type"":""MultiPoint"",""coordinates"":[]}"
20020528,2002-05-28,-0.003241529603672919,283.26098599143967,0.006141563479993925,"{""type"":""MultiPoint"",""coordinates"":[]}"
20020529,2002-05-29,-0.007270761603650856,285.0132558922363,0.0017090525012256855,"{""type"":""MultiPoint"",""coordinates"":[]}"
20020530,2002-05-30,-0.008802340349646743,285.874856278822,3.146683258631815E-4,"{""type"":""MultiPoint"",""coordinates"":[]}"
20020531,2002-05-31,-0.008727270336557475,286.8926600991817,2.4158894821820889E-4,"{""type"":""MultiPoint"",""coordinates"":[]}"
20020601,2002-06-01,-0.010288227132810685,286.83929523063244,1.4111265590088798E-4,"{""type"":""MultiPoint"",""coordinates"":[]}"
20020602,2002-06-02,-0.010635153768861648,285.70566936970795,2.0459671864485714E-4,"{""type"":""MultiPoint"",""coordinates"":[]}"
20020603,2002-06-03,-0.010247868699688389,287.6191684955334,3.891429169257306E-4,"{""type"":""MultiPoint"",""coordinates"":[]}"
20020604,2002-06-04,-0.008781778679899504,289.4158373905564,7.889155990193846E-4,"{""type"":""MultiPoint"",""coordinates"":[]}"
20020605,2002-06-05,-0.010844189764700321,290.44830678550125,0.004832302701248437,"{""type"":""MultiPoint"",""coordinates"":[]}"
20020606,2002-06-06,-0.006199823870892493,288.38015136782417,0.008059139191866778,"{""type"":""MultiPoint"",""coordinates"":[]}"
20020607,2002-06-07,-0.003193885191183356,285.70152939946377,0.021516069266685735,"{""type"":""MultiPoint"",""coordinates"":[]}"
20020608,2002-06-08,-0.006519670508241452,286.4821273543042,0.003156553394408168,"{""type"":""MultiPoint"",""coordinates"":[]}"
20020609,2002-06-09,-0.0036096512947159406,286.4927502919685,0.006773854293662687,"{""type"":""MultiPoint"",""coordinates"":[]}"
20020610,2002-06-10,-0.004658764033551475,285.124322130509,0.00925734879855864,"{""type"":""MultiPoint"",""coordinates"":[]}"
20020611,2002-06-11,-0.0089264731734475,285.8371126089985,3.155200923956343E-4,"{""type"":""MultiPoint"",""coordinates"":[]}"
20020612,2002-06-12,-0.00863823082438175,288.4464316517012,3.2330455550945555E-4,"{""type"":""MultiPoint"",""coordinates"":[]}"
20020613,2002-06-13,-0.010384283255151413,290.7944937194437,5.108190476237853E-4,"{""type"":""MultiPoint"",""coordinates"":[]}"
20020614,2002-06-14,-0.010398644545107999,291.39106121216764,1.155400586493747E-4,"{""type"":""MultiPoint"",""coordinates"":[]}"
20020615,2002-06-15,-0.010624945839634168,293.3475705632537,0.001773955068405426,"{""type"":""MultiPoint"",""coordinates"":[]}"
20020616,2002-06-16,-0.006630247054299977,291.92518189584973,0.007670213490758607,"{""type"":""MultiPoint"",""coordinates"":[]}"
20020617,2002-06-17,-0.009984731854667582,293.38264088391975,2.545406545741913E-5,"{""type"":""MultiPoint"",""coordinates"":[]}"
20020618,2002-06-18,-0.011986950934420381,295.5416285089794,2.8493554375491872E-5,"{""type"":""MultiPoint"",""coordinates"":[]}"
20020619,2002-06-19,-0.010569491928976014,295.91387915662665,0.0011660735081598873,"{""type"":""MultiPoint"",""coordinates"":[]}"
20020620,2002-06-20,-0.010998962581702335,295.61702598653557,0.002257827204482063,"{""type"":""MultiPoint"",""coordinates"":[]}"
20020621,2002-06-21,-0.00894406028006014,294.50895619611555,0.0050822627703864575,"{""type"":""MultiPoint"",""coordinates"":[]}"
20020622,2002-06-22,-0.009618478374075312,294.10177232493515,9.920007704991712E-4,"{""type"":""MultiPoint"",""coordinates"":[]}"
20020623,2002-06-23,-0.009781529924635598,295.29009647999754,0.001971029503170514,"{""type"":""MultiPoint"",""coordinates"":[]}"
20020624,2002-06-24,-0.004645726314634906,290.81311605012894,0.010221939027748126,"{""type"":""MultiPoint"",""coordinates"":[]}"
20020625,2002-06-25,-0.007226558209935864,289.0994954025088,0.0014177743245103913,"{""type"":""MultiPoint"",""coordinates"":[]}"
20020626,2002-06-26,-0.010586046174562607,290.37705273249594,6.134981825249687E-5,"{""type"":""MultiPoint"",""coordinates"":[]}"
20020627,2002-06-27,-0.010652373205416774,291.50537478285133,0.0016143270034571808,"{""type"":""MultiPoint"",""coordinates"":[]}"
20020628,2002-06-28,-0.005233461995296099,286.99549048784473,0.010487585781290021,"{""type"":""MultiPoint"",""coordinates"":[]}"
20020629,2002-06-29,-0.009169086688662535,285.17624939813265,0.0015581462147385542,"{""type"":""MultiPoint"",""coordinates"":[]}"
20020630,2002-06-30,-0.008891339148393485,287.28388673967623,7.620958872394645E-4,"{""type"":""MultiPoint"",""coordinates"":[]}"
20020701,2002-07-01,-0.010238511857616761,290.2090182626954,1.8838853499473604E-4,"{""type"":""MultiPoint"",""coordinates"":[]}"
20020702,2002-07-02,-0.006737570735385519,289.8873470701499,0.005163064898460351,"{""type"":""MultiPoint"",""coordinates"":[]}"
20020703,2002-07-03,-0.00884400818921939,291.65555996562847,0.007469136624026456,"{""type"":""MultiPoint"",""coordinates"":[]}"
20020704,2002-07-04,-0.008229676154143148,286.96552189497066,0.008812724315864095,"{""type"":""MultiPoint"",""coordinates"":[]}"
20020705,2002-07-05,-0.010166806096675704,288.85986532653163,1.5420696730505384E-4,"{""type"":""MultiPoint"",""coordinates"":[]}"
20020706,2002-07-06,-0.006235730426135006,289.0613196232866,0.007909255483101917,"{""type"":""MultiPoint"",""coordinates"":[]}"
20020707,2002-07-07,-0.006910242638347123,289.3114790510999,0.0019164436001306276,"{""type"":""MultiPoint"",""coordinates"":[]}"
20020708,2002-07-08,-0.011134120588787506,292.55058306558595,1.906000320859697E-5,"{""type"":""MultiPoint"",""coordinates"":[]}"
20020709,2002-07-09,-0.012010380017587613,294.5864466846564,0.0013024915588983452,"{""type"":""MultiPoint"",""coordinates"":[]}"
20020710,2002-07-10,-0.010801794862257914,293.4421618040595,0.004220702792271413,"{""type"":""MultiPoint"",""coordinates"":[]}"
20020711,2002-07-11,-0.005620630954424354,288.8685449498745,0.0018889305844015174,"{""type"":""MultiPoint"",""coordinates"":[]}"
20020712,2002-07-12,-0.009471490458793825,290.72261070773607,0.0010993589166466045,"{""type"":""MultiPoint"",""coordinates"":[]}"
20020713,2002-07-13,-0.005391668525746366,290.4674771819562,0.011318144224382973,"{""type"":""MultiPoint"",""coordinates"":[]}"
20020714,2002-07-14,-0.005251738056440004,290.44141379253745,0.002500795085146362,"{""type"":""MultiPoint"",""coordinates"":[]}"
20020715,2002-07-15,-0.005968289668446078,291.3941112456356,0.0061944443046522205,"{""type"":""MultiPoint"",""coordinates"":[]}"
20020716,2002-07-16,-0.00516233641022298,291.58914193291173,0.013969883016878919,"{""type"":""MultiPoint"",""coordinates"":[]}"
20020717,2002-07-17,-0.00355255420020046,290.07321898575873,0.011690296683158316,"{""type"":""MultiPoint"",""coordinates"":[]}"
20020718,2002-07-18,-0.00475385643838207,287.66061544237374,0.005718063922121536,"{""type"":""MultiPoint"",""coordinates"":[]}"
20020719,2002-07-19,-0.006549745555609763,287.97778243335506,0.0014736486079578483,"{""type"":""MultiPoint"",""coordinates"":[]}"
20020720,2002-07-20,-0.009823723375977584,290.1930422908158,1.2496695067504968E-4,"{""type"":""MultiPoint"",""coordinates"":[]}"
20020721,2002-07-21,-0.009249692048736241,291.397930444533,0.003913383257165127,"{""type"":""MultiPoint"",""coordinates"":[]}"
20020722,2002-07-22,-0.008952789976672253,288.5016273211782,0.001784498246423719,"{""type"":""MultiPoint"",""coordinates"":[]}"
20020723,2002-07-23,-0.009696772554750252,289.5456919802518,4.747552927432093E-5,"{""type"":""MultiPoint"",""coordinates"":[]}"
20020724,2002-07-24,-0.007627556988271087,289.36801039849314,0.004666456340966283,"{""type"":""MultiPoint"",""coordinates"":[]}"
20020725,2002-07-25,-0.005816590512561946,287.0398086761184,0.006636074181861452,"{""type"":""MultiPoint"",""coordinates"":[]}"
20020726,2002-07-26,-0.0047064533417813794,286.7106200087187,0.002815979665929183,"{""type"":""MultiPoint"",""coordinates"":[]}"
20020727,2002-07-27,-0.005168655170927896,288.8704679902711,0.0014306276482470544,"{""type"":""MultiPoint"",""coordinates"":[]}"
20020728,2002-07-28,-0.010082451391933162,291.8251525899207,1.1320840191539035E-4,"{""type"":""MultiPoint"",""coordinates"":[]}"
20020729,2002-07-29,-0.00916960555540286,293.5494295265038,0.0016249992527541182,"{""type"":""MultiPoint"",""coordinates"":[]}"
20020730,2002-07-30,-0.009122386997635882,293.6164572025247,0.0016028766182451476,"{""type"":""MultiPoint"",""coordinates"":[]}"
20020731,2002-07-31,-0.006868880006450904,292.66057025780356,0.006268934892551597,"{""type"":""MultiPoint"",""coordinates"":[]}"
20020801,2002-08-01,-0.004677190625089081,291.34297127148534,0.009240097640401746,"{""type"":""MultiPoint"",""coordinates"":[]}"
20020802,2002-08-02,-0.006084888365194277,290.3368285263645,0.005336896238304224,"{""type"":""MultiPoint"",""coordinates"":[]}"
20020803,2002-08-03,-0.007829577096734968,291.67595512229093,0.0015771943721025303,"{""type"":""MultiPoint"",""coordinates"":[]}"
20020804,2002-08-04,-0.004849318400846126,290.73420811799764,0.008596851287360723,"{""type"":""MultiPoint"",""coordinates"":[]}"
20020805,2002-08-05,-0.006942410319347794,290.22073112317486,0.0019191004713812283,"{""type"":""MultiPoint"",""coordinates"":[]}"
20020806,2002-08-06,-0.00401376569382764,289.0895516056099,0.01848441330968576,"{""type"":""MultiPoint"",""coordinates"":[]}"
20020807,2002-08-07,-0.0025876761593309865,287.27973442948905,0.03142130313470978,"{""type"":""MultiPoint"",""coordinates"":[]}"
20020808,2002-08-08,-0.005247680859610226,288.38673611404187,0.006144008990231787,"{""type"":""MultiPoint"",""coordinates"":[]}"
20020809,2002-08-09,-0.005239003333726696,288.9822758627401,0.004209835038530423,"{""type"":""MultiPoint"",""coordinates"":[]}"
20020810,2002-08-10,-0.005043004684768418,289.15308080524017,0.008370132273738824,"{""type"":""MultiPoint"",""coordinates"":[]}"
20020811,2002-08-11,-0.0019326010921558354,287.6550955686268,0.025091456104679177,"{""type"":""MultiPoint"",""coordinates"":[]}"
20020812,2002-08-12,-0.003977199219047936,286.7732027545153,0.03233389987055422,"{""type"":""MultiPoint"",""coordinates"":[]}"
20020813,2002-08-13,-0.006625523814882314,287.32263307809166,0.011019165753642082,"{""type"":""MultiPoint"",""coordinates"":[]}"
20020814,2002-08-14,-0.0065320152576533235,288.3461569748598,0.002252218404842805,"{""type"":""MultiPoint"",""coordinates"":[]}"
20020815,2002-08-15,-0.006474969268791952,289.4916714027342,9.469317655492401E-4,"{""type"":""MultiPoint"",""coordinates"":[]}"
20020816,2002-08-16,-0.0060712235511822515,290.17842714822683,0.0020768563674918943,"{""type"":""MultiPoint"",""coordinates"":[]}"
20020817,2002-08-17,-0.007164806171404433,291.00852309124036,0.0014007000083077344,"{""type"":""MultiPoint"",""coordinates"":[]}"
20020818,2002-08-18,-0.007909186485753285,291.53896821289436,7.293652336719302E-4,"{""type"":""MultiPoint"",""coordinates"":[]}"
20020819,2002-08-19,-0.008744622931263728,292.10167650267067,5.479023851135822E-4,"{""type"":""MultiPoint"",""coordinates"":[]}"
20020820,2002-08-20,-0.009008074711643537,291.8293418931717,0.0016964138485747154,"{""type"":""MultiPoint"",""coordinates"":[]}"
20020821,2002-08-21,-0.003957669984744352,288.96247450312757,0.011181535163818064,"{""type"":""MultiPoint"",""coordinates"":[]}"
20020822,2002-08-22,-0.005911157576811577,288.74858651089704,0.0021883952915070105,"{""type"":""MultiPoint"",""coordinates"":[]}"
20020823,2002-08-23,-0.006780711428104652,289.9733825001038,9.080254054436035E-4,"{""type"":""MultiPoint"",""coordinates"":[]}"
20020824,2002-08-24,-0.006577098074677879,291.04850484401936,0.001391079774154069,"{""type"":""MultiPoint"",""coordinates"":[]}"
20020825,2002-08-25,-0.006474345024805313,291.6177186352269,0.002231169897564161,"{""type"":""MultiPoint"",""coordinates"":[]}"
20020826,2002-08-26,-0.008601989135610883,292.335627964259,2.962718953430839E-4,"{""type"":""MultiPoint"",""coordinates"":[]}"
20020827,2002-08-27,-0.00506657544121546,290.61117415753813,0.006736753608040264,"{""type"":""MultiPoint"",""coordinates"":[]}"
20020828,2002-08-28,-0.0043911886236212136,289.8879008308306,0.0035202699633116114,"{""type"":""MultiPoint"",""coordinates"":[]}"
20020829,2002-08-29,-0.005127080228719962,290.28383057140456,0.002394027418035428,"{""type"":""MultiPoint"",""coordinates"":[]}"
20020830,2002-08-30,-0.006028321697432681,290.80073286530666,8.156098058470746E-4,"{""type"":""MultiPoint"",""coordinates"":[]}"
20020831,2002-08-31,-0.006269065809920303,291.15709549831,0.002788736295215813,"{""type"":""MultiPoint"",""coordinates"":[]}"
20020901,2002-09-01,-0.0028853503075412035,288.0093527238939,0.012728541641163518,"{""type"":""MultiPoint"",""coordinates"":[]}"
20020902,2002-09-02,-0.007880717331703868,287.71489292880415,8.566381467615422E-4,"{""type"":""MultiPoint"",""coordinates"":[]}"
20020903,2002-09-03,-0.006765612512186179,288.0773633584012,0.003207617841163714,"{""type"":""MultiPoint"",""coordinates"":[]}"
20020904,2002-09-04,-0.007124410301173478,289.4680695897586,0.001710153268171119,"{""type"":""MultiPoint"",""coordinates"":[]}"
20020905,2002-09-05,-0.0048156905908164,288.39070179759494,0.005682491582066004,"{""type"":""MultiPoint"",""coordinates"":[]}"
20020906,2002-09-06,-0.005569715499827205,287.91483313666083,8.229457593280482E-4,"{""type"":""MultiPoint"",""coordinates"":[]}"
20020907,2002-09-07,-0.006587762751123111,288.3326585163706,3.9808951572579173E-4,"{""type"":""MultiPoint"",""coordinates"":[]}"
20020908,2002-09-08,-0.006979692660849166,289.2956829781799,3.3470987426642904E-4,"{""type"":""MultiPoint"",""coordinates"":[]}"
20020909,2002-09-09,-0.007326931895605524,290.178917257385,0.0011747934498611734,"{""type"":""MultiPoint"",""coordinates"":[]}"
20020910,2002-09-10,-0.00285067528589564,287.05530184958184,0.010610333561112396,"{""type"":""MultiPoint"",""coordinates"":[]}"
20020911,2002-09-11,-0.00461290238117556,285.90173191666514,0.0010918613876844203,"{""type"":""MultiPoint"",""coordinates"":[]}"
20020912,2002-09-12,-0.008677236718677839,285.3426460712483,1.3296391280848727E-4,"{""type"":""MultiPoint"",""coordinates"":[]}"
20020913,2002-09-13,-0.007888299906395875,283.68012110627046,5.706232178574964E-6,"{""type"":""MultiPoint"",""coordinates"":[]}"
20020914,2002-09-14,-0.00665283092211594,284.63372883954827,2.727154018187635E-4,"{""type"":""MultiPoint"",""coordinates"":[]}"
20020915,2002-09-15,-0.004923022148615205,283.5939994135424,0.005604217346638842,"{""type"":""MultiPoint"",""coordinates"":[]}"
20020916,2002-09-16,-0.005178771773479733,282.79573960994503,6.358509631242557E-4,"{""type"":""MultiPoint"",""coordinates"":[]}"
20020917,2002-09-17,-0.00545034387765506,283.4476886611112,4.783774853707492E-4,"{""type"":""MultiPoint"",""coordinates"":[]}"
20020918,2002-09-18,-0.006433715603126366,285.06984536822324,6.890436078322285E-5,"{""type"":""MultiPoint"",""coordinates"":[]}"
20020919,2002-09-19,-0.0035789132198329123,285.68930669663024,0.003098859637406254,"{""type"":""MultiPoint"",""coordinates"":[]}"
20020920,2002-09-20,-0.0024369722575978267,286.1777417559432,0.009782255994240754,"{""type"":""MultiPoint"",""coordinates"":[]}"
20020921,2002-09-21,-0.0034708357912586175,285.2699741717164,0.002163681203294012,"{""type"":""MultiPoint"",""coordinates"":[]}"
20020922,2002-09-22,-0.002525382350573659,283.20707594595945,0.005845915083888158,"{""type"":""MultiPoint"",""coordinates"":[]}"
20020923,2002-09-23,-0.002133040625869187,280.9281609128364,0.012658529567294428,"{""type"":""MultiPoint"",""coordinates"":[]}"
20020924,2002-09-24,-0.0019394756622087598,277.5140798572215,0.01853714097080706,"{""type"":""MultiPoint"",""coordinates"":[]}"
20020925,2002-09-25,-0.0018027742146393309,276.70449842077693,0.006030123110895573,"{""type"":""MultiPoint"",""coordinates"":[]}"
20020926,2002-09-26,-0.0017137357826951492,278.34550037370894,0.005797693481104359,"{""type"":""MultiPoint"",""coordinates"":[]}"
20020927,2002-09-27,-0.001850043314293864,279.76858348496404,0.00795699615926574,"{""type"":""MultiPoint"",""coordinates"":[]}"
20020928,2002-09-28,-0.003462744579869494,278.91482066868224,0.0011844780744085983,"{""type"":""MultiPoint"",""coordinates"":[]}"
20020929,2002-09-29,-0.004599315964305717,279.1721339829198,1.7367793711711574E-5,"{""type"":""MultiPoint"",""coordinates"":[]}"
20020930,2002-09-30,-0.004696972037866384,280.018596755705,3.3890328737518957E-6,"{""type"":""MultiPoint"",""coordinates"":[]}"
20021001,2002-10-01,-0.004672147171475994,281.2119771629408,2.483357299193293E-6,"{""type"":""MultiPoint"",""coordinates"":[]}"
20021002,2002-10-02,-0.0045927069215378705,282.0430261917603,2.476759923631022E-6,"{""type"":""MultiPoint"",""coordinates"":[]}"
20021003,2002-10-03,-0.004093179045524187,283.47445059726164,3.540017203595781E-4,"{""type"":""MultiPoint"",""coordinates"":[]}"
20021004,2002-10-04,-0.00143701924126159,283.01948191746027,0.007530807886044775,"{""type"":""MultiPoint"",""coordinates"":[]}"
20021005,2002-10-05,-0.003720344168222368,281.26281301836053,0.0018065727362809286,"{""type"":""MultiPoint"",""coordinates"":[]}"
20021006,2002-10-06,-0.0018895802464837365,280.97020154300395,0.012616202228837817,"{""type"":""MultiPoint"",""coordinates"":[]}"
20021007,2002-10-07,-0.004045188509563727,278.33260114552075,0.0018585803277234667,"{""type"":""MultiPoint"",""coordinates"":[]}"
20021008,2002-10-08,-0.003919753870266614,278.1528553803994,9.749747733677904E-4,"{""type"":""MultiPoint"",""coordinates"":[]}"
20021009,2002-10-09,-0.0039281157118259994,279.02124634151465,5.141825707251963E-5,"{""type"":""MultiPoint"",""coordinates"":[]}"
20021010,2002-10-10,-0.0036055758093165783,280.31246176982074,0.0011740770943208785,"{""type"":""MultiPoint"",""coordinates"":[]}"
20021011,2002-10-11,-0.002056925447356942,279.34408044347146,0.002753670139173108,"{""type"":""MultiPoint"",""coordinates"":[]}"
20021012,2002-10-12,-9.418810857901633E-4,276.8864778600004,0.0161533028014067,"{""type"":""MultiPoint"",""coordinates"":[]}"
20021013,2002-10-13,-0.00169777428986576,277.92723035252493,0.0025361252115528986,"{""type"":""MultiPoint"",""coordinates"":[]}"
20021014,2002-10-14,-0.0015516669867371208,279.99382555282557,0.004182072483239695,"{""type"":""MultiPoint"",""coordinates"":[]}"
20021015,2002-10-15,-0.002224013405954237,282.9591794668334,0.002506872390290228,"{""type"":""MultiPoint"",""coordinates"":[]}"
20021016,2002-10-16,-0.003269528538702039,284.93781207718774,0.002545683557818998,"{""type"":""MultiPoint"",""coordinates"":[]}"
20021017,2002-10-17,-0.0014075515499817719,282.5233368625169,0.013752602375634904,"{""type"":""MultiPoint"",""coordinates"":[]}"
20021018,2002-10-18,-0.002503274880324896,278.3308676753404,0.009261331282667023,"{""type"":""MultiPoint"",""coordinates"":[]}"
20021019,2002-10-19,-0.0026507664715741644,276.6203487093821,0.003459560476851345,"{""type"":""MultiPoint"",""coordinates"":[]}"
20021020,2002-10-20,-0.0031260086024885955,276.4329357578095,6.0013113174991795E-5,"{""type"":""MultiPoint"",""coordinates"":[]}"
20021021,2002-10-21,-0.0017327951856980141,279.53046356153004,0.0015067825063515361,"{""type"":""MultiPoint"",""coordinates"":[]}"
20021022,2002-10-22,-0.0019901197491908195,281.8622178240404,0.0028221821513357338,"{""type"":""MultiPoint"",""coordinates"":[]}"
20021023,2002-10-23,-0.003572078350795483,281.87509146803274,0.005519621348890801,"{""type"":""MultiPoint"",""coordinates"":[]}"
20021024,2002-10-24,-0.003928717687368951,278.62825282705717,0.0012173358397466073,"{""type"":""MultiPoint"",""coordinates"":[]}"
20021025,2002-10-25,-0.0029989253300494317,280.3671250380574,0.005226856730237844,"{""type"":""MultiPoint"",""coordinates"":[]}"
20021026,2002-10-26,-0.006810390975115587,282.09039581406887,0.0023679581047280495,"{""type"":""MultiPoint"",""coordinates"":[]}"
20021027,2002-10-27,-0.0058115573597290774,282.21535809044735,0.0025293962645700097,"{""type"":""MultiPoint"",""coordinates"":[]}"
20021028,2002-10-28,-0.007137583154223424,278.7304480646128,0.0016918153661106253,"{""type"":""MultiPoint"",""coordinates"":[]}"
20021029,2002-10-29,-0.0037477437252504036,278.26123216492357,1.8838051055743447E-4,"{""type"":""MultiPoint"",""coordinates"":[]}"
20021030,2002-10-30,-0.002131305065622184,279.778022559312,0.004894028548027873,"{""type"":""MultiPoint"",""coordinates"":[]}"
20021031,2002-10-31,-0.0012145312210186734,279.46059430462566,0.003873916591710262,"{""type"":""MultiPoint"",""coordinates"":[]}"
20021101,2002-11-01,-0.001650333249213917,280.97768608075677,9.551902017507101E-4,"{""type"":""MultiPoint"",""coordinates"":[]}"
20021102,2002-11-02,-8.817940921610793E-4,280.6895206752597,0.012683768060545504,"{""type"":""MultiPoint"",""coordinates"":[]}"
20021103,2002-11-03,-0.0011083017894610297,278.8032600967162,0.010955886008574086,"{""type"":""MultiPoint"",""coordinates"":[]}"
20021104,2002-11-04,-9.394940229905238E-4,276.95754720862874,0.010023028727487192,"{""type"":""MultiPoint"",""coordinates"":[]}"
20021105,2002-11-05,-0.0018544714665454606,273.71882871150245,0.004340024547262011,"{""type"":""MultiPoint"",""coordinates"":[]}"
20021106,2002-11-06,-0.0018236235269415797,271.9263284945274,1.3921919137816063E-4,"{""type"":""MultiPoint"",""coordinates"":[]}"
20021107,2002-11-07,-0.0016717898724923255,271.9603317816886,0.0028685457043284724,"{""type"":""MultiPoint"",""coordinates"":[]}"
20021108,2002-11-08,-0.0015436554349415642,273.48848070315057,0.002887702065714452,"{""type"":""MultiPoint"",""coordinates"":[]}"
20021109,2002-11-09,-0.001472781214406149,274.5899936797424,0.008608383146616968,"{""type"":""MultiPoint"",""coordinates"":[]}"
20021110,2002-11-10,-0.0019402389189124595,274.56903634794423,0.0024145338092425974,"{""type"":""MultiPoint"",""coordinates"":[]}"
20021111,2002-11-11,-0.0012249374888350835,277.518005022799,0.01341052283355716,"{""type"":""MultiPoint"",""coordinates"":[]}"
20021112,2002-11-12,-0.0015878825207286094,277.52177283478073,2.3013004470777009E-4,"{""type"":""MultiPoint"",""coordinates"":[]}"
20021113,2002-11-13,-0.0010656871277173769,276.7504080193831,2.67790111105215E-4,"{""type"":""MultiPoint"",""coordinates"":[]}"
20021114,2002-11-14,-0.001370779239149688,279.35989055470196,0.0027585631197150203,"{""type"":""MultiPoint"",""coordinates"":[]}"
20021115,2002-11-15,-0.0014009519275919194,281.2133222064402,0.004586666750453998,"{""type"":""MultiPoint"",""coordinates"":[]}"
20021116,2002-11-16,-0.0030310901857334466,283.39085281278096,0.00511850386535178,"{""type"":""MultiPoint"",""coordinates"":[]}"
20021117,2002-11-17,-0.0019303738315718387,280.1794724403743,3.7180758357020354E-4,"{""type"":""MultiPoint"",""coordinates"":[]}"
20021118,2002-11-18,-3.564382267284943E-4,278.3938523349133,0.00838202868808525,"{""type"":""MultiPoint"",""coordinates"":[]}"
20021119,2002-11-19,-7.279415379872642E-4,278.3580801760511,0.008375660400538129,"{""type"":""MultiPoint"",""coordinates"":[]}"
20021120,2002-11-20,-0.0013028023879610667,276.96150734741826,2.567688335196131E-4,"{""type"":""MultiPoint"",""coordinates"":[]}"
20021121,2002-11-21,-0.0013530997492447587,277.6627072123402,1.8483503291997892E-4,"{""type"":""MultiPoint"",""coordinates"":[]}"
20021122,2002-11-22,-7.485369555374838E-4,277.6351151119293,0.009842662356635147,"{""type"":""MultiPoint"",""coordinates"":[]}"
20021123,2002-11-23,-0.001444444062407178,276.5036285551551,0.0025545008050695743,"{""type"":""MultiPoint"",""coordinates"":[]}"
20021124,2002-11-24,-8.573479636854849E-4,276.43318440835196,0.0012793264356199174,"{""type"":""MultiPoint"",""coordinates"":[]}"
20021125,2002-11-25,-0.001071394577282857,279.7234727913991,0.001209602172460476,"{""type"":""MultiPoint"",""coordinates"":[]}"
20021126,2002-11-26,-5.640167363957045E-4,279.76423315154875,0.004278533244350636,"{""type"":""MultiPoint"",""coordinates"":[]}"
20021127,2002-11-27,-6.002816091237775E-4,279.20777364447065,0.001973160057931453,"{""type"":""MultiPoint"",""coordinates"":[]}"
20021128,2002-11-28,-8.181992538500683E-4,278.7060670209184,2.2277063671167645E-4,"{""type"":""MultiPoint"",""coordinates"":[]}"
20021129,2002-11-29,-3.9431511492892093E-4,277.5893431219542,0.00864086806012148,"{""type"":""MultiPoint"",""coordinates"":[]}"
20021130,2002-11-30,-0.001137454342920694,276.9271589932034,0.003098091050584598,"{""type"":""MultiPoint"",""coordinates"":[]}"
20021201,2002-12-01,-0.001220215134533048,275.49513772565837,4.985636897043799E-4,"{""type"":""MultiPoint"",""coordinates"":[]}"
20021202,2002-12-02,-7.848984942145175E-4,274.4973003070224,0.0032011282865618113,"{""type"":""MultiPoint"",""coordinates"":[]}"
20021203,2002-12-03,-5.974767231514232E-4,274.3849347977467,0.003801377880741598,"{""type"":""MultiPoint"",""coordinates"":[]}"
20021204,2002-12-04,-5.757467077299702E-4,274.19430971870537,0.0013000154187739553,"{""type"":""MultiPoint"",""coordinates"":[]}"
20021205,2002-12-05,-7.620601337975005E-4,274.36619304928195,0.0025134527614414266,"{""type"":""MultiPoint"",""coordinates"":[]}"
20021206,2002-12-06,-0.0011332527138051365,272.85913917465166,0.003107951314036407,"{""type"":""MultiPoint"",""coordinates"":[]}"
20021207,2002-12-07,-0.0017718701644010315,271.1602679109227,4.636642110889814E-4,"{""type"":""MultiPoint"",""coordinates"":[]}"
20021208,2002-12-08,-0.002406343601133413,269.069906517791,1.8479532883534052E-5,"{""type"":""MultiPoint"",""coordinates"":[]}"
20021209,2002-12-09,-0.00212166029431513,266.51345648716676,5.6625074268428485E-5,"{""type"":""MultiPoint"",""coordinates"":[]}"
20021210,2002-12-10,-0.0015760977888160746,265.5905264484489,4.761859641235631E-6,"{""type"":""MultiPoint"",""coordinates"":[]}"
20021211,2002-12-11,-0.00125611789649975,265.5175893802935,1.0052982682413863E-5,"{""type"":""MultiPoint"",""coordinates"":[]}"
20021212,2002-12-12,-0.001097295773676974,267.35815415539463,3.7249698002069455E-5,"{""type"":""MultiPoint"",""coordinates"":[]}"
20021213,2002-12-13,-6.423491698499594E-4,269.2384580803848,1.343810449542271E-4,"{""type"":""MultiPoint"",""coordinates"":[]}"
20021214,2002-12-14,-6.904154561352881E-4,269.16232315249516,7.301150815077078E-5,"{""type"":""MultiPoint"",""coordinates"":[]}"
20021215,2002-12-15,-7.375673650108484E-4,270.4768067281191,0.001893135062216735,"{""type"":""MultiPoint"",""coordinates"":[]}"
20021216,2002-12-16,-5.599012851208622E-4,272.56354754167813,0.004235602150659817,"{""type"":""MultiPoint"",""coordinates"":[]}"
20021217,2002-12-17,-3.061172416094818E-4,272.7778729631297,0.005847029877942418,"{""type"":""MultiPoint"",""coordinates"":[]}"
20021218,2002-12-18,-5.508191279219084E-4,271.119088951472,0.0013198610782739258,"{""type"":""MultiPoint"",""coordinates"":[]}"
20021219,2002-12-19,-7.642932551562217E-4,269.4140844035757,1.874592437113207E-4,"{""type"":""MultiPoint"",""coordinates"":[]}"
20021220,2002-12-20,-8.081476616346924E-4,269.3035303326836,0.0011060141152967643,"{""type"":""MultiPoint"",""coordinates"":[]}"
20021221,2002-12-21,-2.571622359676551E-4,274.4285024989462,0.007423868285825693,"{""type"":""MultiPoint"",""coordinates"":[]}"
20021222,2002-12-22,-3.9618691529709547E-4,275.0196280804422,0.010247785594367193,"{""type"":""MultiPoint"",""coordinates"":[]}"
20021223,2002-12-23,-3.679695523965562E-4,275.25629436280576,0.005627258517862522,"{""type"":""MultiPoint"",""coordinates"":[]}"
20021224,2002-12-24,-5.562427777587944E-4,272.0981932244291,9.045792997442967E-4,"{""type"":""MultiPoint"",""coordinates"":[]}"
20021225,2002-12-25,-7.927666526596945E-4,271.50692066691914,1.2881984481433886E-4,"{""type"":""MultiPoint"",""coordinates"":[]}"
20021226,2002-12-26,-7.457307207650877E-4,271.36129037589353,8.560737575113866E-4,"{""type"":""MultiPoint"",""coordinates"":[]}"
20021227,2002-12-27,-6.431984782569021E-4,272.4313597767614,1.7373911967932646E-4,"{""type"":""MultiPoint"",""coordinates"":[]}"
20021228,2002-12-28,-3.147197928944516E-4,274.2671164039377,0.0062233774915415666,"{""type"":""MultiPoint"",""coordinates"":[]}"
20021229,2002-12-29,-9.273432026197817E-4,275.57421393249575,0.007550203547420468,"{""type"":""MultiPoint"",""coordinates"":[]}"
20021230,2002-12-30,-0.0019504112435177866,279.03929709869203,0.007230470506072853,"{""type"":""MultiPoint"",""coordinates"":[]}"
20021231,2002-12-31,-0.0012262388843357758,274.1812068850982,0.0058315384663319885,"{""type"":""MultiPoint"",""coordinates"":[]}"
20030101,2003-01-01,-0.0012561628778231233,271.7400892785109,0.002153950331463082,"{""type"":""MultiPoint"",""coordinates"":[]}"
20030102,2003-01-02,-0.001826555161764594,276.2931717588734,0.009224920503445377,"{""type"":""MultiPoint"",""coordinates"":[]}"
20030103,2003-01-03,-0.0031501134753182465,276.3731296218221,0.0037640901364727436,"{""type"":""MultiPoint"",""coordinates"":[]}"
20030104,2003-01-04,-6.565873518235596E-4,274.1655942062824,0.009098960772074066,"{""type"":""MultiPoint"",""coordinates"":[]}"
20030105,2003-01-05,-0.0014971617659076239,268.1482279483592,0.0035997661320655767,"{""type"":""MultiPoint"",""coordinates"":[]}"
20030106,2003-01-06,-0.0011360356480293,266.3505773621429,2.86931884754597E-4,"{""type"":""MultiPoint"",""coordinates"":[]}"
20030107,2003-01-07,-0.0012924504245153702,264.3581270002414,0.0029701218696123505,"{""type"":""MultiPoint"",""coordinates"":[]}"
20030108,2003-01-08,-0.001045963065248397,261.40818957578995,2.9076500211228063E-4,"{""type"":""MultiPoint"",""coordinates"":[]}"
20030109,2003-01-09,-7.520151161867922E-4,261.8241072120391,0.001049686288342206,"{""type"":""MultiPoint"",""coordinates"":[]}"
20030110,2003-01-10,-7.410612443821369E-4,263.1082892896186,0.0024604765706537886,"{""type"":""MultiPoint"",""coordinates"":[]}"
20030111,2003-01-11,-8.147894609783993E-4,262.8209245590878,1.9975293248988355E-4,"{""type"":""MultiPoint"",""coordinates"":[]}"
20030112,2003-01-12,-6.928546011854455E-4,260.4287686648672,2.6360496862643397E-5,"{""type"":""MultiPoint"",""coordinates"":[]}"
20030113,2003-01-13,-0.0010662150076762903,265.40597641411915,0.005193888060955879,"{""type"":""MultiPoint"",""coordinates"":[]}"
20030114,2003-01-14,-9.24803627079886E-4,273.39137832228005,0.003427243740529031,"{""type"":""MultiPoint"",""coordinates"":[]}"
20030115,2003-01-15,-7.373264477398331E-4,272.42109122284484,5.5172352135272614E-5,"{""type"":""MultiPoint"",""coordinates"":[]}"
20030116,2003-01-16,-5.78473567603375E-4,271.6800996016099,4.8179144274507814E-4,"{""type"":""MultiPoint"",""coordinates"":[]}"
20030117,2003-01-17,-7.207697146108123E-4,270.3847747368375,7.51582774481325E-6,"{""type"":""MultiPoint"",""coordinates"":[]}"
20030118,2003-01-18,-7.098019769077341E-4,269.8473279143157,4.0338638559881213E-5,"{""type"":""MultiPoint"",""coordinates"":[]}"
20030119,2003-01-19,-8.520004781278455E-4,269.2672165011179,1.0767348423821724E-4,"{""type"":""MultiPoint"",""coordinates"":[]}"
20030120,2003-01-20,-8.754210317270792E-4,271.54062111457614,1.0448526983384406E-4,"{""type"":""MultiPoint"",""coordinates"":[]}"
20030121,2003-01-21,-8.414118470021678E-4,270.48501708798625,5.968222416124964E-4,"{""type"":""MultiPoint"",""coordinates"":[]}"
20030122,2003-01-22,-6.820402321486282E-4,273.0143438378442,0.0035646601578653357,"{""type"":""MultiPoint"",""coordinates"":[]}"
20030123,2003-01-23,-5.513632514059841E-4,272.2746531348991,0.003752027763530885,"{""type"":""MultiPoint"",""coordinates"":[]}"
20030124,2003-01-24,-4.797065170758707E-4,272.5278839060062,0.005972801370035167,"{""type"":""MultiPoint"",""coordinates"":[]}"
20030125,2003-01-25,-7.207581702447977E-4,271.53664620736396,3.7037759908554324E-4,"{""type"":""MultiPoint"",""coordinates"":[]}"
20030126,2003-01-26,-8.236562197944721E-4,270.3600268107381,9.186252016817866E-4,"{""type"":""MultiPoint"",""coordinates"":[]}"
20030127,2003-01-27,-3.418713213045888E-4,273.0001304788076,0.007605477815738122,"{""type"":""MultiPoint"",""coordinates"":[]}"
20030128,2003-01-28,-0.00168240821889788,275.45476262828714,0.004975386575688941,"{""type"":""MultiPoint"",""coordinates"":[]}"
20030129,2003-01-29,-0.002034186994923371,271.19204573206923,0.0038400621126407097,"{""type"":""MultiPoint"",""coordinates"":[]}"
20030130,2003-01-30,-0.0012150007766329326,269.68900987531197,0.004300796315224785,"{""type"":""MultiPoint"",""coordinates"":[]}"
20030131,2003-01-31,-9.281280889569595E-4,267.5899132393568,0.0033125395719072297,"{""type"":""MultiPoint"",""coordinates"":[]}"
20030201,2003-02-01,-0.0011692660459724801,264.5116331235079,8.875707013306125E-4,"{""type"":""MultiPoint"",""coordinates"":[]}"
20030202,2003-02-02,-0.0010463347762150134,265.17552206176055,7.304966385640688E-4,"{""type"":""MultiPoint"",""coordinates"":[]}"
20030203,2003-02-03,-0.001712420754298642,270.1924995110854,0.006977653016182038,"{""type"":""MultiPoint"",""coordinates"":[]}"
20030204,2003-02-04,-7.829779471208595E-4,269.79592507351555,0.004448455119864293,"{""type"":""MultiPoint"",""coordinates"":[]}"
20030205,2003-02-05,-0.0014998211638627985,268.6411133408721,0.004310682202399416,"{""type"":""MultiPoint"",""coordinates"":[]}"
20030206,2003-02-06,-0.0015293315527724345,268.3438272854749,0.003939707923579611,"{""type"":""MultiPoint"",""coordinates"":[]}"
20030207,2003-02-07,-0.0018276261885992154,267.84883360464454,0.0012904968531648612,"{""type"":""MultiPoint"",""coordinates"":[]}"
20030208,2003-02-08,-5.994240368103395E-4,269.91832717749367,0.0065215507594852526,"{""type"":""MultiPoint"",""coordinates"":[]}"
20030209,2003-02-09,-0.0014987755453665782,268.3726142346722,1.8146947323519563E-4,"{""type"":""MultiPoint"",""coordinates"":[]}"
20030210,2003-02-10,-0.0013467911139789328,267.0757907329064,2.8333748476461543E-5,"{""type"":""MultiPoint"",""coordinates"":[]}"
20030211,2003-02-11,-0.0012357965138146702,266.71538449598967,1.2107273859966026E-4,"{""type"":""MultiPoint"",""coordinates"":[]}"
20030212,2003-02-12,-0.0015022985963011196,265.40220799728706,3.735353359793177E-5,"{""type"":""MultiPoint"",""coordinates"":[]}"
20030213,2003-02-13,-0.0016520029205764957,264.6093451046201,1.1588718630357009E-5,"{""type"":""MultiPoint"",""coordinates"":[]}"
20030214,2003-02-14,-0.0015179501153980554,265.12187988277776,7.524256444663448E-6,"{""type"":""MultiPoint"",""coordinates"":[]}"
20030215,2003-02-15,-0.0013899993323310156,265.25267692477524,4.437702427594473E-4,"{""type"":""MultiPoint"",""coordinates"":[]}"
20030216,2003-02-16,-0.001780712699965609,266.56094887121884,8.096126389538302E-4,"{""type"":""MultiPoint"",""coordinates"":[]}"
20030217,2003-02-17,-0.001785852295573848,265.42756684964775,4.217470285845215E-5,"{""type"":""MultiPoint"",""coordinates"":[]}"
20030218,2003-02-18,-0.0019058016593664934,265.11759744655353,2.881243558410294E-5,"{""type"":""MultiPoint"",""coordinates"":[]}"
20030219,2003-02-19,-0.0018719382048010761,267.4050444033883,6.027711994919986E-5,"{""type"":""MultiPoint"",""coordinates"":[]}"
20030220,2003-02-20,-0.0020491539760232103,268.98582959781754,2.3266311807324024E-5,"{""type"":""MultiPoint"",""coordinates"":[]}"
20030221,2003-02-21,-0.002068519814592879,270.02820961755276,1.2550132097860631E-5,"{""type"":""MultiPoint"",""coordinates"":[]}"
20030222,2003-02-22,-0.0023045464912426284,270.15844792592486,9.228731070833833E-6,"{""type"":""MultiPoint"",""coordinates"":[]}"
20030223,2003-02-23,-0.002388653625907607,269.96408010943424,4.523117720505079E-6,"{""type"":""MultiPoint"",""coordinates"":[]}"
20030224,2003-02-24,-0.00259109647100786,270.6808548308754,2.1547015173089745E-6,"{""type"":""MultiPoint"",""coordinates"":[]}"
20030225,2003-02-25,-0.0029644288907113236,270.85063415975736,1.288157015950339E-6,"{""type"":""MultiPoint"",""coordinates"":[]}"
20030226,2003-02-26,-0.0029726108886244233,271.05065625555886,2.178370924062929E-6,"{""type"":""MultiPoint"",""coordinates"":[]}"
20030227,2003-02-27,-0.002659448205549217,271.659918005899,1.316405177914945E-5,"{""type"":""MultiPoint"",""coordinates"":[]}"
20030228,2003-02-28,-0.0028664576267413214,273.4391333760616,7.116198940491574E-5,"{""type"":""MultiPoint"",""coordinates"":[]}"
20030301,2003-03-01,-0.0025485803028905832,274.94287667864387,2.3352827925712588E-4,"{""type"":""MultiPoint"",""coordinates"":[]}"
20030302,2003-03-02,-0.0016877908566264859,275.29828104609146,0.0035667564288554927,"{""type"":""MultiPoint"",""coordinates"":[]}"
20030303,2003-03-03,-0.0015626179166221192,274.57270396768706,0.0032132419894747113,"{""type"":""MultiPoint"",""coordinates"":[]}"
20030304,2003-03-04,-0.0023728406848697856,273.68686581196766,6.714545301441918E-4,"{""type"":""MultiPoint"",""coordinates"":[]}"
20030305,2003-03-05,-0.0026205760276199657,274.1153061780601,2.3012397395106082E-5,"{""type"":""MultiPoint"",""coordinates"":[]}"
20030306,2003-03-06,-0.003200185577867242,274.02153053773475,0.0025114796111203215,"{""type"":""MultiPoint"",""coordinates"":[]}"
20030307,2003-03-07,-0.0019818963518805043,273.9202795369014,0.0032194825145440945,"{""type"":""MultiPoint"",""coordinates"":[]}"
20030308,2003-03-08,-0.0031588862299922593,274.48590546573087,1.2875389198908354E-4,"{""type"":""MultiPoint"",""coordinates"":[]}"
20030309,2003-03-09,-0.003676860608853057,276.5414885536386,8.313176035180526E-4,"{""type"":""MultiPoint"",""coordinates"":[]}"
20030310,2003-03-10,-0.005355098797519514,278.9918183475913,3.540193249719976E-4,"{""type"":""MultiPoint"",""coordinates"":[]}"
20030311,2003-03-11,-0.005234499470771563,280.51032586676115,1.7825519648095373E-4,"{""type"":""MultiPoint"",""coordinates"":[]}"
20030312,2003-03-12,-0.003945513382183584,279.1331065740466,0.00514895212127509,"{""type"":""MultiPoint"",""coordinates"":[]}"
20030313,2003-03-13,-0.004151776289758482,274.02633199565696,0.003402777532526765,"{""type"":""MultiPoint"",""coordinates"":[]}"
20030314,2003-03-14,-0.003562943287672152,271.77399875725916,0.0014750564090118068,"{""type"":""MultiPoint"",""coordinates"":[]}"
20030315,2003-03-15,-0.0038100282302566475,272.0661482064443,6.804502629204687E-4,"{""type"":""MultiPoint"",""coordinates"":[]}"
20030316,2003-03-16,-0.003254511969653192,272.8902952711531,2.6418316838190805E-4,"{""type"":""MultiPoint"",""coordinates"":[]}"
20030317,2003-03-17,-0.004628614561354487,274.3757967133047,5.920696409641918E-6,"{""type"":""MultiPoint"",""coordinates"":[]}"
20030318,2003-03-18,-0.004291075907647177,274.63235589127646,4.545555460371874E-5,"{""type"":""MultiPoint"",""coordinates"":[]}"
20030319,2003-03-19,-0.004854807829113404,276.0978662193188,1.3775377752659932E-5,"{""type"":""MultiPoint"",""coordinates"":[]}"
20030320,2003-03-20,-0.005216373679635535,275.535984402697,5.048794417668213E-5,"{""type"":""MultiPoint"",""coordinates"":[]}"
20030321,2003-03-21,-0.005652738727028697,273.3031458785574,5.809043352045822E-5,"{""type"":""MultiPoint"",""coordinates"":[]}"
20030322,2003-03-22,-0.006337091189988871,272.5271722016258,6.237496172332664E-6,"{""type"":""MultiPoint"",""coordinates"":[]}"
20030323,2003-03-23,-0.006185123417659878,274.65405896788997,3.031120286603512E-8,"{""type"":""MultiPoint"",""coordinates"":[]}"
20030324,2003-03-24,-0.006252892002352897,278.1496049072388,8.589978126261622E-7,"{""type"":""MultiPoint"",""coordinates"":[]}"
20030325,2003-03-25,-0.006023109699274683,279.61471979463516,6.825019337256258E-6,"{""type"":""MultiPoint"",""coordinates"":[]}"
20030326,2003-03-26,-0.005776313769949406,280.02675856074944,2.2804935947704923E-4,"{""type"":""MultiPoint"",""coordinates"":[]}"
20030327,2003-03-27,-0.0063684817385777975,281.2273999591438,2.3227154988180035E-5,"{""type"":""MultiPoint"",""coordinates"":[]}"
20030328,2003-03-28,-0.005894383245406662,281.9612404994663,2.5324779230029504E-4,"{""type"":""MultiPoint"",""coordinates"":[]}"
20030329,2003-03-29,-0.004609227804660464,281.4327782823147,7.578379296795175E-4,"{""type"":""MultiPoint"",""coordinates"":[]}"
20030330,2003-03-30,-0.004465405042464744,282.0311558731788,0.002715915550582359,"{""type"":""MultiPoint"",""coordinates"":[]}"
20030331,2003-03-31,-0.004944120227709921,279.16069231807063,0.002426551425829792,"{""type"":""MultiPoint"",""coordinates"":[]}"
20030401,2003-04-01,-0.00736917934541332,279.16000361662947,9.067960343982373E-6,"{""type"":""MultiPoint"",""coordinates"":[]}"
20030402,2003-04-02,-0.0026341026576730438,276.6998361843746,0.009486435940529468,"{""type"":""MultiPoint"",""coordinates"":[]}"
20030403,2003-04-03,-0.0038569228574861897,275.3557931484251,0.0035956778266196462,"{""type"":""MultiPoint"",""coordinates"":[]}"
20030404,2003-04-04,-0.004734709427426196,274.83036049083535,0.0012938685583198106,"{""type"":""MultiPoint"",""coordinates"":[]}"
20030405,2003-04-05,-0.005444596788791013,275.4130590780345,0.0038757888103204707,"{""type"":""MultiPoint"",""coordinates"":[]}"
20030406,2003-04-06,-0.005718663712672736,271.4403873701615,0.0038326724077311866,"{""type"":""MultiPoint"",""coordinates"":[]}"
20030407,2003-04-07,-0.004938656745193177,269.2938555109376,0.002807211783556795,"{""type"":""MultiPoint"",""coordinates"":[]}"
20030408,2003-04-08,-0.005331003750899386,270.2367593818938,2.755018946055567E-4,"{""type"":""MultiPoint"",""coordinates"":[]}"
20030409,2003-04-09,-0.004154460601814251,271.5291901005939,8.62591249164242E-4,"{""type"":""MultiPoint"",""coordinates"":[]}"
20030410,2003-04-10,-0.003507921059541398,274.19500491870053,0.004017644391997442,"{""type"":""MultiPoint"",""coordinates"":[]}"
20030411,2003-04-11,-0.005270442442430858,274.5266251965146,0.0014066222743606316,"{""type"":""MultiPoint"",""coordinates"":[]}"
20030412,2003-04-12,-0.0039907836337007545,276.439893278861,5.387267259140798E-4,"{""type"":""MultiPoint"",""coordinates"":[]}"
20030413,2003-04-13,-0.006348748470083167,279.0727537643086,8.789065172621423E-5,"{""type"":""MultiPoint"",""coordinates"":[]}"
20030414,2003-04-14,-0.008804420236623464,280.77095538052606,5.223064825237845E-6,"{""type"":""MultiPoint"",""coordinates"":[]}"
20030415,2003-04-15,-0.009331264613332125,282.5234680704086,1.4099346798858699E-5,"{""type"":""MultiPoint"",""coordinates"":[]}"
20030416,2003-04-16,-0.010233797940169775,282.96769403749033,1.3342665022824812E-6,"{""type"":""MultiPoint"",""coordinates"":[]}"
20030417,2003-04-17,-0.009757715364589772,282.13897381759904,4.0225090346123874E-5,"{""type"":""MultiPoint"",""coordinates"":[]}"
20030418,2003-04-18,-0.00776450229968477,279.9880560659392,0.0020036073035592373,"{""type"":""MultiPoint"",""coordinates"":[]}"
20030419,2003-04-19,-0.005768435143984243,278.7991958228463,0.0020356503361153894,"{""type"":""MultiPoint"",""coordinates"":[]}"
20030420,2003-04-20,-0.009204994267240729,282.3396018845818,1.3678332259146105E-4,"{""type"":""MultiPoint"",""coordinates"":[]}"
20030421,2003-04-21,-0.007185459641632402,282.4598210227346,0.0018186811276872598,"{""type"":""MultiPoint"",""coordinates"":[]}"
20030422,2003-04-22,-0.005639355777628493,282.26573166491414,0.002555003992229212,"{""type"":""MultiPoint"",""coordinates"":[]}"
20030423,2003-04-23,-0.007136264329093811,282.1058857374095,0.001990847852184504,"{""type"":""MultiPoint"",""coordinates"":[]}"
20030424,2003-04-24,-0.007298169418544093,282.3700166551632,4.69166933742135E-4,"{""type"":""MultiPoint"",""coordinates"":[]}"
20030425,2003-04-25,-0.008743716181306956,284.0423889328119,4.923841935791158E-5,"{""type"":""MultiPoint"",""coordinates"":[]}"
20030426,2003-04-26,-0.008816340308504091,285.9444821775376,0.003353711938518524,"{""type"":""MultiPoint"",""coordinates"":[]}"
20030427,2003-04-27,-0.007211424433670945,283.48929772202496,0.004328367380214272,"{""type"":""MultiPoint"",""coordinates"":[]}"
20030428,2003-04-28,-0.008032290205771356,285.35555568382813,4.536694058627106E-5,"{""type"":""MultiPoint"",""coordinates"":[]}"
20030429,2003-04-29,-0.007807572976752168,286.9059715069522,0.0010458933065610894,"{""type"":""MultiPoint"",""coordinates"":[]}"
20030430,2003-04-30,-0.008900468226422993,288.27954087828584,0.005447229689036526,"{""type"":""MultiPoint"",""coordinates"":[]}"
20030501,2003-05-01,-0.00857659453323809,285.3181364776552,0.002522839690558636,"{""type"":""MultiPoint"",""coordinates"":[]}"
20030502,2003-05-02,-0.007269151671659941,286.916364457457,0.002441673503484855,"{""type"":""MultiPoint"",""coordinates"":[]}"
20030503,2003-05-03,-0.008223147613053728,283.74288350300054,0.0062654093744355915,"{""type"":""MultiPoint"",""coordinates"":[]}"
20030504,2003-05-04,-0.01047312657187892,286.0129554952543,1.2795419243426223E-6,"{""type"":""MultiPoint"",""coordinates"":[]}"
20030505,2003-05-05,-0.011783432731606158,289.74504265344905,1.3667062940071978E-4,"{""type"":""MultiPoint"",""coordinates"":[]}"
20030506,2003-05-06,-0.011593565061431844,291.9971613611812,1.9383156714609072E-4,"{""type"":""MultiPoint"",""coordinates"":[]}"
20030507,2003-05-07,-0.010343674964956225,290.90997042909396,1.302208286319931E-4,"{""type"":""MultiPoint"",""coordinates"":[]}"
20030508,2003-05-08,-0.009091201159659756,291.44094254306685,0.002602605266542443,"{""type"":""MultiPoint"",""coordinates"":[]}"
20030509,2003-05-09,-0.006543742276002195,288.85287626862487,0.008708258174219545,"{""type"":""MultiPoint"",""coordinates"":[]}"
20030510,2003-05-10,-0.006338828003942337,287.60771925851026,0.004062124154818146,"{""type"":""MultiPoint"",""coordinates"":[]}"
20030511,2003-05-11,-0.004167659603195532,286.9490315850858,0.0074749437944158885,"{""type"":""MultiPoint"",""coordinates"":[]}"
20030512,2003-05-12,-0.004777990450510868,286.65971812389716,0.0031452248354738696,"{""type"":""MultiPoint"",""coordinates"":[]}"
20030513,2003-05-13,-0.0038988881724029575,284.4360768796275,0.01315248936701516,"{""type"":""MultiPoint"",""coordinates"":[]}"
20030514,2003-05-14,-0.006288627555642764,280.43327835134545,0.0029137705116378918,"{""type"":""MultiPoint"",""coordinates"":[]}"
20030515,2003-05-15,-0.006532156711915233,279.8112661646377,0.0024148630630986055,"{""type"":""MultiPoint"",""coordinates"":[]}"
20030516,2003-05-16,-0.008895833516955772,281.78934780572166,1.8999586109286133E-4,"{""type"":""MultiPoint"",""coordinates"":[]}"
20030517,2003-05-17,-0.008644726218974531,284.77704146888664,0.0018033450452811597,"{""type"":""MultiPoint"",""coordinates"":[]}"
20030518,2003-05-18,-0.007199164706322149,285.8553540570907,0.002483124397783845,"{""type"":""MultiPoint"",""coordinates"":[]}"
20030519,2003-05-19,-0.008900474938757239,288.68701162469335,0.006799622292905859,"{""type"":""MultiPoint"",""coordinates"":[]}"
20030520,2003-05-20,-0.0039040041473340963,283.28616924973784,0.009622884216280634,"{""type"":""MultiPoint"",""coordinates"":[]}"
20030521,2003-05-21,-0.005446336122539049,281.91401395851426,0.00607556400309052,"{""type"":""MultiPoint"",""coordinates"":[]}"
20030522,2003-05-22,-0.006240930758371344,282.85082257825457,0.0022747276612809417,"{""type"":""MultiPoint"",""coordinates"":[]}"
20030523,2003-05-23,-0.006647475668660137,286.50078779664454,6.154654515910237E-4,"{""type"":""MultiPoint"",""coordinates"":[]}"
20030524,2003-05-24,-0.011195102890446205,289.72388255650924,8.839067262147439E-5,"{""type"":""MultiPoint"",""coordinates"":[]}"
20030525,2003-05-25,-0.006968954268261121,288.9326803765819,0.002958574459049282,"{""type"":""MultiPoint"",""coordinates"":[]}"
20030526,2003-05-26,-0.0039665711361909686,287.7878552168964,0.006007825192825561,"{""type"":""MultiPoint"",""coordinates"":[]}"
20030527,2003-05-27,-0.005538386952865864,288.92405916902334,0.0036232464296852406,"{""type"":""MultiPoint"",""coordinates"":[]}"
20030528,2003-05-28,-0.006494421343055221,289.2133055141263,0.002931796766831269,"{""type"":""MultiPoint"",""coordinates"":[]}"
20030529,2003-05-29,-0.00861713058311323,289.86624940368574,0.0018473349968472698,"{""type"":""MultiPoint"",""coordinates"":[]}"
20030530,2003-05-30,-0.009159807161168758,290.4868617616144,0.0010737208365096695,"{""type"":""MultiPoint"",""coordinates"":[]}"
20030531,2003-05-31,-0.007823745289116795,290.653593024379,0.0056842307753371445,"{""type"":""MultiPoint"",""coordinates"":[]}"
20030601,2003-06-01,-0.00793594732090702,289.98484612428337,0.005035927641193154,"{""type"":""MultiPoint"",""coordinates"":[]}"
20030602,2003-06-02,-0.00969720112419194,290.6656540061371,0.0015905405068514598,"{""type"":""MultiPoint"",""coordinates"":[]}"
20030603,2003-06-03,-0.00999655440674284,291.68895037765384,5.079581914382569E-4,"{""type"":""MultiPoint"",""coordinates"":[]}"
20030604,2003-06-04,-0.010440974901125645,293.25361770717166,6.086211005204803E-4,"{""type"":""MultiPoint"",""coordinates"":[]}"
20030605,2003-06-05,-0.009098211870816416,293.86070351536995,0.003256936591990458,"{""type"":""MultiPoint"",""coordinates"":[]}"
20030606,2003-06-06,-0.006990690791450185,292.3556277713019,0.004982191809384758,"{""type"":""MultiPoint"",""coordinates"":[]}"
20030607,2003-06-07,-0.007592219709106851,292.57477451220245,0.002507393678130699,"{""type"":""MultiPoint"",""coordinates"":[]}"
20030608,2003-06-08,-0.009953175076127642,293.87950059492755,0.0022552727799703704,"{""type"":""MultiPoint"",""coordinates"":[]}"
20030609,2003-06-09,-0.007182706236819575,292.3266937849951,0.003280677508688667,"{""type"":""MultiPoint"",""coordinates"":[]}"
20030610,2003-06-10,-0.010741689549601537,294.23452985281455,1.3400593964125882E-4,"{""type"":""MultiPoint"",""coordinates"":[]}"
20030611,2003-06-11,-0.009937502677666337,295.07164711133606,0.0016242816628712676,"{""type"":""MultiPoint"",""coordinates"":[]}"
20030612,2003-06-12,-0.010559831932897685,295.89450747952134,0.0010614093417481078,"{""type"":""MultiPoint"",""coordinates"":[]}"
20030613,2003-06-13,-0.008909340324990895,294.20800412673816,0.005174181063595407,"{""type"":""MultiPoint"",""coordinates"":[]}"
20030614,2003-06-14,-0.010140114807974384,293.33236966257374,0.003145039532720712,"{""type"":""MultiPoint"",""coordinates"":[]}"
20030615,2003-06-15,-0.006970432324458695,291.1794869835428,0.0072708205402335895,"{""type"":""MultiPoint"",""coordinates"":[]}"
20030616,2003-06-16,-0.00899249809992528,291.0490387732479,0.0018662746537255583,"{""type"":""MultiPoint"",""coordinates"":[]}"
20030617,2003-06-17,-0.010361519859188362,291.5802886982077,7.128658149862728E-4,"{""type"":""MultiPoint"",""coordinates"":[]}"
20030618,2003-06-18,-0.005892652627968451,289.4491881949329,0.01037749835860505,"{""type"":""MultiPoint"",""coordinates"":[]}"
20030619,2003-06-19,-0.008183219169077638,289.6837077509038,0.001226095704416598,"{""type"":""MultiPoint"",""coordinates"":[]}"
20030620,2003-06-20,-0.009427386083424664,290.09307145564907,0.004598099896595743,"{""type"":""MultiPoint"",""coordinates"":[]}"
20030621,2003-06-21,-0.011363433891691806,288.24126844439536,5.352990914339952E-4,"{""type"":""MultiPoint"",""coordinates"":[]}"
20030622,2003-06-22,-0.011525825849543017,290.46594157614146,2.676750859983817E-5,"{""type"":""MultiPoint"",""coordinates"":[]}"
20030623,2003-06-23,-0.0124372022213521,294.5901513759952,0.0014782802251256412,"{""type"":""MultiPoint"",""coordinates"":[]}"
20030624,2003-06-24,-0.00993846712014393,293.42626273278995,0.004637356442008753,"{""type"":""MultiPoint"",""coordinates"":[]}"
20030625,2003-06-25,-0.011567036629389437,292.2932261575444,0.0017342897445026047,"{""type"":""MultiPoint"",""coordinates"":[]}"
20030626,2003-06-26,-0.009545434368468579,291.1531749143316,0.0018243766618351428,"{""type"":""MultiPoint"",""coordinates"":[]}"
20030627,2003-06-27,-0.00868514500227337,290.7210275315789,0.004885889764850353,"{""type"":""MultiPoint"",""coordinates"":[]}"
20030628,2003-06-28,-0.008139322787460488,290.9912705062806,0.0017334113027357716,"{""type"":""MultiPoint"",""coordinates"":[]}"
20030629,2003-06-29,-0.009968089745036858,292.76345848263014,3.072256644964553E-4,"{""type"":""MultiPoint"",""coordinates"":[]}"
20030630,2003-06-30,-0.012148567545678871,295.69426654568264,1.326544031279983E-4,"{""type"":""MultiPoint"",""coordinates"":[]}"
20030701,2003-07-01,-0.005367483818245209,290.24972720209274,0.01303934121059392,"{""type"":""MultiPoint"",""coordinates"":[]}"
20030702,2003-07-02,-0.011354083720383115,288.9718484324001,0.00159661838991809,"{""type"":""MultiPoint"",""coordinates"":[]}"
20030703,2003-07-03,-0.006385384089060676,288.0262121120078,0.005565395896155798,"{""type"":""MultiPoint"",""coordinates"":[]}"
20030704,2003-07-04,-0.006831465887946323,287.16965185070103,0.003940751734812613,"{""type"":""MultiPoint"",""coordinates"":[]}"
20030705,2003-07-05,-0.007485265343297113,287.2862853213616,0.003914335978310528,"{""type"":""MultiPoint"",""coordinates"":[]}"
20030706,2003-07-06,-0.00813027952980643,288.28335694410515,0.0017080052694801188,"{""type"":""MultiPoint"",""coordinates"":[]}"
20030707,2003-07-07,-0.009010656528964569,289.00284859516427,6.053586375332434E-4,"{""type"":""MultiPoint"",""coordinates"":[]}"
20030708,2003-07-08,-0.008711315221302784,289.6484419454211,4.6331891530738376E-4,"{""type"":""MultiPoint"",""coordinates"":[]}"
20030709,2003-07-09,-0.008862249768859895,289.98742596445254,0.002745839171780975,"{""type"":""MultiPoint"",""coordinates"":[]}"
20030710,2003-07-10,-0.008801961216882438,289.8667836693615,0.0013070201288895745,"{""type"":""MultiPoint"",""coordinates"":[]}"
20030711,2003-07-11,-0.010124868240178164,290.8717607546963,1.3490918585761929E-4,"{""type"":""MultiPoint"",""coordinates"":[]}"
20030712,2003-07-12,-0.00923780156233736,291.38430598272254,0.0010581469533725942,"{""type"":""MultiPoint"",""coordinates"":[]}"
20030713,2003-07-13,-0.010853791972613956,290.0941700903963,7.951752776336687E-4,"{""type"":""MultiPoint"",""coordinates"":[]}"
20030714,2003-07-14,-0.01336964216037852,290.67299609732794,4.646973241120085E-5,"{""type"":""MultiPoint"",""coordinates"":[]}"
20030715,2003-07-15,-0.012666006568590816,292.7867391014476,5.623664827028115E-5,"{""type"":""MultiPoint"",""coordinates"":[]}"
20030716,2003-07-16,-0.011836991229736662,294.8474827051707,0.0027045287951466173,"{""type"":""MultiPoint"",""coordinates"":[]}"
20030717,2003-07-17,-0.006223509240052335,292.291899373814,0.013342278502853095,"{""type"":""MultiPoint"",""coordinates"":[]}"
20030718,2003-07-18,-0.008795976541654692,290.39702196004606,0.0035440327534506043,"{""type"":""MultiPoint"",""coordinates"":[]}"
20030719,2003-07-19,-0.01236135165034063,292.59622712943195,1.5651474301035164E-5,"{""type"":""MultiPoint"",""coordinates"":[]}"
20030720,2003-07-20,-0.01272012294392713,294.5476707418941,6.917280090725245E-5,"{""type"":""MultiPoint"",""coordinates"":[]}"
20030721,2003-07-21,-0.010803752684206597,295.4734165184101,0.0010569560650919851,"{""type"":""MultiPoint"",""coordinates"":[]}"
20030722,2003-07-22,-0.010566030144437378,295.13263769275545,0.002356951656041491,"{""type"":""MultiPoint"",""coordinates"":[]}"
20030723,2003-07-23,-0.007537787427449707,292.6789114010042,0.004834503416185215,"{""type"":""MultiPoint"",""coordinates"":[]}"
20030724,2003-07-24,-0.008134801193385863,292.09858720411387,0.011723283720889524,"{""type"":""MultiPoint"",""coordinates"":[]}"
20030725,2003-07-25,-0.008178265907477184,290.72936186200235,0.003808019499887207,"{""type"":""MultiPoint"",""coordinates"":[]}"
20030726,2003-07-26,-0.009406026180502746,293.3498415994764,4.328077298426673E-4,"{""type"":""MultiPoint"",""coordinates"":[]}"
20030727,2003-07-27,-0.011689307451696159,295.8292633749195,0.006534475639901546,"{""type"":""MultiPoint"",""coordinates"":[]}"
20030728,2003-07-28,-0.006813541293829369,291.48574911488197,0.009513722917729355,"{""type"":""MultiPoint"",""coordinates"":[]}"
20030729,2003-07-29,-0.008333760107944713,289.6495072538895,0.0033498385223209564,"{""type"":""MultiPoint"",""coordinates"":[]}"
20030730,2003-07-30,-0.008186733765763007,290.05884795205145,0.0010491249418104545,"{""type"":""MultiPoint"",""coordinates"":[]}"
20030731,2003-07-31,-0.00667461282750722,290.40795775496133,0.006037226450544911,"{""type"":""MultiPoint"",""coordinates"":[]}"
20030801,2003-08-01,-0.006369532219467783,291.99060100096983,0.002109484630917452,"{""type"":""MultiPoint"",""coordinates"":[]}"
20030802,2003-08-02,-0.008941259214208479,294.2608189623552,3.0439154980062993E-4,"{""type"":""MultiPoint"",""coordinates"":[]}"
20030803,2003-08-03,-0.010464271099830398,296.0564237307953,5.6122797707103195E-5,"{""type"":""MultiPoint"",""coordinates"":[]}"
20030804,2003-08-04,-0.010600148919979149,297.1110538357654,3.721966033865662E-4,"{""type"":""MultiPoint"",""coordinates"":[]}"
20030805,2003-08-05,-0.011064519501924948,297.01324436859596,6.476837016611044E-4,"{""type"":""MultiPoint"",""coordinates"":[]}"
20030806,2003-08-06,-0.011073460975061417,295.8217819282546,0.0017569792378202638,"{""type"":""MultiPoint"",""coordinates"":[]}"
20030807,2003-08-07,-0.011938569823218144,295.2127997979648,2.1277471317732193E-4,"{""type"":""MultiPoint"",""coordinates"":[]}"
20030808,2003-08-08,-0.012159749415903991,296.3074830349409,3.375181644312186E-5,"{""type"":""MultiPoint"",""coordinates"":[]}"
20030809,2003-08-09,-0.011599169981270939,296.14559141613324,4.8220555498240745E-5,"{""type"":""MultiPoint"",""coordinates"":[]}"
20030810,2003-08-10,-0.01280276221309159,296.8174535824584,1.2863246335340984E-4,"{""type"":""MultiPoint"",""coordinates"":[]}"
20030811,2003-08-11,-0.013333993308225229,295.16732008256474,6.555942556234636E-5,"{""type"":""MultiPoint"",""coordinates"":[]}"
20030812,2003-08-12,-0.01245666016182126,296.18778416110257,4.85615156458569E-5,"{""type"":""MultiPoint"",""coordinates"":[]}"
20030813,2003-08-13,-0.015067030262191524,298.28640871860944,1.6401242802734474E-4,"{""type"":""MultiPoint"",""coordinates"":[]}"
20030814,2003-08-14,-0.010150839309828878,295.4783423293127,0.0034948063409480216,"{""type"":""MultiPoint"",""coordinates"":[]}"
20030815,2003-08-15,-0.007431999815259247,291.7740379354022,0.005560724215213774,"{""type"":""MultiPoint"",""coordinates"":[]}"
20030816,2003-08-16,-0.008930336029805953,292.2204846951637,7.591970664139617E-4,"{""type"":""MultiPoint"",""coordinates"":[]}"
20030817,2003-08-17,-0.008540803337304882,293.8552725006318,0.0013228869307494106,"{""type"":""MultiPoint"",""coordinates"":[]}"
20030818,2003-08-18,-0.008352323416327521,293.96891148903876,0.007915194980472115,"{""type"":""MultiPoint"",""coordinates"":[]}"
20030819,2003-08-19,-0.00961309715385004,291.9094646709221,0.0017611737659374612,"{""type"":""MultiPoint"",""coordinates"":[]}"
20030820,2003-08-20,-0.00890720121473668,292.51701963059475,6.954209538351312E-4,"{""type"":""MultiPoint"",""coordinates"":[]}"
20030821,2003-08-21,-0.008087600402232494,292.9337068943994,0.0019090094140239112,"{""type"":""MultiPoint"",""coordinates"":[]}"
20030822,2003-08-22,-0.009609683273365838,293.5971993727191,6.148217883897003E-4,"{""type"":""MultiPoint"",""coordinates"":[]}"
20030823,2003-08-23,-0.011130544838193993,293.3033028537096,2.505626717058357E-4,"{""type"":""MultiPoint"",""coordinates"":[]}"
20030824,2003-08-24,-0.011039215358901108,292.4540238723277,2.5550501440812634E-5,"{""type"":""MultiPoint"",""coordinates"":[]}"
20030825,2003-08-25,-0.010379437972693636,290.9214725259707,7.59140751343596E-5,"{""type"":""MultiPoint"",""coordinates"":[]}"
20030826,2003-08-26,-0.010449034179911838,291.56293692815103,9.089468260121854E-6,"{""type"":""MultiPoint"",""coordinates"":[]}"
20030827,2003-08-27,-0.012398857136194917,291.5653976517254,2.7870342696771686E-5,"{""type"":""MultiPoint"",""coordinates"":[]}"
20030828,2003-08-28,-0.009848781594728354,292.16400184306104,3.3472999387141363E-4,"{""type"":""MultiPoint"",""coordinates"":[]}"
20030829,2003-08-29,-0.008298962370832904,292.6429635687523,0.007632525210825599,"{""type"":""MultiPoint"",""coordinates"":[]}"
20030830,2003-08-30,-0.008159863694530135,288.97217031607977,0.004118165932981413,"{""type"":""MultiPoint"",""coordinates"":[]}"
20030831,2003-08-31,-0.003879870262036629,284.86965959628844,0.009245509871385534,"{""type"":""MultiPoint"",""coordinates"":[]}"
20030901,2003-09-01,-0.006579951865896928,284.3518888165493,0.0015339915501616298,"{""type"":""MultiPoint"",""coordinates"":[]}"
20030902,2003-09-02,-0.005648099337854106,282.9474198006475,0.0031003731136360316,"{""type"":""MultiPoint"",""coordinates"":[]}"
20030903,2003-09-03,-0.008141668581187422,283.24539391423787,1.0897496302835142E-4,"{""type"":""MultiPoint"",""coordinates"":[]}"
20030904,2003-09-04,-0.008324869188335767,285.4258577169165,1.0498577889454848E-4,"{""type"":""MultiPoint"",""coordinates"":[]}"
20030905,2003-09-05,-0.008622566272152105,286.94638601271095,4.2898956146955985E-5,"{""type"":""MultiPoint"",""coordinates"":[]}"
20030906,2003-09-06,-0.006201822837463177,287.5748408202468,5.672439186744063E-4,"{""type"":""MultiPoint"",""coordinates"":[]}"
20030907,2003-09-07,-0.00739613473334505,288.384151730623,6.21766950505647E-4,"{""type"":""MultiPoint"",""coordinates"":[]}"
20030908,2003-09-08,-0.005842826698498203,287.5515912001256,0.002357485604315598,"{""type"":""MultiPoint"",""coordinates"":[]}"
20030909,2003-09-09,-0.004506466468630293,287.31519590855066,0.005457036453295441,"{""type"":""MultiPoint"",""coordinates"":[]}"
20030910,2003-09-10,-0.0050774299516483275,286.2019436599208,0.0053991774887442,"{""type"":""MultiPoint"",""coordinates"":[]}"
20030911,2003-09-11,-0.005658155711964478,283.98164468055285,0.008729153871888906,"{""type"":""MultiPoint"",""coordinates"":[]}"
20030912,2003-09-12,-0.0036236638215860284,283.72970420261464,0.009662866728962593,"{""type"":""MultiPoint"",""coordinates"":[]}"
20030913,2003-09-13,-0.002828841081951524,284.0537368950182,0.008128475883695334,"{""type"":""MultiPoint"",""coordinates"":[]}"
20030914,2003-09-14,-0.00589271717442909,284.73232008360964,7.298618890229105E-4,"{""type"":""MultiPoint"",""coordinates"":[]}"
20030915,2003-09-15,-0.007471657497915116,285.37482771376386,7.683886395579968E-7,"{""type"":""MultiPoint"",""coordinates"":[]}"
20030916,2003-09-16,-0.006624492620954838,286.16260635279014,5.0053870492435956E-8,"{""type"":""MultiPoint"",""coordinates"":[]}"
20030917,2003-09-17,-0.0071206305778785456,287.5665937392833,1.114061745779217E-6,"{""type"":""MultiPoint"",""coordinates"":[]}"
20030918,2003-09-18,-0.0070738122089930204,288.92171583784705,1.892973589685147E-6,"{""type"":""MultiPoint"",""coordinates"":[]}"
20030919,2003-09-19,-0.00695458567891186,290.38513461030567,3.8126588247489106E-6,"{""type"":""MultiPoint"",""coordinates"":[]}"
20030920,2003-09-20,-0.007022827063598386,291.193911498649,5.070843848677788E-6,"{""type"":""MultiPoint"",""coordinates"":[]}"
20030921,2003-09-21,-0.006655506958792729,291.1183043147386,1.0694021826651897E-4,"{""type"":""MultiPoint"",""coordinates"":[]}"
20030922,2003-09-22,-0.00869159394943393,290.881615901148,3.926900533855646E-5,"{""type"":""MultiPoint"",""coordinates"":[]}"
20030923,2003-09-23,-0.005077402407873361,287.45676107693725,0.00978057465009818,"{""type"":""MultiPoint"",""coordinates"":[]}"
20030924,2003-09-24,-0.004574148158350885,282.6422176322093,0.0025387066496822997,"{""type"":""MultiPoint"",""coordinates"":[]}"
20030925,2003-09-25,-0.007779782087729279,282.7951466353557,2.322069393840024E-6,"{""type"":""MultiPoint"",""coordinates"":[]}"
20030926,2003-09-26,-0.0069980548457611955,284.4995342418532,2.019177433324144E-6,"{""type"":""MultiPoint"",""coordinates"":[]}"
20030927,2003-09-27,-0.005465095609645853,285.9654271853873,8.733932632126203E-5,"{""type"":""MultiPoint"",""coordinates"":[]}"
20030928,2003-09-28,-0.005719345280553469,286.0423958570979,0.0021686627049061287,"{""type"":""MultiPoint"",""coordinates"":[]}"
20030929,2003-09-29,-0.0033909615957476123,283.66025651636215,0.0049898595279081635,"{""type"":""MultiPoint"",""coordinates"":[]}"
20030930,2003-09-30,-0.004933786841404391,282.5787994105061,4.925456606272085E-5,"{""type"":""MultiPoint"",""coordinates"":[]}"
20031001,2003-10-01,-0.004117030792066595,284.23299545397066,9.512417994955762E-4,"{""type"":""MultiPoint"",""coordinates"":[]}"
20031002,2003-10-02,-0.004320954726154725,287.19055322765485,0.0014154270039197035,"{""type"":""MultiPoint"",""coordinates"":[]}"
20031003,2003-10-03,-0.002779544022315483,286.49166484383613,0.0045906903353962044,"{""type"":""MultiPoint"",""coordinates"":[]}"
20031004,2003-10-04,-0.0024086973988116794,284.4583772938274,0.009753219751595453,"{""type"":""MultiPoint"",""coordinates"":[]}"
20031005,2003-10-05,-0.0012998775175111857,279.74346341921535,0.029891413984897527,"{""type"":""MultiPoint"",""coordinates"":[]}"
20031006,2003-10-06,-0.005417228687881115,278.6196844139613,0.003791698777021739,"{""type"":""MultiPoint"",""coordinates"":[]}"
20031007,2003-10-07,-0.0027103194853658912,278.58938619517164,0.014765019462968886,"{""type"":""MultiPoint"",""coordinates"":[]}"
20031008,2003-10-08,-0.0035928816394893265,277.2265303144158,0.007915541221761207,"{""type"":""MultiPoint"",""coordinates"":[]}"
20031009,2003-10-09,-0.0034399299180563137,279.81797710173,0.01138638064306331,"{""type"":""MultiPoint"",""coordinates"":[]}"
20031010,2003-10-10,-0.0031939886164092258,283.0339465170401,0.0014373883011077517,"{""type"":""MultiPoint"",""coordinates"":[]}"
20031011,2003-10-11,-0.003846314746064565,283.7415502292001,3.731418014286285E-4,"{""type"":""MultiPoint"",""coordinates"":[]}"
20031012,2003-10-12,-0.0033315783823725524,281.3525812899516,4.2720259795136036E-4,"{""type"":""MultiPoint"",""coordinates"":[]}"
20031013,2003-10-13,-0.0035662028998155286,279.21461807738973,2.01276169908259E-5,"{""type"":""MultiPoint"",""coordinates"":[]}"
20031014,2003-10-14,-0.004274506471120568,277.85237943758744,7.113505841115376E-5,"{""type"":""MultiPoint"",""coordinates"":[]}"
20031015,2003-10-15,-0.00462551672411918,277.23879168393415,1.147507268728858E-4,"{""type"":""MultiPoint"",""coordinates"":[]}"
20031016,2003-10-16,-0.004496276646793345,276.27782001112746,1.500159048663027E-4,"{""type"":""MultiPoint"",""coordinates"":[]}"
20031017,2003-10-17,-0.004852220234830155,275.5561850755125,3.4975269160642028E-6,"{""type"":""MultiPoint"",""coordinates"":[]}"
20031018,2003-10-18,-0.004450588309085786,276.0135065562623,3.451969681967897E-6,"{""type"":""MultiPoint"",""coordinates"":[]}"
20031019,2003-10-19,-0.003474560223501666,276.9408892354359,5.743365192399452E-5,"{""type"":""MultiPoint"",""coordinates"":[]}"
20031020,2003-10-20,-0.0015207827402014802,277.7981084925271,0.0038819595150077135,"{""type"":""MultiPoint"",""coordinates"":[]}"
20031021,2003-10-21,-0.001210421259319806,276.646383642065,0.004587638732628116,"{""type"":""MultiPoint"",""coordinates"":[]}"
20031022,2003-10-22,-0.0016291489878641526,275.30475461514453,0.0010049510423242906,"{""type"":""MultiPoint"",""coordinates"":[]}"
20031023,2003-10-23,-0.0029396156635053813,273.82274804336487,0.004213906091366872,"{""type"":""MultiPoint"",""coordinates"":[]}"
20031024,2003-10-24,-0.002514046854717839,270.75561972920417,0.002528280197296433,"{""type"":""MultiPoint"",""coordinates"":[]}"
20031025,2003-10-25,-0.0032972976348927124,270.97668232424473,8.522858567611093E-5,"{""type"":""MultiPoint"",""coordinates"":[]}"
20031026,2003-10-26,-0.0030679260184941783,273.17797996184305,1.9604733610190293E-4,"{""type"":""MultiPoint"",""coordinates"":[]}"
20031027,2003-10-27,-0.002170356409436101,272.9159509393016,1.3969964947870277E-4,"{""type"":""MultiPoint"",""coordinates"":[]}"
20031028,2003-10-28,-0.0023285011639161387,272.6193834250061,4.860643817337157E-6,"{""type"":""MultiPoint"",""coordinates"":[]}"
20031029,2003-10-29,-0.0021121803073906624,274.80543566713465,0.0016457778721364741,"{""type"":""MultiPoint"",""coordinates"":[]}"
20031030,2003-10-30,-8.406522775824353E-4,275.24283290759337,0.0030808257552436113,"{""type"":""MultiPoint"",""coordinates"":[]}"
20031031,2003-10-31,-0.0027123949155769874,277.3652703139626,0.0011967947309373935,"{""type"":""MultiPoint"",""coordinates"":[]}"
20031101,2003-11-01,-0.0015176264536205368,279.89664882425615,0.010165381020226634,"{""type"":""MultiPoint"",""coordinates"":[]}"
20031102,2003-11-02,-0.0018372020175356021,278.07983750251043,0.005646231371555443,"{""type"":""MultiPoint"",""coordinates"":[]}"
20031103,2003-11-03,-0.0022974957092115815,278.8193315517731,7.094744811886352E-4,"{""type"":""MultiPoint"",""coordinates"":[]}"
20031104,2003-11-04,-0.002697338038069322,279.2916216430625,2.5383747633274866E-5,"{""type"":""MultiPoint"",""coordinates"":[]}"
20031105,2003-11-05,-0.002265169281571142,277.15310414857606,2.680424377810597E-6,"{""type"":""MultiPoint"",""coordinates"":[]}"
20031106,2003-11-06,-0.002620872317649906,276.3591306777733,2.0537539616709077E-4,"{""type"":""MultiPoint"",""coordinates"":[]}"
20031107,2003-11-07,-0.0026082824751874575,275.9036532568453,0.0011281943946368058,"{""type"":""MultiPoint"",""coordinates"":[]}"
20031108,2003-11-08,-0.0024307251522001816,276.5641887674591,0.0012722095319410921,"{""type"":""MultiPoint"",""coordinates"":[]}"
20031109,2003-11-09,-0.0013869276663002437,277.1395153925961,1.3652924265974364E-5,"{""type"":""MultiPoint"",""coordinates"":[]}"
20031110,2003-11-10,-0.001777335911434706,275.7519011751499,3.3077116880196373E-5,"{""type"":""MultiPoint"",""coordinates"":[]}"
20031111,2003-11-11,-0.0022540677760604774,274.623075894974,2.219388360487262E-5,"{""type"":""MultiPoint"",""coordinates"":[]}"
20031112,2003-11-12,-0.0020817694692129743,273.79591325170964,3.0712509903080894E-4,"{""type"":""MultiPoint"",""coordinates"":[]}"
20031113,2003-11-13,-7.780769884157776E-4,274.5015063225996,0.004421018798553876,"{""type"":""MultiPoint"",""coordinates"":[]}"
20031114,2003-11-14,-0.0011541860486530102,275.06425881328295,4.2144826490369424E-4,"{""type"":""MultiPoint"",""coordinates"":[]}"
20031115,2003-11-15,-0.0013798907109171421,276.3525242161539,4.2366248032658926E-4,"{""type"":""MultiPoint"",""coordinates"":[]}"
20031116,2003-11-16,-0.0014070322012178123,275.7869591702586,6.183698848975806E-4,"{""type"":""MultiPoint"",""coordinates"":[]}"
20031117,2003-11-17,-0.0018010953478502928,276.29745147656195,0.003933537170514539,"{""type"":""MultiPoint"",""coordinates"":[]}"
20031118,2003-11-18,-0.001556440886870458,276.903231136573,0.001357955176082912,"{""type"":""MultiPoint"",""coordinates"":[]}"
20031119,2003-11-19,-0.0014859482414816166,279.8239708655602,7.905288346237917E-5,"{""type"":""MultiPoint"",""coordinates"":[]}"
20031120,2003-11-20,-0.0010782248446832019,278.68498081603934,4.938773541888257E-5,"{""type"":""MultiPoint"",""coordinates"":[]}"
20031121,2003-11-21,-0.0010768767542485669,278.08214321834333,3.9993536258824755E-5,"{""type"":""MultiPoint"",""coordinates"":[]}"
20031122,2003-11-22,-0.001028404220212386,278.049789998638,1.7981451187561563E-4,"{""type"":""MultiPoint"",""coordinates"":[]}"
20031123,2003-11-23,-0.001014800608486759,278.58221863383534,1.8156018055037884E-4,"{""type"":""MultiPoint"",""coordinates"":[]}"
20031124,2003-11-24,-8.243180178755895E-4,278.9320535649809,2.2538767786508523E-4,"{""type"":""MultiPoint"",""coordinates"":[]}"
20031125,2003-11-25,-9.950407446766784E-4,278.76169059544816,3.7432930140805494E-4,"{""type"":""MultiPoint"",""coordinates"":[]}"
20031126,2003-11-26,-5.470110040168011E-4,278.08232719616825,0.0016571695054644555,"{""type"":""MultiPoint"",""coordinates"":[]}"
20031127,2003-11-27,-0.0010111968929621795,278.6196362875192,0.0012175488153040308,"{""type"":""MultiPoint"",""coordinates"":[]}"
20031128,2003-11-28,-7.419555026020125E-4,277.2574570236386,0.0110723225066103,"{""type"":""MultiPoint"",""coordinates"":[]}"
20031129,2003-11-29,-8.961482002251942E-4,275.15109838600364,0.003949416384329056,"{""type"":""MultiPoint"",""coordinates"":[]}"
20031130,2003-11-30,-9.579592255622678E-4,274.4030980847574,1.6830395939106276E-4,"{""type"":""MultiPoint"",""coordinates"":[]}"
20031201,2003-12-01,-0.0013013279080072624,276.1031654016242,2.701694955499418E-4,"{""type"":""MultiPoint"",""coordinates"":[]}"
20031202,2003-12-02,-0.0010724757377631622,277.36411343482456,1.4807834896483817E-4,"{""type"":""MultiPoint"",""coordinates"":[]}"
20031203,2003-12-03,-7.07265814843533E-4,276.6523137067117,1.0227999734151718E-4,"{""type"":""MultiPoint"",""coordinates"":[]}"
20031204,2003-12-04,-8.895276271956618E-4,275.37756136968864,1.293475582071613E-4,"{""type"":""MultiPoint"",""coordinates"":[]}"
20031205,2003-12-05,-9.320760063657687E-4,274.51733633019506,7.271149739824156E-5,"{""type"":""MultiPoint"",""coordinates"":[]}"
20031206,2003-12-06,-0.0014512047913942362,273.4890348361269,0.0030125179580323064,"{""type"":""MultiPoint"",""coordinates"":[]}"
20031207,2003-12-07,-0.0017943662654556658,269.69493820253626,3.249971942191373E-4,"{""type"":""MultiPoint"",""coordinates"":[]}"
20031208,2003-12-08,-0.0015814868909585032,269.23882716586746,1.6339394550739805E-6,"{""type"":""MultiPoint"",""coordinates"":[]}"
20031209,2003-12-09,-0.001563605455356445,270.7396864933632,1.1714322522266817E-6,"{""type"":""MultiPoint"",""coordinates"":[]}"
20031210,2003-12-10,-0.0017439837907358034,271.31849015724214,9.160511973840525E-5,"{""type"":""MultiPoint"",""coordinates"":[]}"
20031211,2003-12-11,-9.8692073654783E-4,272.34276902982907,1.3022183249439585E-4,"{""type"":""MultiPoint"",""coordinates"":[]}"
20031212,2003-12-12,-3.3532089587825977E-4,274.1989290008703,0.002230065148147708,"{""type"":""MultiPoint"",""coordinates"":[]}"
20031213,2003-12-13,-6.628078117570145E-4,274.8677640963309,0.0036211369279867643,"{""type"":""MultiPoint"",""coordinates"":[]}"
20031214,2003-12-14,-0.0018502772432331313,276.31024782056863,0.010673982998848058,"{""type"":""MultiPoint"",""coordinates"":[]}"
20031215,2003-12-15,-0.0026812897192698645,271.4863557468973,0.00805984572758688,"{""type"":""MultiPoint"",""coordinates"":[]}"
20031216,2003-12-16,-0.0018873840580666199,270.1934655583351,0.004492290326479609,"{""type"":""MultiPoint"",""coordinates"":[]}"
20031217,2003-12-17,-6.002103073220372E-4,270.60931704434864,8.943187923600867E-4,"{""type"":""MultiPoint"",""coordinates"":[]}"
20031218,2003-12-18,-5.366606318843123E-4,269.96563988766167,1.9987906343943754E-5,"{""type"":""MultiPoint"",""coordinates"":[]}"
20031219,2003-12-19,-5.701484093664289E-4,270.46722645915105,2.0843000092949819E-4,"{""type"":""MultiPoint"",""coordinates"":[]}"
20031220,2003-12-20,-6.013074808610396E-4,272.99619595696174,3.1194058976021644E-4,"{""type"":""MultiPoint"",""coordinates"":[]}"
20031221,2003-12-21,-0.0017954746365304844,274.12361517755807,0.004504801964111492,"{""type"":""MultiPoint"",""coordinates"":[]}"
20031222,2003-12-22,-0.0012639016207657405,270.9822951580301,0.0035468552683279257,"{""type"":""MultiPoint"",""coordinates"":[]}"
20031223,2003-12-23,-0.0013782061707531836,265.9260864198931,0.0010554230082300048,"{""type"":""MultiPoint"",""coordinates"":[]}"
20031224,2003-12-24,-8.323477826587468E-4,262.82311196990025,2.461907241265225E-6,"{""type"":""MultiPoint"",""coordinates"":[]}"
20031225,2003-12-25,-8.934008312052228E-4,265.55003428773745,1.1960400078332055E-5,"{""type"":""MultiPoint"",""coordinates"":[]}"
20031226,2003-12-26,-7.432445984909717E-4,269.0038282885501,2.6154390226004034E-5,"{""type"":""MultiPoint"",""coordinates"":[]}"
20031227,2003-12-27,-7.595271987303413E-4,270.26263312329206,1.0761956128054339E-4,"{""type"":""MultiPoint"",""coordinates"":[]}"
20031228,2003-12-28,-7.000656407185417E-4,272.1077767589771,6.575875570497369E-4,"{""type"":""MultiPoint"",""coordinates"":[]}"
20031229,2003-12-29,-4.705857332550403E-4,272.5108742289591,0.0036392501505437503,"{""type"":""MultiPoint"",""coordinates"":[]}"
20031230,2003-12-30,-3.2543355322928614E-4,272.57259425785026,0.0028729870408847435,"{""type"":""MultiPoint"",""coordinates"":[]}"
20031231,2003-12-31,-4.7493575561702826E-4,271.65474001210873,0.010335295888338744,"{""type"":""MultiPoint"",""coordinates"":[]}"
20040101,2004-01-01,-7.63218909508824E-4,269.27253191805755,0.0010918487579546987,"{""type"":""MultiPoint"",""coordinates"":[]}"
20040102,2004-01-02,-8.149488647556288E-4,267.2854010004015,8.396109896186503E-4,"{""type"":""MultiPoint"",""coordinates"":[]}"
20040103,2004-01-03,-6.82401646438315E-4,264.91726673078915,2.5586271846115535E-4,"{""type"":""MultiPoint"",""coordinates"":[]}"
20040104,2004-01-04,-6.879625655699927E-4,264.42101778565086,0.002044251567586575,"{""type"":""MultiPoint"",""coordinates"":[]}"
20040105,2004-01-05,-7.972294732881093E-4,267.9705016666759,0.00524904293878793,"{""type"":""MultiPoint"",""coordinates"":[]}"
20040106,2004-01-06,-4.940001117527258E-4,266.3430067303173,0.0018686792929838308,"{""type"":""MultiPoint"",""coordinates"":[]}"
20040107,2004-01-07,-3.5243684940249764E-4,271.17524168309603,0.005244936370982391,"{""type"":""MultiPoint"",""coordinates"":[]}"
20040108,2004-01-08,-4.760905568375912E-4,270.38895863413956,5.482670987325414E-4,"{""type"":""MultiPoint"",""coordinates"":[]}"
20040109,2004-01-09,-5.580830250250899E-4,271.28868432401543,0.006745338659002885,"{""type"":""MultiPoint"",""coordinates"":[]}"
20040110,2004-01-10,-5.708002544545553E-4,271.7872180870484,0.0067573587404511845,"{""type"":""MultiPoint"",""coordinates"":[]}"
20040111,2004-01-11,-9.432996660046042E-4,273.7780960777242,0.0053203131362495985,"{""type"":""MultiPoint"",""coordinates"":[]}"
20040112,2004-01-12,-0.0012073752344864898,275.09116943441865,0.00963547499556328,"{""type"":""MultiPoint"",""coordinates"":[]}"
20040113,2004-01-13,-0.00114659397227074,276.0106075067464,0.016695884293860676,"{""type"":""MultiPoint"",""coordinates"":[]}"
20040114,2004-01-14,-0.002505993344483887,274.3931815150948,0.004483542884276976,"{""type"":""MultiPoint"",""coordinates"":[]}"
20040115,2004-01-15,-0.0013613913444945392,272.11655118281067,0.0064626730469614395,"{""type"":""MultiPoint"",""coordinates"":[]}"
20040116,2004-01-16,-0.0018669473163593542,271.46855448525537,0.0020183197950105463,"{""type"":""MultiPoint"",""coordinates"":[]}"
20040117,2004-01-17,-5.409061377111811E-4,271.8397707250604,0.005753461072262131,"{""type"":""MultiPoint"",""coordinates"":[]}"
20040118,2004-01-18,-5.480353299001111E-4,270.23200652571563,0.0011621644924965904,"{""type"":""MultiPoint"",""coordinates"":[]}"
20040119,2004-01-19,-0.0017566173360518396,269.9738717917494,0.0010375060586013069,"{""type"":""MultiPoint"",""coordinates"":[]}"
20040120,2004-01-20,-9.023053645812021E-4,271.4938367199429,0.0123774635462664,"{""type"":""MultiPoint"",""coordinates"":[]}"
20040121,2004-01-21,-9.246661118505217E-4,267.5894868894988,0.0017261236415185485,"{""type"":""MultiPoint"",""coordinates"":[]}"
20040122,2004-01-22,-8.658574553999496E-4,264.8740584690915,6.819054921302285E-4,"{""type"":""MultiPoint"",""coordinates"":[]}"
20040123,2004-01-23,-8.159617120094007E-4,262.8405547604128,1.0023449563123794E-5,"{""type"":""MultiPoint"",""coordinates"":[]}"
20040124,2004-01-24,-7.648096315069323E-4,263.0590047155713,5.917323931818575E-4,"{""type"":""MultiPoint"",""coordinates"":[]}"
20040125,2004-01-25,-5.442923874735982E-4,267.50078503297084,0.004210153180778332,"{""type"":""MultiPoint"",""coordinates"":[]}"
20040126,2004-01-26,-7.969617463732106E-4,267.3228157358157,7.639704383639778E-4,"{""type"":""MultiPoint"",""coordinates"":[]}"
20040127,2004-01-27,-6.562474356704715E-4,268.4186653444977,0.002909444344365661,"{""type"":""MultiPoint"",""coordinates"":[]}"
20040128,2004-01-28,-0.0010937290997775069,267.5790675523239,0.0020362480906587865,"{""type"":""MultiPoint"",""coordinates"":[]}"
20040129,2004-01-29,-0.0010979407138152,266.9849458044604,0.0016989629003052902,"{""type"":""MultiPoint"",""coordinates"":[]}"
20040130,2004-01-30,-0.00201719374280889,267.69653927346843,7.368165755912582E-4,"{""type"":""MultiPoint"",""coordinates"":[]}"
20040131,2004-01-31,-0.0017263691380273822,268.9123222330302,5.256268403376371E-5,"{""type"":""MultiPoint"",""coordinates"":[]}"
20040201,2004-02-01,-0.002902342158493761,275.3982547271778,3.7562487334379536E-4,"{""type"":""MultiPoint"",""coordinates"":[]}"
20040202,2004-02-02,-0.0023139427575068205,276.7532129858754,0.00493003377258232,"{""type"":""MultiPoint"",""coordinates"":[]}"
20040203,2004-02-03,-0.0017794887419382848,277.6232532093922,0.0016570861516018325,"{""type"":""MultiPoint"",""coordinates"":[]}"
20040204,2004-02-04,-0.0020571382326341463,277.43807774446,7.209966083821403E-5,"{""type"":""MultiPoint"",""coordinates"":[]}"
20040205,2004-02-05,-0.0042288784666260956,279.31745659632,1.987499276114605E-5,"{""type"":""MultiPoint"",""coordinates"":[]}"
20040206,2004-02-06,-0.003345601552067871,279.51440756976757,8.4159341514035E-6,"{""type"":""MultiPoint"",""coordinates"":[]}"
20040207,2004-02-07,-0.004987763657651244,278.2878731514113,0.0018473132772975672,"{""type"":""MultiPoint"",""coordinates"":[]}"
20040208,2004-02-08,-0.0032820122751584598,273.86282681364435,0.007496120325172976,"{""type"":""MultiPoint"",""coordinates"":[]}"
20040209,2004-02-09,-0.004119190882664527,271.26285783439977,0.005975016898546497,"{""type"":""MultiPoint"",""coordinates"":[]}"
20040210,2004-02-10,-0.0025770198671635734,270.7056076038585,0.0013310379417390884,"{""type"":""MultiPoint"",""coordinates"":[]}"
20040211,2004-02-11,-0.0013825027785136844,271.3095455270738,0.009990663809920815,"{""type"":""MultiPoint"",""coordinates"":[]}"
20040212,2004-02-12,-0.0013380975513021854,267.7060100261753,0.0013218452729246814,"{""type"":""MultiPoint"",""coordinates"":[]}"
20040213,2004-02-13,-7.573981736119937E-4,270.8473873924108,0.0024995658266531435,"{""type"":""MultiPoint"",""coordinates"":[]}"
20040214,2004-02-14,-0.0013696262742796826,273.8096073722579,0.0011288029650939205,"{""type"":""MultiPoint"",""coordinates"":[]}"
20040215,2004-02-15,-0.0014135420962604185,273.4903297540897,0.0018842833168108918,"{""type"":""MultiPoint"",""coordinates"":[]}"
20040216,2004-02-16,-0.0015759383668671062,272.8872580013218,0.001199618780761984,"{""type"":""MultiPoint"",""coordinates"":[]}"
20040217,2004-02-17,-0.002229304864247341,272.1522702244576,1.2347291834452435E-4,"{""type"":""MultiPoint"",""coordinates"":[]}"
20040218,2004-02-18,-0.0016974463602058383,272.0969211321779,0.002151859306138093,"{""type"":""MultiPoint"",""coordinates"":[]}"
20040219,2004-02-19,-0.0031299902793403313,270.3942485892088,7.021055012483475E-4,"{""type"":""MultiPoint"",""coordinates"":[]}"
20040220,2004-02-20,-0.0033892683090553837,270.45239519572453,6.443291537067316E-5,"{""type"":""MultiPoint"",""coordinates"":[]}"
20040221,2004-02-21,-0.0035352673273637125,272.52702682652136,3.603220333893774E-4,"{""type"":""MultiPoint"",""coordinates"":[]}"
20040222,2004-02-22,-0.002116818152326296,275.0248281429949,8.179413259499272E-4,"{""type"":""MultiPoint"",""coordinates"":[]}"
20040223,2004-02-23,-0.0010322543298912528,270.78644186452254,0.012799108071818145,"{""type"":""MultiPoint"",""coordinates"":[]}"
20040224,2004-02-24,-0.0017412448750199446,267.2684435636486,0.001947224604306237,"{""type"":""MultiPoint"",""coordinates"":[]}"
20040225,2004-02-25,-0.0023499849877042845,266.7449784634824,1.1252226944557813E-4,"{""type"":""MultiPoint"",""coordinates"":[]}"
20040226,2004-02-26,-0.0018489766236740835,268.56557303131024,0.0019687030172589838,"{""type"":""MultiPoint"",""coordinates"":[]}"
20040227,2004-02-27,-0.0013506203785792954,268.71811549433573,0.004780747414580038,"{""type"":""MultiPoint"",""coordinates"":[]}"
20040228,2004-02-28,-0.00202931942386432,267.9636744446593,0.001134935748287336,"{""type"":""MultiPoint"",""coordinates"":[]}"
20040229,2004-02-29,-0.0017766716669996303,267.8236238370085,0.003323848282455225,"{""type"":""MultiPoint"",""coordinates"":[]}"
20040301,2004-03-01,-0.0019521174889570324,267.16601127288726,0.0016571330792459669,"{""type"":""MultiPoint"",""coordinates"":[]}"
20040302,2004-03-02,-0.0014864172509148846,268.5519015538293,0.0022953951314033058,"{""type"":""MultiPoint"",""coordinates"":[]}"
20040303,2004-03-03,-0.0024832666436387604,271.69657392382584,0.001656802484492244,"{""type"":""MultiPoint"",""coordinates"":[]}"
20040304,2004-03-04,-0.002191582035358896,269.4572216013055,8.703031739261983E-4,"{""type"":""MultiPoint"",""coordinates"":[]}"
20040305,2004-03-05,-0.0028157189962192113,267.42633568279666,5.638910517757796E-5,"{""type"":""MultiPoint"",""coordinates"":[]}"
20040306,2004-03-06,-0.002129613342836011,269.20365427734527,0.0014541151261197006,"{""type"":""MultiPoint"",""coordinates"":[]}"
20040307,2004-03-07,-0.0016231550175704432,271.76109203269965,0.002459029068506663,"{""type"":""MultiPoint"",""coordinates"":[]}"
20040308,2004-03-08,-0.0016291795657334047,271.09705372480033,0.004502113116378393,"{""type"":""MultiPoint"",""coordinates"":[]}"
20040309,2004-03-09,-0.002180390762460948,269.84229146074176,0.0038232573184640364,"{""type"":""MultiPoint"",""coordinates"":[]}"
20040310,2004-03-10,-0.0027542320849553224,270.14846040834766,7.925895615157035E-4,"{""type"":""MultiPoint"",""coordinates"":[]}"
20040311,2004-03-11,-0.0023506267017426954,271.10788795070715,0.0010211465245417977,"{""type"":""MultiPoint"",""coordinates"":[]}"
20040312,2004-03-12,-0.0034537171982264425,273.3290841577715,4.647384999980823E-5,"{""type"":""MultiPoint"",""coordinates"":[]}"
20040313,2004-03-13,-0.003118471172904864,275.8914132056208,2.0964181271517E-4,"{""type"":""MultiPoint"",""coordinates"":[]}"
20040314,2004-03-14,-0.00222050987852586,276.7656246401383,5.162191464618068E-4,"{""type"":""MultiPoint"",""coordinates"":[]}"
20040315,2004-03-15,-0.004048677673566052,277.6720696575497,2.872992670874034E-6,"{""type"":""MultiPoint"",""coordinates"":[]}"
20040316,2004-03-16,-0.004630998885664642,279.6998666914504,1.1215285984125567E-6,"{""type"":""MultiPoint"",""coordinates"":[]}"
20040317,2004-03-17,-0.005099304027427074,281.2494556208467,1.5513258233745267E-6,"{""type"":""MultiPoint"",""coordinates"":[]}"
20040318,2004-03-18,-0.005273127940159715,282.25440189606303,1.8339982540576928E-6,"{""type"":""MultiPoint"",""coordinates"":[]}"
20040319,2004-03-19,-0.005890187798283317,282.197951309551,7.730260177175845E-5,"{""type"":""MultiPoint"",""coordinates"":[]}"
20040320,2004-03-20,-0.004674351850306328,281.81665158691806,0.0019557296710460597,"{""type"":""MultiPoint"",""coordinates"":[]}"
20040321,2004-03-21,-0.006102035904790316,281.2213286401612,0.003616220428015534,"{""type"":""MultiPoint"",""coordinates"":[]}"
20040322,2004-03-22,-0.004875311117799605,277.3347591089261,0.0029283400661632942,"{""type"":""MultiPoint"",""coordinates"":[]}"
20040323,2004-03-23,-0.0014698266680106115,274.90250813274247,0.009972649662998647,"{""type"":""MultiPoint"",""coordinates"":[]}"
20040324,2004-03-24,-0.0012543351682075803,274.145198067139,0.019173050638150276,"{""type"":""MultiPoint"",""coordinates"":[]}"
20040325,2004-03-25,-0.0020537557071690984,272.8152045385307,0.011117651805692972,"{""type"":""MultiPoint"",""coordinates"":[]}"
20040326,2004-03-26,-0.002585528798078311,271.1270490613328,0.0022115197346564185,"{""type"":""MultiPoint"",""coordinates"":[]}"
20040327,2004-03-27,-0.0030586723624489867,271.27226678853685,0.001448007840548787,"{""type"":""MultiPoint"",""coordinates"":[]}"
20040328,2004-03-28,-0.003529496442373762,272.8866000842683,1.171934959973459E-4,"{""type"":""MultiPoint"",""coordinates"":[]}"
20040329,2004-03-29,-0.004519126136772635,275.1433468648944,7.1010065322285725E-6,"{""type"":""MultiPoint"",""coordinates"":[]}"
20040330,2004-03-30,-0.006381330461057624,276.6465886178133,2.626762130783262E-5,"{""type"":""MultiPoint"",""coordinates"":[]}"
20040331,2004-03-31,-0.005436809954226668,278.19170363317966,1.5874577443963835E-5,"{""type"":""MultiPoint"",""coordinates"":[]}"
20040401,2004-04-01,-0.005235296990690479,279.8654549332133,1.5509382537469597E-4,"{""type"":""MultiPoint"",""coordinates"":[]}"
20040402,2004-04-02,-0.006301993767626916,281.1429204714196,2.355171223751694E-5,"{""type"":""MultiPoint"",""coordinates"":[]}"
20040403,2004-04-03,-0.004963824703448491,281.0269242078309,1.6013434265077614E-4,"{""type"":""MultiPoint"",""coordinates"":[]}"
20040404,2004-04-04,-0.004153310668717707,280.99370499397173,0.0018575223991850933,"{""type"":""MultiPoint"",""coordinates"":[]}"
20040405,2004-04-05,-0.003719528953108727,278.49782807871424,0.007559299644777912,"{""type"":""MultiPoint"",""coordinates"":[]}"
20040406,2004-04-06,-0.0034638093269625365,276.98607824879736,0.0063556292783069415,"{""type"":""MultiPoint"",""coordinates"":[]}"
20040407,2004-04-07,-0.003359716326876766,275.27232986152154,0.003928472728260292,"{""type"":""MultiPoint"",""coordinates"":[]}"
20040408,2004-04-08,-0.005210627386463969,275.57513249817663,0.0020731806278909935,"{""type"":""MultiPoint"",""coordinates"":[]}"
20040409,2004-04-09,-0.005528962490283013,276.2918384669797,7.353077312963938E-4,"{""type"":""MultiPoint"",""coordinates"":[]}"
20040410,2004-04-10,-0.004033934821610188,277.52000792346826,0.003253760308528945,"{""type"":""MultiPoint"",""coordinates"":[]}"
20040411,2004-04-11,-0.002596127165703255,276.8451244429145,0.006511238225603484,"{""type"":""MultiPoint"",""coordinates"":[]}"
20040412,2004-04-12,-0.006460250068281918,277.20902744803425,2.261200924937027E-4,"{""type"":""MultiPoint"",""coordinates"":[]}"
20040413,2004-04-13,-0.005572829821976317,278.0573307807415,0.0012665440681888475,"{""type"":""MultiPoint"",""coordinates"":[]}"
20040414,2004-04-14,-0.006700672128979411,278.76509393235216,3.0069794587709377E-4,"{""type"":""MultiPoint"",""coordinates"":[]}"
20040415,2004-04-15,-0.006839949346460985,280.3407905905188,3.971792377922009E-4,"{""type"":""MultiPoint"",""coordinates"":[]}"
20040416,2004-04-16,-0.006912206008956841,281.53879146759823,9.725969322451942E-4,"{""type"":""MultiPoint"",""coordinates"":[]}"
20040417,2004-04-17,-0.005806589608337787,282.0079746233718,7.322812568574984E-4,"{""type"":""MultiPoint"",""coordinates"":[]}"
20040418,2004-04-18,-0.005324418574288608,282.5312984252899,0.0019601868939120577,"{""type"":""MultiPoint"",""coordinates"":[]}"
20040419,2004-04-19,-0.0029884404397564914,279.5535317271912,0.0071143449184359175,"{""type"":""MultiPoint"",""coordinates"":[]}"
20040420,2004-04-20,-0.00493450542790547,280.14417965962224,0.0020799189320066663,"{""type"":""MultiPoint"",""coordinates"":[]}"
20040421,2004-04-21,-0.00672101020792795,282.9598019082808,2.7669302245819633E-4,"{""type"":""MultiPoint"",""coordinates"":[]}"
20040422,2004-04-22,-0.007329888891393611,284.79806323658056,3.988845879238042E-5,"{""type"":""MultiPoint"",""coordinates"":[]}"
20040423,2004-04-23,-0.006110601465555941,284.685302707139,0.004351091996860196,"{""type"":""MultiPoint"",""coordinates"":[]}"
20040424,2004-04-24,-0.004431084805821506,280.371016434554,0.00786177969861527,"{""type"":""MultiPoint"",""coordinates"":[]}"
20040425,2004-04-25,-0.004251721990640338,278.948418808825,0.003008921551809919,"{""type"":""MultiPoint"",""coordinates"":[]}"
20040426,2004-04-26,-0.006706206683214246,281.0316805787916,2.1389869945560635E-4,"{""type"":""MultiPoint"",""coordinates"":[]}"
20040427,2004-04-27,-0.006806598823918103,282.4165727046696,5.845450591111849E-4,"{""type"":""MultiPoint"",""coordinates"":[]}"
20040428,2004-04-28,-0.007655049898225387,284.2372709680096,3.8506997361877613E-4,"{""type"":""MultiPoint"",""coordinates"":[]}"
20040429,2004-04-29,-0.00853392237680513,285.53537597045624,1.1825733378323874E-4,"{""type"":""MultiPoint"",""coordinates"":[]}"
20040430,2004-04-30,-0.00876900954998477,285.97864045231734,6.706201864520951E-4,"{""type"":""MultiPoint"",""coordinates"":[]}"
20040501,2004-05-01,-0.004951124166298813,284.71672639553935,0.005584812721574912,"{""type"":""MultiPoint"",""coordinates"":[]}"
20040502,2004-05-02,-0.004556052541393957,283.8474322361476,0.00394544657679731,"{""type"":""MultiPoint"",""coordinates"":[]}"
20040503,2004-05-03,-0.006297625340690489,284.1726887732349,0.0012813810238788785,"{""type"":""MultiPoint"",""coordinates"":[]}"
20040504,2004-05-04,-0.006997239419800356,285.30727877725366,0.0014934782541604938,"{""type"":""MultiPoint"",""coordinates"":[]}"
20040505,2004-05-05,-0.006360658066476481,283.22144832247614,0.0061552803601650765,"{""type"":""MultiPoint"",""coordinates"":[]}"
20040506,2004-05-06,-0.0024622589968207927,280.07252215414394,0.01089982389271093,"{""type"":""MultiPoint"",""coordinates"":[]}"
20040507,2004-05-07,-0.004795662949619679,279.28680579817933,0.0062059896639523535,"{""type"":""MultiPoint"",""coordinates"":[]}"
20040508,2004-05-08,-0.006454643505880293,279.87419503024427,0.0022908582774376447,"{""type"":""MultiPoint"",""coordinates"":[]}"
20040509,2004-05-09,-0.004656431458574568,279.6563536139276,0.004922286498667803,"{""type"":""MultiPoint"",""coordinates"":[]}"
20040510,2004-05-10,-0.004714446126895605,280.72905917387993,0.0022315090570494897,"{""type"":""MultiPoint"",""coordinates"":[]}"
20040511,2004-05-11,-0.006184688958780208,283.0491548877736,0.0014314860744079143,"{""type"":""MultiPoint"",""coordinates"":[]}"
20040512,2004-05-12,-0.0066450509816750195,283.803369452922,0.003966309450081404,"{""type"":""MultiPoint"",""coordinates"":[]}"
20040513,2004-05-13,-0.0035376576416485863,281.7994302367382,0.00696453650141719,"{""type"":""MultiPoint"",""coordinates"":[]}"
20040514,2004-05-14,-0.006145951903822882,281.5032165145623,0.0012971097662430476,"{""type"":""MultiPoint"",""coordinates"":[]}"
20040515,2004-05-15,-0.006863485836414954,282.9784970827707,0.001690762700953313,"{""type"":""MultiPoint"",""coordinates"":[]}"
20040516,2004-05-16,-0.005302658083544415,282.1867691314833,0.0083878738321736,"{""type"":""MultiPoint"",""coordinates"":[]}"
20040517,2004-05-17,-0.0062681764869127465,283.3107062739756,5.571917694225327E-4,"{""type"":""MultiPoint"",""coordinates"":[]}"
20040518,2004-05-18,-0.008144767981024823,285.86032931070355,9.256332029210562E-5,"{""type"":""MultiPoint"",""coordinates"":[]}"
20040519,2004-05-19,-0.008447685869354201,286.8885901626484,6.255005565544323E-4,"{""type"":""MultiPoint"",""coordinates"":[]}"
20040520,2004-05-20,-0.009886479228673717,287.9983138956703,1.4190989252490504E-4,"{""type"":""MultiPoint"",""coordinates"":[]}"
20040521,2004-05-21,-0.004658287763796557,285.83196517372687,0.01244542597989302,"{""type"":""MultiPoint"",""coordinates"":[]}"
20040522,2004-05-22,-0.004501222889317261,280.5165590153985,0.008263166397821969,"{""type"":""MultiPoint"",""coordinates"":[]}"
20040523,2004-05-23,-0.007932338737581415,278.5595600535089,0.003028736241377298,"{""type"":""MultiPoint"",""coordinates"":[]}"
20040524,2004-05-24,-0.009077727245822415,280.03746564620246,4.032632148747151E-4,"{""type"":""MultiPoint"",""coordinates"":[]}"
20040525,2004-05-25,-0.008728621607871934,282.3579343506298,3.752103680565572E-4,"{""type"":""MultiPoint"",""coordinates"":[]}"
20040526,2004-05-26,-0.008926074488681242,284.56948152464497,5.394311171516869E-4,"{""type"":""MultiPoint"",""coordinates"":[]}"
20040527,2004-05-27,-0.005404865512086326,283.5426150244973,0.0042788764713805145,"{""type"":""MultiPoint"",""coordinates"":[]}"
20040528,2004-05-28,-0.004709055368457166,282.496889915048,0.007250916287359404,"{""type"":""MultiPoint"",""coordinates"":[]}"
20040529,2004-05-29,-0.008559083101822938,283.4593728482854,2.75498968835201E-4,"{""type"":""MultiPoint"",""coordinates"":[]}"
20040530,2004-05-30,-0.010735201597430606,285.5265460313406,1.0088802544366804E-5,"{""type"":""MultiPoint"",""coordinates"":[]}"
20040531,2004-05-31,-0.006248386060079447,285.5312882968891,0.005233435806312771,"{""type"":""MultiPoint"",""coordinates"":[]}"
20040601,2004-06-01,-0.0054495842845247375,285.00888222683386,0.006471505757862687,"{""type"":""MultiPoint"",""coordinates"":[]}"
20040602,2004-06-02,-0.0038129456305305977,284.3066591349619,0.012437818393700168,"{""type"":""MultiPoint"",""coordinates"":[]}"
20040603,2004-06-03,-0.001991656822759382,283.7572805248542,0.01888627720073352,"{""type"":""MultiPoint"",""coordinates"":[]}"
20040604,2004-06-04,-0.003766350811745791,285.1201344062966,0.0067695665237118875,"{""type"":""MultiPoint"",""coordinates"":[]}"
20040605,2004-06-05,-0.003426967064468613,283.9899736953595,0.010386562795043588,"{""type"":""MultiPoint"",""coordinates"":[]}"
20040606,2004-06-06,-0.005825877696794044,285.02782702822265,0.0014021080883797532,"{""type"":""MultiPoint"",""coordinates"":[]}"
20040607,2004-06-07,-0.0086793339686737,287.68547692029574,2.5037803237006187E-4,"{""type"":""MultiPoint"",""coordinates"":[]}"
20040608,2004-06-08,-0.01006026653689592,290.5425158348625,2.1640714305323463E-4,"{""type"":""MultiPoint"",""coordinates"":[]}"
20040609,2004-06-09,-0.010627382782721713,292.35956451285296,7.964046275904565E-4,"{""type"":""MultiPoint"",""coordinates"":[]}"
20040610,2004-06-10,-0.009127846731450815,292.57475303814283,0.003104480637627784,"{""type"":""MultiPoint"",""coordinates"":[]}"
20040611,2004-06-11,-0.005056060909801044,289.87799903244036,0.009656162353679118,"{""type"":""MultiPoint"",""coordinates"":[]}"
20040612,2004-06-12,-0.0060015154509229915,287.4680937935025,0.007090543978902806,"{""type"":""MultiPoint"",""coordinates"":[]}"
20040613,2004-06-13,-0.005489766212313132,284.8313197025722,0.0041993347343379905,"{""type"":""MultiPoint"",""coordinates"":[]}"
20040614,2004-06-14,-0.007356430152002083,286.54049501310044,4.901390076139174E-4,"{""type"":""MultiPoint"",""coordinates"":[]}"
20040615,2004-06-15,-0.008723026011295506,288.5823898394115,2.0012653177239653E-4,"{""type"":""MultiPoint"",""coordinates"":[]}"
20040616,2004-06-16,-0.006964165207406206,285.9329698199005,0.003410077494739096,"{""type"":""MultiPoint"",""coordinates"":[]}"
20040617,2004-06-17,-0.010378202704236015,287.37011599836416,1.079624559089524E-4,"{""type"":""MultiPoint"",""coordinates"":[]}"
20040618,2004-06-18,-0.008189365602872044,287.4670654433772,0.004043139341714104,"{""type"":""MultiPoint"",""coordinates"":[]}"
20040619,2004-06-19,-0.005515856864449956,286.6720899089297,0.009962505178179825,"{""type"":""MultiPoint"",""coordinates"":[]}"
20040620,2004-06-20,-0.0019766407804636807,283.5369901372314,0.01433559570550078,"{""type"":""MultiPoint"",""coordinates"":[]}"
20040621,2004-06-21,-0.007174204129028088,285.01612908465336,0.0013231562548612476,"{""type"":""MultiPoint"",""coordinates"":[]}"
20040622,2004-06-22,-0.006064302286446611,287.2261941082356,0.0036592606191088867,"{""type"":""MultiPoint"",""coordinates"":[]}"
20040623,2004-06-23,-0.008160712408114671,289.468610403508,0.0035997097906860964,"{""type"":""MultiPoint"",""coordinates"":[]}"
20040624,2004-06-24,-0.00980378822030864,288.84380282247974,0.0033407442818461333,"{""type"":""MultiPoint"",""coordinates"":[]}"
20040625,2004-06-25,-0.006269208514383517,286.23288121768127,0.005164497056632083,"{""type"":""MultiPoint"",""coordinates"":[]}"
20040626,2004-06-26,-0.009471335351287113,287.44360748998986,1.445663225811423E-4,"{""type"":""MultiPoint"",""coordinates"":[]}"
20040627,2004-06-27,-0.010029584753527292,290.8960557819787,0.0015335754485328022,"{""type"":""MultiPoint"",""coordinates"":[]}"
20040628,2004-06-28,-0.009010597835753947,290.19007931453496,0.004077354755603502,"{""type"":""MultiPoint"",""coordinates"":[]}"
20040629,2004-06-29,-0.008513208097357814,287.79247607131634,0.0019898420946246552,"{""type"":""MultiPoint"",""coordinates"":[]}"
20040630,2004-06-30,-0.010212638451350895,289.27069271583923,6.171310655551712E-5,"{""type"":""MultiPoint"",""coordinates"":[]}"
20040701,2004-07-01,-0.006979007039151267,289.3284950764072,0.005511833298046733,"{""type"":""MultiPoint"",""coordinates"":[]}"
20040702,2004-07-02,-0.005467731502737362,286.53855438646497,0.006250990769461417,"{""type"":""MultiPoint"",""coordinates"":[]}"
20040703,2004-07-03,-0.009765341910344979,286.9842172438522,0.001488057530923306,"{""type"":""MultiPoint"",""coordinates"":[]}"
20040704,2004-07-04,-0.008953718913676727,288.77282882729344,3.913965085216602E-4,"{""type"":""MultiPoint"",""coordinates"":[]}"
20040705,2004-07-05,-0.008228387110376812,290.6113511871842,0.0032298154030277414,"{""type"":""MultiPoint"",""coordinates"":[]}"
20040706,2004-07-06,-0.003695353805078924,288.0018828082899,0.008329316002780376,"{""type"":""MultiPoint"",""coordinates"":[]}"
20040707,2004-07-07,-0.008838682404474852,290.05317530652815,0.0010707551335514555,"{""type"":""MultiPoint"",""coordinates"":[]}"
20040708,2004-07-08,-0.009118839310631963,292.17464770154777,0.007341879590484548,"{""type"":""MultiPoint"",""coordinates"":[]}"
20040709,2004-07-09,-0.008401840184015472,287.9854460863058,0.00843028828575202,"{""type"":""MultiPoint"",""coordinates"":[]}"
20040710,2004-07-10,-0.005458386214733705,285.38726681508547,0.004859339357220297,"{""type"":""MultiPoint"",""coordinates"":[]}"
20040711,2004-07-11,-0.00595059442802161,284.37799598755794,0.004682762152895736,"{""type"":""MultiPoint"",""coordinates"":[]}"
20040712,2004-07-12,-0.006729260735489529,284.6718067877991,0.0043732083166279695,"{""type"":""MultiPoint"",""coordinates"":[]}"
20040713,2004-07-13,-0.0055294120750840016,284.72085858650036,0.0058731960548103574,"{""type"":""MultiPoint"",""coordinates"":[]}"
20040714,2004-07-14,-0.007268317424382919,285.7031352883998,0.0017353426068474748,"{""type"":""MultiPoint"",""coordinates"":[]}"
20040715,2004-07-15,-0.0036011484536905836,286.8812241173938,0.005223275121137362,"{""type"":""MultiPoint"",""coordinates"":[]}"
20040716,2004-07-16,-0.0069883589818755506,290.4849491884852,0.0020006775674246574,"{""type"":""MultiPoint"",""coordinates"":[]}"
20040717,2004-07-17,-0.009106814986119153,292.33701302712103,0.0010182844395402687,"{""type"":""MultiPoint"",""coordinates"":[]}"
20040718,2004-07-18,-0.009370209007846889,293.49218288929694,9.713676132476705E-4,"{""type"":""MultiPoint"",""coordinates"":[]}"
20040719,2004-07-19,-0.006790364859866461,292.4330160107937,0.0036908585551573654,"{""type"":""MultiPoint"",""coordinates"":[]}"
20040720,2004-07-20,-0.008547734148962738,293.2356166371563,0.002855062813148445,"{""type"":""MultiPoint"",""coordinates"":[]}"
20040721,2004-07-21,-0.00855220562054732,293.5306988278793,0.001309976002623598,"{""type"":""MultiPoint"",""coordinates"":[]}"
20040722,2004-07-22,-0.008058957392178713,293.64797621731054,0.00244025189619478,"{""type"":""MultiPoint"",""coordinates"":[]}"
20040723,2004-07-23,-0.008907236508178264,293.5338004045288,0.003000012269997585,"{""type"":""MultiPoint"",""coordinates"":[]}"
20040724,2004-07-24,-0.0034135896823438284,290.6541884738869,0.01727619395405663,"{""type"":""MultiPoint"",""coordinates"":[]}"
20040725,2004-07-25,-0.006959658814129092,290.44292414356465,0.001998644255557016,"{""type"":""MultiPoint"",""coordinates"":[]}"
20040726,2004-07-26,-0.006155172691725634,288.29788358850277,0.006085146944168414,"{""type"":""MultiPoint"",""coordinates"":[]}"
20040727,2004-07-27,-0.007123803572494502,286.5671501535133,0.002824713295594767,"{""type"":""MultiPoint"",""coordinates"":[]}"
20040728,2004-07-28,-0.009006321165800912,287.229601238276,4.821322136933046E-4,"{""type"":""MultiPoint"",""coordinates"":[]}"
20040729,2004-07-29,-0.00877673778925532,288.3325063624544,0.0012695655171689716,"{""type"":""MultiPoint"",""coordinates"":[]}"
20040730,2004-07-30,-0.009848562679545689,291.03080780753095,8.467811700657234E-5,"{""type"":""MultiPoint"",""coordinates"":[]}"
20040731,2004-07-31,-0.009833685310864928,292.50462799925987,4.492899507925557E-5,"{""type"":""MultiPoint"",""coordinates"":[]}"
20040801,2004-08-01,-0.008375447182692185,292.29815760711654,0.0032309725927852626,"{""type"":""MultiPoint"",""coordinates"":[]}"
20040802,2004-08-02,-0.008744841049067132,291.7858590043585,6.050238276490963E-4,"{""type"":""MultiPoint"",""coordinates"":[]}"
20040803,2004-08-03,-0.0087883512168992,291.8916185745686,4.3623450344831957E-4,"{""type"":""MultiPoint"",""coordinates"":[]}"
20040804,2004-08-04,-0.010709049778274212,292.6189765087984,1.2738714371993094E-4,"{""type"":""MultiPoint"",""coordinates"":[]}"
20040805,2004-08-05,-0.010308105812867197,293.01672281997924,8.878006223851702E-4,"{""type"":""MultiPoint"",""coordinates"":[]}"
20040806,2004-08-06,-0.007536925234490033,292.31973146637415,0.0019808970983199174,"{""type"":""MultiPoint"",""coordinates"":[]}"
20040807,2004-08-07,-0.008008614836774475,291.75645232227555,0.0022274962237055144,"{""type"":""MultiPoint"",""coordinates"":[]}"
20040808,2004-08-08,-0.009895646439805074,291.89176830457495,6.355471494792725E-4,"{""type"":""MultiPoint"",""coordinates"":[]}"
20040809,2004-08-09,-0.010582030806085963,292.0826021287234,8.02557522310885E-4,"{""type"":""MultiPoint"",""coordinates"":[]}"
20040810,2004-08-10,-0.011394002525178627,292.97126772192235,2.34698010655987E-4,"{""type"":""MultiPoint"",""coordinates"":[]}"
20040811,2004-08-11,-0.007451857520774089,293.2732450300284,0.0020790825960268016,"{""type"":""MultiPoint"",""coordinates"":[]}"
20040812,2004-08-12,-0.008543343432515851,294.0607106245289,0.01040712426587613,"{""type"":""MultiPoint"",""coordinates"":[]}"
20040813,2004-08-13,-0.010687469614695296,290.01149730235824,0.004637206890651477,"{""type"":""MultiPoint"",""coordinates"":[]}"
20040814,2004-08-14,-0.005800270645351156,287.22248176417673,0.009148990444961673,"{""type"":""MultiPoint"",""coordinates"":[]}"
20040815,2004-08-15,-0.00557492189383995,288.97460051194986,0.002813795020521605,"{""type"":""MultiPoint"",""coordinates"":[]}"
20040816,2004-08-16,-0.009461705293693607,291.1955061138879,1.6315394563157096E-4,"{""type"":""MultiPoint"",""coordinates"":[]}"
20040817,2004-08-17,-0.008860280784032101,292.41417785162207,0.001304509949373985,"{""type"":""MultiPoint"",""coordinates"":[]}"
20040818,2004-08-18,-0.00880140909273684,293.5923585729467,4.629983726843603E-4,"{""type"":""MultiPoint"",""coordinates"":[]}"
20040819,2004-08-19,-0.00829616649654787,293.7691077329146,0.0022931040050307746,"{""type"":""MultiPoint"",""coordinates"":[]}"
20040820,2004-08-20,-0.0040462761176020415,289.484470899521,0.008266494370298454,"{""type"":""MultiPoint"",""coordinates"":[]}"
20040821,2004-08-21,-0.004388132652219014,286.6654486572683,0.008118419928605847,"{""type"":""MultiPoint"",""coordinates"":[]}"
20040822,2004-08-22,-0.007418968433518438,286.6581764442314,0.0011452719791655264,"{""type"":""MultiPoint"",""coordinates"":[]}"
20040823,2004-08-23,-0.008534233797864594,289.0010881070025,2.012805628509459E-4,"{""type"":""MultiPoint"",""coordinates"":[]}"
20040824,2004-08-24,-0.005773585314001532,289.8422899035895,0.007401602740857359,"{""type"":""MultiPoint"",""coordinates"":[]}"
20040825,2004-08-25,-0.0056939993035179945,288.43210378576447,0.003698129173096647,"{""type"":""MultiPoint"",""coordinates"":[]}"
20040826,2004-08-26,-0.0036189123195868532,285.83408056125137,0.011234593512400484,"{""type"":""MultiPoint"",""coordinates"":[]}"
20040827,2004-08-27,-0.0072757007218480834,286.929566298988,0.0018271691854099645,"{""type"":""MultiPoint"",""coordinates"":[]}"
20040828,2004-08-28,-0.008031556743996943,289.380778057157,2.6194884162897183E-4,"{""type"":""MultiPoint"",""coordinates"":[]}"
20040829,2004-08-29,-0.005525822022362632,289.5319811042246,0.00374949266903242,"{""type"":""MultiPoint"",""coordinates"":[]}"
20040830,2004-08-30,-0.006811505128296691,289.2692260906212,0.0051465196140494315,"{""type"":""MultiPoint"",""coordinates"":[]}"
20040831,2004-08-31,-0.003943029332468712,285.74798358202895,0.005185283737908543,"{""type"":""MultiPoint"",""coordinates"":[]}"
20040901,2004-09-01,-0.006464962314933788,286.62368000788484,8.366745435913863E-5,"{""type"":""MultiPoint"",""coordinates"":[]}"
20040902,2004-09-02,-0.007848963931331812,288.3485815064412,6.025091628362346E-6,"{""type"":""MultiPoint"",""coordinates"":[]}"
20040903,2004-09-03,-0.00697128522188583,289.7822181206484,2.4065650401445206E-4,"{""type"":""MultiPoint"",""coordinates"":[]}"
20040904,2004-09-04,-0.006474571178142272,290.34003119055626,0.002371684759343721,"{""type"":""MultiPoint"",""coordinates"":[]}"
20040905,2004-09-05,-0.008351438999258906,289.5849548749916,8.486377682747037E-5,"{""type"":""MultiPoint"",""coordinates"":[]}"
20040906,2004-09-06,-0.008672930346747742,289.91901685237224,2.956132106129669E-5,"{""type"":""MultiPoint"",""coordinates"":[]}"
20040907,2004-09-07,-0.00812519376465616,289.83180288472454,1.894639301593745E-5,"{""type"":""MultiPoint"",""coordinates"":[]}"
20040908,2004-09-08,-0.008858754794219615,288.57975857255803,5.036900611958404E-5,"{""type"":""MultiPoint"",""coordinates"":[]}"
20040909,2004-09-09,-0.0096746913477969,286.12035148339396,7.939787155768768E-7,"{""type"":""MultiPoint"",""coordinates"":[]}"
20040910,2004-09-10,-0.009246459326926937,286.77677969222316,7.555438883563802E-6,"{""type"":""MultiPoint"",""coordinates"":[]}"
20040911,2004-09-11,-0.007190592494077851,288.934246368945,7.534779976838037E-4,"{""type"":""MultiPoint"",""coordinates"":[]}"
20040912,2004-09-12,-0.0032802437163488,286.99160383779093,0.008343654950092072,"{""type"":""MultiPoint"",""coordinates"":[]}"
20040913,2004-09-13,-0.006110410369392069,287.0964846828937,3.241835748862747E-5,"{""type"":""MultiPoint"",""coordinates"":[]}"
20040914,2004-09-14,-0.006994879638140815,289.339095200994,0.0041163500985329764,"{""type"":""MultiPoint"",""coordinates"":[]}"
20040915,2004-09-15,-0.00269174648410077,286.3831838608773,0.011679417602506298,"{""type"":""MultiPoint"",""coordinates"":[]}"
20040916,2004-09-16,-0.004647616883646337,284.4782962479348,0.001161556969269743,"{""type"":""MultiPoint"",""coordinates"":[]}"
20040917,2004-09-17,-0.007198668948423574,284.53146691482954,2.8357735752894447E-6,"{""type"":""MultiPoint"",""coordinates"":[]}"
20040918,2004-09-18,-0.006666342169857494,285.616034457618,1.922159255540656E-6,"{""type"":""MultiPoint"",""coordinates"":[]}"
20040919,2004-09-19,-0.006281683476007294,286.70589026933436,9.306869684353736E-4,"{""type"":""MultiPoint"",""coordinates"":[]}"
20040920,2004-09-20,-0.00485437552967999,287.64484092803855,4.07683192285776E-4,"{""type"":""MultiPoint"",""coordinates"":[]}"
20040921,2004-09-21,-0.007572173399707904,285.85817825594745,0.001090673383389771,"{""type"":""MultiPoint"",""coordinates"":[]}"
20040922,2004-09-22,-0.00830059367958422,282.72661311630173,0.005115428485196755,"{""type"":""MultiPoint"",""coordinates"":[]}"
20040923,2004-09-23,-0.0028709659063861463,283.528246388654,0.025764081550806797,"{""type"":""MultiPoint"",""coordinates"":[]}"
20040924,2004-09-24,-0.0034955418006567293,280.84099892194257,0.007535366800721998,"{""type"":""MultiPoint"",""coordinates"":[]}"
20040925,2004-09-25,-0.0023332211506762136,280.3785754345216,0.006128806217756223,"{""type"":""MultiPoint"",""coordinates"":[]}"
20040926,2004-09-26,-0.0030940828512202984,280.66213486732454,0.002870673210987032,"{""type"":""MultiPoint"",""coordinates"":[]}"
20040927,2004-09-27,-0.003795395454670345,282.2860811296412,8.34319175392102E-4,"{""type"":""MultiPoint"",""coordinates"":[]}"
20040928,2004-09-28,-0.003046399403238739,284.2876787656415,0.0010699564223488139,"{""type"":""MultiPoint"",""coordinates"":[]}"
20040929,2004-09-29,-0.004128218281199287,284.74685650867025,0.004700325401517993,"{""type"":""MultiPoint"",""coordinates"":[]}"
20040930,2004-09-30,-0.003200358181134132,283.7192008114121,0.0019563447684131075,"{""type"":""MultiPoint"",""coordinates"":[]}"
20041001,2004-10-01,-0.0025805981531394225,283.35355635203376,0.004119674415584074,"{""type"":""MultiPoint"",""coordinates"":[]}"
20041002,2004-10-02,-0.003960489847782895,284.4662885658482,8.434561418448526E-4,"{""type"":""MultiPoint"",""coordinates"":[]}"
20041003,2004-10-03,-0.003557575699971839,284.7120305316097,4.334637980671817E-4,"{""type"":""MultiPoint"",""coordinates"":[]}"
20041004,2004-10-04,-0.004903409625681752,285.78461293875125,6.84870242051926E-6,"{""type"":""MultiPoint"",""coordinates"":[]}"
20041005,2004-10-05,-0.0052896517957434054,287.80096552698103,4.154285674442533E-6,"{""type"":""MultiPoint"",""coordinates"":[]}"
20041006,2004-10-06,-0.0049065729145073705,287.5562765718029,0.0019594099900885832,"{""type"":""MultiPoint"",""coordinates"":[]}"
20041007,2004-10-07,-0.0025408210188602883,285.87944448448735,0.0018234013376058839,"{""type"":""MultiPoint"",""coordinates"":[]}"
20041008,2004-10-08,-0.0034410873802104822,286.0360485939541,0.0031155198299223984,"{""type"":""MultiPoint"",""coordinates"":[]}"
20041009,2004-10-09,-0.0020730016456120886,282.7584154086434,0.009482464527451924,"{""type"":""MultiPoint"",""coordinates"":[]}"
20041010,2004-10-10,-0.0026178471466759058,280.6422612725297,0.004940194511186138,"{""type"":""MultiPoint"",""coordinates"":[]}"
20041011,2004-10-11,-0.00477594001357124,278.5397958099159,0.001254913171601609,"{""type"":""MultiPoint"",""coordinates"":[]}"
20041012,2004-10-12,-0.00526464771239846,278.15652761037177,2.6424889717628836E-4,"{""type"":""MultiPoint"",""coordinates"":[]}"
20041013,2004-10-13,-0.004810825894576745,279.35274540764,3.866733931110794E-5,"{""type"":""MultiPoint"",""coordinates"":[]}"
20041014,2004-10-14,-0.004149433450763536,279.5939271473925,3.6625528664064683E-4,"{""type"":""MultiPoint"",""coordinates"":[]}"
20041015,2004-10-15,-0.0029950675855244654,279.82902437563087,0.004113154134098679,"{""type"":""MultiPoint"",""coordinates"":[]}"
20041016,2004-10-16,-0.001505626428001038,277.82890362044793,0.008297980120979093,"{""type"":""MultiPoint"",""coordinates"":[]}"
20041017,2004-10-17,-0.0033203300739357384,277.13368441608696,0.0017328262582123842,"{""type"":""MultiPoint"",""coordinates"":[]}"
20041018,2004-10-18,-0.003847388752370583,278.96260995613477,0.002705513028741107,"{""type"":""MultiPoint"",""coordinates"":[]}"
20041019,2004-10-19,-0.0021638334576339377,279.5043120079544,4.733487062847121E-4,"{""type"":""MultiPoint"",""coordinates"":[]}"
20041020,2004-10-20,-0.0026444007559562155,282.2022094515294,4.3934008227702E-4,"{""type"":""MultiPoint"",""coordinates"":[]}"
20041021,2004-10-21,-0.002129058107578591,284.5920646013768,0.0029958368232472802,"{""type"":""MultiPoint"",""coordinates"":[]}"
20041022,2004-10-22,-0.001684212308889067,283.76302243467535,0.0012566907401020415,"{""type"":""MultiPoint"",""coordinates"":[]}"
20041023,2004-10-23,-0.0031891914616175793,284.51233900043064,6.517369499180577E-5,"{""type"":""MultiPoint"",""coordinates"":[]}"
20041024,2004-10-24,-0.002956910810213766,284.4244260696146,2.707597227266224E-5,"{""type"":""MultiPoint"",""coordinates"":[]}"
20041025,2004-10-25,-0.0025065722202410362,283.9936240208951,7.773453469381822E-4,"{""type"":""MultiPoint"",""coordinates"":[]}"
20041026,2004-10-26,-0.0016221616751845398,282.74620958267764,0.003478390459160148,"{""type"":""MultiPoint"",""coordinates"":[]}"
20041027,2004-10-27,-0.0015772522125094821,282.8613802318536,0.0020037391634509373,"{""type"":""MultiPoint"",""coordinates"":[]}"
20041028,2004-10-28,-0.0022447740312084128,283.67346333255176,2.4375629342079122E-4,"{""type"":""MultiPoint"",""coordinates"":[]}"
20041029,2004-10-29,-0.002571457764763362,283.7956973245588,0.0014456794866105971,"{""type"":""MultiPoint"",""coordinates"":[]}"
20041030,2004-10-30,-0.002372027475035699,283.23154863345974,8.735989386543504E-4,"{""type"":""MultiPoint"",""coordinates"":[]}"
20041031,2004-10-31,-6.698666966611243E-4,280.6811213341804,0.010966950882830838,"{""type"":""MultiPoint"",""coordinates"":[]}"
20041101,2004-11-01,-0.0014645620941179417,282.48482832443705,5.559540515022152E-4,"{""type"":""MultiPoint"",""coordinates"":[]}"
20041102,2004-11-02,-0.0013922234912300002,283.72995447554837,5.74409451229451E-4,"{""type"":""MultiPoint"",""coordinates"":[]}"
20041103,2004-11-03,-0.0016774914364718974,284.1368238003066,2.0797295827564008E-4,"{""type"":""MultiPoint"",""coordinates"":[]}"
20041104,2004-11-04,-0.002150679551654839,283.6468075109279,1.8010141924910841E-4,"{""type"":""MultiPoint"",""coordinates"":[]}"
20041105,2004-11-05,-9.368919379713781E-4,281.37283732392257,0.004230329855527059,"{""type"":""MultiPoint"",""coordinates"":[]}"
20041106,2004-11-06,-0.0028465438844753168,277.57168823209116,0.0025370805442476237,"{""type"":""MultiPoint"",""coordinates"":[]}"
20041107,2004-11-07,-0.00124816769145531,274.93703378599105,0.0056367435685742324,"{""type"":""MultiPoint"",""coordinates"":[]}"
20041108,2004-11-08,-0.001557844278525504,273.1090122072454,0.0033878429614140823,"{""type"":""MultiPoint"",""coordinates"":[]}"
20041109,2004-11-09,-0.0010911356899993435,272.1077867329536,0.012316897509011274,"{""type"":""MultiPoint"",""coordinates"":[]}"
20041110,2004-11-10,-0.0012142957480318576,272.4420056520189,0.0019261864605340825,"{""type"":""MultiPoint"",""coordinates"":[]}"
20041111,2004-11-11,-0.0010976444900002561,275.0196288784851,5.124248837841892E-4,"{""type"":""MultiPoint"",""coordinates"":[]}"
20041112,2004-11-12,-9.199659687015475E-4,276.61688726302793,5.8648288011981436E-5,"{""type"":""MultiPoint"",""coordinates"":[]}"
20041113,2004-11-13,-0.0010269850401511047,273.90868908150844,0.004559942084768567,"{""type"":""MultiPoint"",""coordinates"":[]}"
20041114,2004-11-14,-0.0022638943880269507,271.67978991049324,0.0013427079483100967,"{""type"":""MultiPoint"",""coordinates"":[]}"
20041115,2004-11-15,-0.0017045677721747505,270.838459203859,7.312673130745656E-5,"{""type"":""MultiPoint"",""coordinates"":[]}"
20041116,2004-11-16,-0.0016705785421370406,272.41131060939216,9.016887558718935E-4,"{""type"":""MultiPoint"",""coordinates"":[]}"
20041117,2004-11-17,-0.0021699789300607957,276.16280186950496,0.001529385428718185,"{""type"":""MultiPoint"",""coordinates"":[]}"
20041118,2004-11-18,-0.003470136805376957,277.6973795679446,0.0016991547973440268,"{""type"":""MultiPoint"",""coordinates"":[]}"
20041119,2004-11-19,-0.0031428262404261274,273.73116549886106,0.009005234975733047,"{""type"":""MultiPoint"",""coordinates"":[]}"
20041120,2004-11-20,-0.002908695763526738,270.4146738295355,0.0030400215561849396,"{""type"":""MultiPoint"",""coordinates"":[]}"
20041121,2004-11-21,-0.002289552926108412,270.1707877998089,0.0014112823393978352,"{""type"":""MultiPoint"",""coordinates"":[]}"
20041122,2004-11-22,-0.0012994806203344485,274.56420572448314,0.005897582267085411,"{""type"":""MultiPoint"",""coordinates"":[]}"
20041123,2004-11-23,-0.0016325741125636484,277.0112652975868,0.00854071756724566,"{""type"":""MultiPoint"",""coordinates"":[]}"
20041124,2004-11-24,-0.0019109331000627863,271.9931684930901,3.078341347069983E-4,"{""type"":""MultiPoint"",""coordinates"":[]}"
20041125,2004-11-25,-0.001301871353035872,271.1464095224101,4.8964209866696015E-6,"{""type"":""MultiPoint"",""coordinates"":[]}"
20041126,2004-11-26,-0.0010718724085273148,273.56980878587433,1.326033364220028E-4,"{""type"":""MultiPoint"",""coordinates"":[]}"
20041127,2004-11-27,-6.576951988488682E-4,275.47142257102945,0.0020872942067063716,"{""type"":""MultiPoint"",""coordinates"":[]}"
20041128,2004-11-28,-5.27871608275806E-4,274.5316650294593,2.52076451392441E-4,"{""type"":""MultiPoint"",""coordinates"":[]}"
20041129,2004-11-29,-6.900495277295507E-4,274.9767858160111,7.067747502972656E-4,"{""type"":""MultiPoint"",""coordinates"":[]}"
20041130,2004-11-30,-0.0011923713949862696,274.49392623001876,9.439535561323453E-4,"{""type"":""MultiPoint"",""coordinates"":[]}"
20041201,2004-12-01,-8.434395898559191E-4,274.26045220663116,7.046691858089284E-4,"{""type"":""MultiPoint"",""coordinates"":[]}"
20041202,2004-12-02,-5.958216543545066E-4,273.78015855346496,5.857143876334308E-4,"{""type"":""MultiPoint"",""coordinates"":[]}"
20041203,2004-12-03,-6.594533062167593E-4,274.55847599057876,6.360213102004359E-4,"{""type"":""MultiPoint"",""coordinates"":[]}"
20041204,2004-12-04,-7.649453538112899E-4,274.54755154302035,4.966014194710585E-5,"{""type"":""MultiPoint"",""coordinates"":[]}"
20041205,2004-12-05,-5.9756203468228E-4,273.17654267440196,1.3948298999459655E-4,"{""type"":""MultiPoint"",""coordinates"":[]}"
20041206,2004-12-06,-9.428882080129417E-4,273.48052977911726,1.2221737143097494E-4,"{""type"":""MultiPoint"",""coordinates"":[]}"
20041207,2004-12-07,-7.748589701514869E-4,272.96347167893293,9.706399403111722E-6,"{""type"":""MultiPoint"",""coordinates"":[]}"
20041208,2004-12-08,-7.93416639935708E-4,272.4419354702072,2.6779106817244817E-5,"{""type"":""MultiPoint"",""coordinates"":[]}"
20041209,2004-12-09,-9.6820230490308E-4,272.02066875207385,5.220427022346928E-6,"{""type"":""MultiPoint"",""coordinates"":[]}"
20041210,2004-12-10,-9.034204939160826E-4,271.276194908213,1.3075748002036357E-5,"{""type"":""MultiPoint"",""coordinates"":[]}"
20041211,2004-12-11,-8.165070422333433E-4,271.0113318836103,5.558208988575937E-6,"{""type"":""MultiPoint"",""coordinates"":[]}"
20041212,2004-12-12,-8.389614742695247E-4,270.5632348821463,1.6683576475116865E-5,"{""type"":""MultiPoint"",""coordinates"":[]}"
20041213,2004-12-13,-8.960095993450619E-4,270.60796172598765,1.3246966913943987E-5,"{""type"":""MultiPoint"",""coordinates"":[]}"
20041214,2004-12-14,-8.812300446030208E-4,270.46449950556337,1.932074393312128E-5,"{""type"":""MultiPoint"",""coordinates"":[]}"
20041215,2004-12-15,-9.376982363477169E-4,269.9878032686472,1.9608792185375928E-5,"{""type"":""MultiPoint"",""coordinates"":[]}"
20041216,2004-12-16,-0.0010469982670791805,269.858389600607,1.15313132047968E-4,"{""type"":""MultiPoint"",""coordinates"":[]}"
20041217,2004-12-17,-7.465639038887855E-4,272.26845137819043,0.0024711210854406105,"{""type"":""MultiPoint"",""coordinates"":[]}"
20041218,2004-12-18,-0.0018765846097025859,271.78967159593844,0.005645913038142788,"{""type"":""MultiPoint"",""coordinates"":[]}"
20041219,2004-12-19,-9.031851151734823E-4,270.59539682770446,0.007052392969607223,"{""type"":""MultiPoint"",""coordinates"":[]}"
20041220,2004-12-20,-8.099828865384958E-4,266.7500747217956,1.7134589394729295E-4,"{""type"":""MultiPoint"",""coordinates"":[]}"
20041221,2004-12-21,-4.8142867774071283E-4,264.91657554167284,1.375302901215574E-5,"{""type"":""MultiPoint"",""coordinates"":[]}"
20041222,2004-12-22,-8.622071122091643E-4,265.69364531133976,1.1556508228581475E-4,"{""type"":""MultiPoint"",""coordinates"":[]}"
20041223,2004-12-23,-0.0014671151186829235,273.2987537632959,0.002521030005733841,"{""type"":""MultiPoint"",""coordinates"":[]}"
20041224,2004-12-24,-0.0016429394220692165,275.9935058961554,9.479366878884492E-4,"{""type"":""MultiPoint"",""coordinates"":[]}"
20041225,2004-12-25,-8.64047322497944E-4,273.69877427361945,6.560631945579772E-4,"{""type"":""MultiPoint"",""coordinates"":[]}"
20041226,2004-12-26,-3.327751842719602E-4,273.98695525753,0.005266754109096966,"{""type"":""MultiPoint"",""coordinates"":[]}"
20041227,2004-12-27,-4.6841687652154256E-4,272.3500836125997,0.004818877644844209,"{""type"":""MultiPoint"",""coordinates"":[]}"
20041228,2004-12-28,-6.441474842546768E-4,271.45086580395076,0.0015899744250292454,"{""type"":""MultiPoint"",""coordinates"":[]}"
20041229,2004-12-29,-0.0010105721830420953,271.24278742454504,0.00250777500611469,"{""type"":""MultiPoint"",""coordinates"":[]}"
20041230,2004-12-30,-7.604538257346974E-4,269.6128594557031,2.4844911785733997E-4,"{""type"":""MultiPoint"",""coordinates"":[]}"
20041231,2004-12-31,-8.46467872791116E-4,271.4819015640915,6.731708670730623E-4,"{""type"":""MultiPoint"",""coordinates"":[]}"
20050101,2005-01-01,-3.9116288815858305E-4,274.3791950556288,0.0026193722669437106,"{""type"":""MultiPoint"",""coordinates"":[]}"
20050102,2005-01-02,-0.0013176915958589687,274.7131895597729,0.004802654667274093,"{""type"":""MultiPoint"",""coordinates"":[]}"
20050103,2005-01-03,-0.002452799337349422,272.65555552812145,0.0032080289055025665,"{""type"":""MultiPoint"",""coordinates"":[]}"
20050104,2005-01-04,-0.0024527888499111,274.1674135068899,0.0025132815558718898,"{""type"":""MultiPoint"",""coordinates"":[]}"
20050105,2005-01-05,-0.0017917318239380011,273.8703187459572,0.0010042082289407409,"{""type"":""MultiPoint"",""coordinates"":[]}"
20050106,2005-01-06,-0.0011187071685250652,275.816330728213,0.007172055584503187,"{""type"":""MultiPoint"",""coordinates"":[]}"
20050107,2005-01-07,-0.0013017329210966906,275.25436654689736,3.4778874123324245E-5,"{""type"":""MultiPoint"",""coordinates"":[]}"
20050108,2005-01-08,-0.0021697249238857366,275.91832011466585,5.2666049680050736E-5,"{""type"":""MultiPoint"",""coordinates"":[]}"
20050109,2005-01-09,-0.0012645508383328135,276.7726623646324,7.26865244615173E-4,"{""type"":""MultiPoint"",""coordinates"":[]}"
20050110,2005-01-10,-6.536708329926113E-4,274.7711279547285,1.6691263635095874E-6,"{""type"":""MultiPoint"",""coordinates"":[]}"
20050111,2005-01-11,-8.239375910896262E-4,274.01991926069,1.8968905746279484E-5,"{""type"":""MultiPoint"",""coordinates"":[]}"
20050112,2005-01-12,-8.195465920895404E-4,274.0931298048175,0.0015778960409581532,"{""type"":""MultiPoint"",""coordinates"":[]}"
20050113,2005-01-13,-0.0010695169687650289,274.2404015490891,0.0028475240926845724,"{""type"":""MultiPoint"",""coordinates"":[]}"
20050114,2005-01-14,-0.0012624828767424606,271.6001909927182,0.0012658401635930244,"{""type"":""MultiPoint"",""coordinates"":[]}"
20050115,2005-01-15,-0.0010978685516372317,270.5782067963878,2.1772197308227975E-4,"{""type"":""MultiPoint"",""coordinates"":[]}"
20050116,2005-01-16,-8.786957291775253E-4,269.9854075301156,3.4635612543937784E-6,"{""type"":""MultiPoint"",""coordinates"":[]}"
20050117,2005-01-17,-0.0010200542183845523,270.1319225561697,2.095213375680665E-6,"{""type"":""MultiPoint"",""coordinates"":[]}"
20050118,2005-01-18,-0.0013045799862719395,270.0092428403372,0.0036039460135370302,"{""type"":""MultiPoint"",""coordinates"":[]}"
20050119,2005-01-19,-0.0016163296122767524,270.9845350057306,0.0018230319375465464,"{""type"":""MultiPoint"",""coordinates"":[]}"
20050120,2005-01-20,-0.0016504623015568384,273.5268716197888,0.011131209590715167,"{""type"":""MultiPoint"",""coordinates"":[]}"
20050121,2005-01-21,-0.0024719099835565387,274.1929343665952,0.0175977458599609,"{""type"":""MultiPoint"",""coordinates"":[]}"
20050122,2005-01-22,-0.002231041344864828,271.28694556518144,0.004052428485324687,"{""type"":""MultiPoint"",""coordinates"":[]}"
20050123,2005-01-23,-0.0012655307286670023,269.52173484116685,0.001392123131490787,"{""type"":""MultiPoint"",""coordinates"":[]}"
20050124,2005-01-24,-0.0010178425189463981,267.70866455731925,0.005082695435934374,"{""type"":""MultiPoint"",""coordinates"":[]}"
20050125,2005-01-25,-0.0010284803211477486,265.6326496654754,0.0023620520385340864,"{""type"":""MultiPoint"",""coordinates"":[]}"
20050126,2005-01-26,-0.0011910566106222249,264.68876125387663,0.004811772290363871,"{""type"":""MultiPoint"",""coordinates"":[]}"
20050127,2005-01-27,-9.061635599782452E-4,262.9611290250705,0.001989129773398885,"{""type"":""MultiPoint"",""coordinates"":[]}"
20050128,2005-01-28,-6.799000769775309E-4,262.2653581936417,6.030651073537475E-4,"{""type"":""MultiPoint"",""coordinates"":[]}"
20050129,2005-01-29,-7.994049305141241E-4,261.6467640417515,2.3332965571735926E-4,"{""type"":""MultiPoint"",""coordinates"":[]}"
20050130,2005-01-30,-9.291797212341859E-4,262.0061274767476,1.5219130050495808E-4,"{""type"":""MultiPoint"",""coordinates"":[]}"
20050131,2005-01-31,-0.0014777136997151487,268.8804538888343,0.007173844589207131,"{""type"":""MultiPoint"",""coordinates"":[]}"
20050201,2005-02-01,-0.0011778484760936677,270.5691281537848,0.0075846133226006715,"{""type"":""MultiPoint"",""coordinates"":[]}"
20050202,2005-02-02,-7.721872868085403E-4,270.0615606246995,0.009564671445724897,"{""type"":""MultiPoint"",""coordinates"":[]}"
20050203,2005-02-03,-6.068880610609794E-4,271.4895442070976,0.00757110935492388,"{""type"":""MultiPoint"",""coordinates"":[]}"
20050204,2005-02-04,-0.0011061530606503863,268.8838419107488,3.5192285942345E-4,"{""type"":""MultiPoint"",""coordinates"":[]}"
20050205,2005-02-05,-0.0014282903926559998,265.2865483855634,4.26527734916052E-6,"{""type"":""MultiPoint"",""coordinates"":[]}"
20050206,2005-02-06,-0.0011664777196704838,264.95761975552506,3.1203717238607174E-6,"{""type"":""MultiPoint"",""coordinates"":[]}"
20050207,2005-02-07,-0.0013712213568252989,264.64219375164714,2.65966061694058E-6,"{""type"":""MultiPoint"",""coordinates"":[]}"
20050208,2005-02-08,-0.0014210461320970091,265.72087790675164,2.2077129605046112E-5,"{""type"":""MultiPoint"",""coordinates"":[]}"
20050209,2005-02-09,-0.0012968769723543153,267.58074094838616,9.289430768700194E-6,"{""type"":""MultiPoint"",""coordinates"":[]}"
20050210,2005-02-10,-0.0018290882001438956,270.1507473738218,0.0014709408241776396,"{""type"":""MultiPoint"",""coordinates"":[]}"
20050211,2005-02-11,-0.0010159943263113964,274.5057225266393,0.009012332392093116,"{""type"":""MultiPoint"",""coordinates"":[]}"
20050212,2005-02-12,-0.001457709430294143,276.460853080356,0.0127457545043144,"{""type"":""MultiPoint"",""coordinates"":[]}"
20050213,2005-02-13,-0.002886920149624665,273.02247418046204,0.008200146798472203,"{""type"":""MultiPoint"",""coordinates"":[]}"
20050214,2005-02-14,-0.001802864173051193,269.91960952292976,0.003979747455269889,"{""type"":""MultiPoint"",""coordinates"":[]}"
20050215,2005-02-15,-0.0014449990555581728,268.3200012541323,0.004251315199312808,"{""type"":""MultiPoint"",""coordinates"":[]}"
20050216,2005-02-16,-9.354001526240137E-4,268.38353531978544,0.009597821508329819,"{""type"":""MultiPoint"",""coordinates"":[]}"
20050217,2005-02-17,-0.001158473445088277,268.1086239718447,0.0015680112534449172,"{""type"":""MultiPoint"",""coordinates"":[]}"
20050218,2005-02-18,-0.001372224180277306,267.5839147822452,7.84125434702955E-4,"{""type"":""MultiPoint"",""coordinates"":[]}"
20050219,2005-02-19,-0.001503983490628569,267.55507108532277,0.001050893511249762,"{""type"":""MultiPoint"",""coordinates"":[]}"
20050220,2005-02-20,-0.0013375246574806406,268.8247948367288,0.001617846505345808,"{""type"":""MultiPoint"",""coordinates"":[]}"
20050221,2005-02-21,-8.365449070013265E-4,268.02843043592407,0.0029249829971170005,"{""type"":""MultiPoint"",""coordinates"":[]}"
20050222,2005-02-22,-0.0013214806014314742,269.1091359024319,0.005777699067912076,"{""type"":""MultiPoint"",""coordinates"":[]}"
20050223,2005-02-23,-0.0014940104635512515,268.256831309581,0.0014711421015333869,"{""type"":""MultiPoint"",""coordinates"":[]}"
20050224,2005-02-24,-0.0016330733405825262,267.539933494396,0.0013479722708006207,"{""type"":""MultiPoint"",""coordinates"":[]}"
20050225,2005-02-25,-0.0012977619267991844,267.42379578343485,3.461643141690054E-4,"{""type"":""MultiPoint"",""coordinates"":[]}"
20050226,2005-02-26,-0.0015545748269894218,267.62316466796665,5.640106730926318E-4,"{""type"":""MultiPoint"",""coordinates"":[]}"
20050227,2005-02-27,-0.001530766823316703,264.4096037482476,0.002964391211982671,"{""type"":""MultiPoint"",""coordinates"":[]}"
20050228,2005-02-28,-0.0014849429427372521,261.02100461574673,5.349203337489968E-4,"{""type"":""MultiPoint"",""coordinates"":[]}"
20050301,2005-03-01,-0.0018565272485724046,261.1855908813658,4.78747773656535E-6,"{""type"":""MultiPoint"",""coordinates"":[]}"
20050302,2005-03-02,-0.0021789228869354763,263.1395978462214,3.15284557847416E-7,"{""type"":""MultiPoint"",""coordinates"":[]}"
20050303,2005-03-03,-0.0022353571604648136,265.90293581346106,1.666824408437281E-4,"{""type"":""MultiPoint"",""coordinates"":[]}"
20050304,2005-03-04,-0.001933233135802305,267.1968038671798,0.0013317774928437492,"{""type"":""MultiPoint"",""coordinates"":[]}"
20050305,2005-03-05,-0.0019472500556036343,266.4548570770011,0.0010812514671317333,"{""type"":""MultiPoint"",""coordinates"":[]}"
20050306,2005-03-06,-0.0018872168691645625,266.1131620856621,0.0022031616162661075,"{""type"":""MultiPoint"",""coordinates"":[]}"
20050307,2005-03-07,-0.0023737387638204694,265.90089065440463,0.001217778808602741,"{""type"":""MultiPoint"",""coordinates"":[]}"
20050308,2005-03-08,-0.0019792043278653863,270.4179888229338,0.004108134822470273,"{""type"":""MultiPoint"",""coordinates"":[]}"
20050309,2005-03-09,-0.0016574458137828645,271.54242648642185,0.007081076833910844,"{""type"":""MultiPoint"",""coordinates"":[]}"
20050310,2005-03-10,-0.002184087861871934,268.12059346790426,0.0023929032731246956,"{""type"":""MultiPoint"",""coordinates"":[]}"
20050311,2005-03-11,-0.004410484140706034,269.6894937393945,4.2575641643382943E-4,"{""type"":""MultiPoint"",""coordinates"":[]}"
20050312,2005-03-12,-0.003754097285840975,272.66150349257464,0.006698352492256966,"{""type"":""MultiPoint"",""coordinates"":[]}"
20050313,2005-03-13,-0.0037411719969110517,271.3369461648503,0.0011080936580438376,"{""type"":""MultiPoint"",""coordinates"":[]}"
20050314,2005-03-14,-0.003121786722949452,272.03895300417935,2.965494821703477E-5,"{""type"":""MultiPoint"",""coordinates"":[]}"
20050315,2005-03-15,-0.0032912089443420762,275.3405022727948,1.4674645928280044E-4,"{""type"":""MultiPoint"",""coordinates"":[]}"
20050316,2005-03-16,-0.004421108883073337,277.55681166074913,2.1457671550706436E-6,"{""type"":""MultiPoint"",""coordinates"":[]}"
20050317,2005-03-17,-0.006542165633931864,280.529741656142,1.4771274167691523E-4,"{""type"":""MultiPoint"",""coordinates"":[]}"
20050318,2005-03-18,-0.0053687810247233445,282.1872639797927,8.16590169088639E-4,"{""type"":""MultiPoint"",""coordinates"":[]}"
20050319,2005-03-19,-0.001474702798951802,278.0724284702246,0.009490646242573128,"{""type"":""MultiPoint"",""coordinates"":[]}"
20050320,2005-03-20,-0.0029126965899822586,274.4263920578857,3.6857572212404594E-4,"{""type"":""MultiPoint"",""coordinates"":[]}"
20050321,2005-03-21,-0.0045510633637873945,275.1311900835844,5.487644231322841E-6,"{""type"":""MultiPoint"",""coordinates"":[]}"
20050322,2005-03-22,-0.004991061852727754,276.94130657793295,1.8853687610176305E-4,"{""type"":""MultiPoint"",""coordinates"":[]}"
20050323,2005-03-23,-0.0021900083568133317,279.31334641266403,0.0010566741126227066,"{""type"":""MultiPoint"",""coordinates"":[]}"
20050324,2005-03-24,-0.004221820617977689,280.3801835066734,3.261531659012841E-4,"{""type"":""MultiPoint"",""coordinates"":[]}"
20050325,2005-03-25,-0.0016650812677338174,279.503280653621,0.005926379819448944,"{""type"":""MultiPoint"",""coordinates"":[]}"
20050326,2005-03-26,-0.003729956755859806,280.0032965254216,0.0011050839321084373,"{""type"":""MultiPoint"",""coordinates"":[]}"
20050327,2005-03-27,-0.003310911579997638,280.28257589821857,0.0020897338656140365,"{""type"":""MultiPoint"",""coordinates"":[]}"
20050328,2005-03-28,-0.003114493985477622,280.1540019667854,0.004014581416937054,"{""type"":""MultiPoint"",""coordinates"":[]}"
20050329,2005-03-29,-0.004413148881332004,279.8706530795283,0.0017754639847496134,"{""type"":""MultiPoint"",""coordinates"":[]}"
20050330,2005-03-30,-0.003720443108055255,279.02461269556994,0.004242030995355486,"{""type"":""MultiPoint"",""coordinates"":[]}"
20050331,2005-03-31,-0.005635595879126908,278.0398172652374,0.0014535652651356127,"{""type"":""MultiPoint"",""coordinates"":[]}"
20050401,2005-04-01,-0.007110845915641426,276.850342504905,1.4708695371121872E-5,"{""type"":""MultiPoint"",""coordinates"":[]}"
20050402,2005-04-02,-0.007758333313039222,278.2948845621715,6.882128507864364E-6,"{""type"":""MultiPoint"",""coordinates"":[]}"
20050403,2005-04-03,-0.007094124049373596,279.877836652963,8.53741052589017E-6,"{""type"":""MultiPoint"",""coordinates"":[]}"
20050404,2005-04-04,-0.00742429008559793,280.777229437434,7.534253320409701E-6,"{""type"":""MultiPoint"",""coordinates"":[]}"
20050405,2005-04-05,-0.007064237568206062,281.22153049779166,0.0012750744543727362,"{""type"":""MultiPoint"",""coordinates"":[]}"
20050406,2005-04-06,-0.006215946285670762,282.28473716052304,0.0010204950906440402,"{""type"":""MultiPoint"",""coordinates"":[]}"
20050407,2005-04-07,-0.006143668569223093,282.71095910475066,0.0017005001378884753,"{""type"":""MultiPoint"",""coordinates"":[]}"
20050408,2005-04-08,-0.003433745925298499,280.433549912888,0.006164257359590203,"{""type"":""MultiPoint"",""coordinates"":[]}"
20050409,2005-04-09,-0.001962365706928365,276.76170975699256,0.012398592744039994,"{""type"":""MultiPoint"",""coordinates"":[]}"
20050410,2005-04-10,-0.004599366633682566,275.7236579432723,0.0017318947689811842,"{""type"":""MultiPoint"",""coordinates"":[]}"
20050411,2005-04-11,-0.005947603727186183,277.69170945621056,3.660290600425082E-4,"{""type"":""MultiPoint"",""coordinates"":[]}"
20050412,2005-04-12,-0.005574268992171051,280.2047458621463,0.001505350393792951,"{""type"":""MultiPoint"",""coordinates"":[]}"
20050413,2005-04-13,-0.003682414666448423,281.0726663493015,0.001409594712495978,"{""type"":""MultiPoint"",""coordinates"":[]}"
20050414,2005-04-14,-0.006106966914252613,282.70679432539936,5.276950563581531E-4,"{""type"":""MultiPoint"",""coordinates"":[]}"
20050415,2005-04-15,-0.007286498715240786,283.5960790973099,4.7437575613390996E-4,"{""type"":""MultiPoint"",""coordinates"":[]}"
20050416,2005-04-16,-0.008336274637420578,283.76114583691526,0.0012062078121603498,"{""type"":""MultiPoint"",""coordinates"":[]}"
20050417,2005-04-17,-0.005617207155173203,281.5498738091788,0.0053337859675731195,"{""type"":""MultiPoint"",""coordinates"":[]}"
20050418,2005-04-18,-0.002514550136446213,280.5067212140384,0.012880257271767753,"{""type"":""MultiPoint"",""coordinates"":[]}"
20050419,2005-04-19,-0.002255671800034944,280.53021129134385,0.01375161014804967,"{""type"":""MultiPoint"",""coordinates"":[]}"
20050420,2005-04-20,-0.002097072608755973,277.79122137232855,0.01634036588133734,"{""type"":""MultiPoint"",""coordinates"":[]}"
20050421,2005-04-21,-0.0065622296185234505,275.73330537424533,0.0011270120994111552,"{""type"":""MultiPoint"",""coordinates"":[]}"
20050422,2005-04-22,-0.007197997866174743,276.9705677079432,3.7153850276797423E-6,"{""type"":""MultiPoint"",""coordinates"":[]}"
20050423,2005-04-23,-0.00647087516690624,279.55197166060117,0.001010636361331185,"{""type"":""MultiPoint"",""coordinates"":[]}"
20050424,2005-04-24,-0.005495455433578413,282.0773800510495,0.002071330492008572,"{""type"":""MultiPoint"",""coordinates"":[]}"
20050425,2005-04-25,-0.0021802654960126934,280.77848078251145,0.013506564411505719,"{""type"":""MultiPoint"",""coordinates"":[]}"
20050426,2005-04-26,-0.0041602915384211245,281.2808245158994,0.006403443335897479,"{""type"":""MultiPoint"",""coordinates"":[]}"
20050427,2005-04-27,-0.00515796901443406,282.0162592468577,0.004716489442176279,"{""type"":""MultiPoint"",""coordinates"":[]}"
20050428,2005-04-28,-0.007114616704182863,282.30290507763345,7.010383867718122E-4,"{""type"":""MultiPoint"",""coordinates"":[]}"
20050429,2005-04-29,-0.004270419582936842,282.96599930382723,0.001086012793027827,"{""type"":""MultiPoint"",""coordinates"":[]}"
20050430,2005-04-30,-0.0061248419467031774,285.58151234944256,4.298216319276114E-4,"{""type"":""MultiPoint"",""coordinates"":[]}"
20050501,2005-05-01,-0.008085413061969018,288.1221526469645,2.652710269653507E-4,"{""type"":""MultiPoint"",""coordinates"":[]}"
20050502,2005-05-02,-0.008944271999341717,290.25282563964964,8.683094757195732E-5,"{""type"":""MultiPoint"",""coordinates"":[]}"
20050503,2005-05-03,-0.0048336356351503604,287.7766345410503,0.00919443526734315,"{""type"":""MultiPoint"",""coordinates"":[]}"
20050504,2005-05-04,-0.006355015354743149,284.4267967178871,0.007176026993366459,"{""type"":""MultiPoint"",""coordinates"":[]}"
20050505,2005-05-05,-0.003676750967157711,282.23956200288137,0.007081506630149179,"{""type"":""MultiPoint"",""coordinates"":[]}"
20050506,2005-05-06,-0.004040544205824898,280.01627812819765,0.0055671738794462085,"{""type"":""MultiPoint"",""coordinates"":[]}"
20050507,2005-05-07,-0.005315972244668867,279.9252551063264,0.009878130836331383,"{""type"":""MultiPoint"",""coordinates"":[]}"
20050508,2005-05-08,-0.007188250399837105,278.31280390855153,0.004155917308168088,"{""type"":""MultiPoint"",""coordinates"":[]}"
20050509,2005-05-09,-0.005234951453859312,278.57422405960654,0.004088427396512163,"{""type"":""MultiPoint"",""coordinates"":[]}"
20050510,2005-05-10,-0.005285278049619475,279.1435243304307,0.003032732825907639,"{""type"":""MultiPoint"",""coordinates"":[]}"
20050511,2005-05-11,-0.006686881277924935,279.2304078470747,0.0016574316323923382,"{""type"":""MultiPoint"",""coordinates"":[]}"
20050512,2005-05-12,-0.009181492045825487,280.60692570696955,2.776101596828169E-4,"{""type"":""MultiPoint"",""coordinates"":[]}"
20050513,2005-05-13,-0.008531433977871681,283.0133133666882,1.6088258205683258E-4,"{""type"":""MultiPoint"",""coordinates"":[]}"
20050514,2005-05-14,-0.007126449279677063,284.9093912049672,0.003326741738769809,"{""type"":""MultiPoint"",""coordinates"":[]}"
20050515,2005-05-15,-0.007977531907954007,284.5571861480647,0.0017252725503768003,"{""type"":""MultiPoint"",""coordinates"":[]}"
20050516,2005-05-16,-0.0053126326790617654,284.0342384644614,0.006889999462593685,"{""type"":""MultiPoint"",""coordinates"":[]}"
20050517,2005-05-17,-0.0058293604748356565,283.77015134556865,0.0034909918528792773,"{""type"":""MultiPoint"",""coordinates"":[]}"
20050518,2005-05-18,-0.0019002129774658596,280.5364530023422,0.01928246109863849,"{""type"":""MultiPoint"",""coordinates"":[]}"
20050519,2005-05-19,-0.006504278204974195,280.87491823502563,0.0020359942884820973,"{""type"":""MultiPoint"",""coordinates"":[]}"
20050520,2005-05-20,-0.009362829323495324,284.02178787921054,9.904759781977762E-6,"{""type"":""MultiPoint"",""coordinates"":[]}"
20050521,2005-05-21,-0.008189179205855365,287.093185306057,0.0011225406317919003,"{""type"":""MultiPoint"",""coordinates"":[]}"
20050522,2005-05-22,-0.005868408267563927,287.5399442241949,0.004842009656536338,"{""type"":""MultiPoint"",""coordinates"":[]}"
20050523,2005-05-23,-0.004433366142738235,285.60484018493537,0.014713432291866994,"{""type"":""MultiPoint"",""coordinates"":[]}"
20050524,2005-05-24,-0.0062020113467681085,285.02454507031916,0.0014478472027520425,"{""type"":""MultiPoint"",""coordinates"":[]}"
20050525,2005-05-25,-0.009285959445051157,287.1920610846976,4.2642699845811505E-6,"{""type"":""MultiPoint"",""coordinates"":[]}"
20050526,2005-05-26,-0.010176617158514227,289.37293134028806,2.2283901569168296E-5,"{""type"":""MultiPoint"",""coordinates"":[]}"
20050527,2005-05-27,-0.009912221944280979,291.58806706212135,2.8224042422024396E-4,"{""type"":""MultiPoint"",""coordinates"":[]}"
20050528,2005-05-28,-0.009902966161938916,293.15887240624187,4.2981856222914914E-4,"{""type"":""MultiPoint"",""coordinates"":[]}"
20050529,2005-05-29,-0.00996268149989419,294.0679369464983,4.91022936014863E-4,"{""type"":""MultiPoint"",""coordinates"":[]}"
20050530,2005-05-30,-0.008543309815013457,291.7598771017278,0.010489843544892899,"{""type"":""MultiPoint"",""coordinates"":[]}"
20050531,2005-05-31,-0.008826394734649468,285.33453242828875,0.002758741442096774,"{""type"":""MultiPoint"",""coordinates"":[]}"
20050601,2005-06-01,-0.00822694171385511,284.861374619965,4.348426853130249E-4,"{""type"":""MultiPoint"",""coordinates"":[]}"
20050602,2005-06-02,-0.008651065850490285,286.5879742322924,1.5512775201987242E-4,"{""type"":""MultiPoint"",""coordinates"":[]}"
20050603,2005-06-03,-0.010800149562032976,290.0120816573538,2.270454066271699E-4,"{""type"":""MultiPoint"",""coordinates"":[]}"
20050604,2005-06-04,-0.00496260124471931,287.6913251049487,0.008668763628427027,"{""type"":""MultiPoint"",""coordinates"":[]}"
20050605,2005-06-05,-0.007849551315099682,285.599929840902,0.0025642424655245083,"{""type"":""MultiPoint"",""coordinates"":[]}"
20050606,2005-06-06,-0.006415616194018138,284.990161384801,0.004873210514573533,"{""type"":""MultiPoint"",""coordinates"":[]}"
20050607,2005-06-07,-0.006791504272159968,281.5116816547991,0.005970681518716019,"{""type"":""MultiPoint"",""coordinates"":[]}"
20050608,2005-06-08,-0.006972614006683769,280.9261821719191,0.003748812942148685,"{""type"":""MultiPoint"",""coordinates"":[]}"
20050609,2005-06-09,-0.007464008787219742,281.2744468941497,0.002354132120621819,"{""type"":""MultiPoint"",""coordinates"":[]}"
20050610,2005-06-10,-0.008009199917492719,283.24501173207227,0.0014262550192269254,"{""type"":""MultiPoint"",""coordinates"":[]}"
20050611,2005-06-11,-0.0077086800219232365,284.2920090446747,0.0028508129018890334,"{""type"":""MultiPoint"",""coordinates"":[]}"
20050612,2005-06-12,-0.005083035998673598,284.4318674134011,0.0028839686782568454,"{""type"":""MultiPoint"",""coordinates"":[]}"
20050613,2005-06-13,-0.00805698785912425,287.99916978702436,0.002385015735246719,"{""type"":""MultiPoint"",""coordinates"":[]}"
20050614,2005-06-14,-0.007662641124387976,289.5178253307045,0.005809608492655617,"{""type"":""MultiPoint"",""coordinates"":[]}"
20050615,2005-06-15,-0.004389703138484054,288.59880673473424,0.008268518710024486,"{""type"":""MultiPoint"",""coordinates"":[]}"
20050616,2005-06-16,-0.007157695418745711,289.7518038365601,0.001728742706663974,"{""type"":""MultiPoint"",""coordinates"":[]}"
20050617,2005-06-17,-0.007578525576446951,290.3666180068345,4.629929306258349E-4,"{""type"":""MultiPoint"",""coordinates"":[]}"
20050618,2005-06-18,-0.008416455966537222,290.272384219968,0.002135609670172377,"{""type"":""MultiPoint"",""coordinates"":[]}"
20050619,2005-06-19,-0.010902052245123386,289.34669968212677,4.398590142612435E-5,"{""type"":""MultiPoint"",""coordinates"":[]}"
20050620,2005-06-20,-0.011013069793167756,290.6816344003,8.32825246113436E-5,"{""type"":""MultiPoint"",""coordinates"":[]}"
20050621,2005-06-21,-0.011029406829621642,292.2168305786221,1.1019851467245128E-4,"{""type"":""MultiPoint"",""coordinates"":[]}"
20050622,2005-06-22,-0.009281076787237526,292.71184247753115,0.002635847386395122,"{""type"":""MultiPoint"",""coordinates"":[]}"
20050623,2005-06-23,-0.011055050365634322,292.10393653383267,1.446691423931223E-4,"{""type"":""MultiPoint"",""coordinates"":[]}"
20050624,2005-06-24,-0.011004920893085976,293.49900316325676,6.249662088041068E-4,"{""type"":""MultiPoint"",""coordinates"":[]}"
20050625,2005-06-25,-0.00911344642388687,293.7431595173918,0.004379836173226181,"{""type"":""MultiPoint"",""coordinates"":[]}"
20050626,2005-06-26,-0.006373631974690459,292.21862682942356,0.004074565894764085,"{""type"":""MultiPoint"",""coordinates"":[]}"
20050627,2005-06-27,-0.008666066754913665,292.63552523133546,0.0025548849755367455,"{""type"":""MultiPoint"",""coordinates"":[]}"
20050628,2005-06-28,-0.010237182229525715,293.59340446852957,0.0016211065465163302,"{""type"":""MultiPoint"",""coordinates"":[]}"
20050629,2005-06-29,-0.0068782222926124445,291.93414822828873,0.007686148732880531,"{""type"":""MultiPoint"",""coordinates"":[]}"
20050630,2005-06-30,-0.00814877630512324,290.42977649616904,0.00575555451215931,"{""type"":""MultiPoint"",""coordinates"":[]}"
20050701,2005-07-01,-0.0037900478008057936,287.174457548787,0.015094063121075986,"{""type"":""MultiPoint"",""coordinates"":[]}"
20050702,2005-07-02,-0.005481329467562104,287.569693831484,0.005957615048124193,"{""type"":""MultiPoint"",""coordinates"":[]}"
20050703,2005-07-03,-0.008899043078590246,290.2651515667136,4.406419146393685E-4,"{""type"":""MultiPoint"",""coordinates"":[]}"
20050704,2005-07-04,-0.0103894673370078,291.58354160440007,0.005367902244399624,"{""type"":""MultiPoint"",""coordinates"":[]}"
20050705,2005-07-05,-0.0034125516432453786,284.920420309376,0.021712639219216488,"{""type"":""MultiPoint"",""coordinates"":[]}"
20050706,2005-07-06,-0.008717451498267281,286.05308963896937,0.003660530186673583,"{""type"":""MultiPoint"",""coordinates"":[]}"
20050707,2005-07-07,-0.004810150815861195,286.0493162976778,0.009120811476787852,"{""type"":""MultiPoint"",""coordinates"":[]}"
20050708,2005-07-08,-0.004326828858971779,284.95656221661176,0.010921377891353345,"{""type"":""MultiPoint"",""coordinates"":[]}"
20050709,2005-07-09,-0.006079337311582413,286.6474473924441,0.003541611713917612,"{""type"":""MultiPoint"",""coordinates"":[]}"
20050710,2005-07-10,-0.002063174228622015,286.9600349494898,0.0196550312355577,"{""type"":""MultiPoint"",""coordinates"":[]}"
20050711,2005-07-11,-0.00420863206572932,288.3643539706206,0.018997057948846163,"{""type"":""MultiPoint"",""coordinates"":[]}"
20050712,2005-07-12,-0.006470657731793183,289.60412314436667,0.004959100499441418,"{""type"":""MultiPoint"",""coordinates"":[]}"
20050713,2005-07-13,-0.009394514835266187,290.7231439049371,5.391043384952902E-4,"{""type"":""MultiPoint"",""coordinates"":[]}"
20050714,2005-07-14,-0.009517644744241821,291.68412990886065,5.816530628874343E-4,"{""type"":""MultiPoint"",""coordinates"":[]}"
20050715,2005-07-15,-0.010716710488322912,292.7996941309488,5.617002488368616E-4,"{""type"":""MultiPoint"",""coordinates"":[]}"
20050716,2005-07-16,-0.009249244870524335,292.81374741460155,0.00494476365250435,"{""type"":""MultiPoint"",""coordinates"":[]}"
20050717,2005-07-17,-0.010943480598195256,292.3362311905579,9.182813296038924E-4,"{""type"":""MultiPoint"",""coordinates"":[]}"
20050718,2005-07-18,-0.009156724012895627,293.4531663166749,0.007570143927059461,"{""type"":""MultiPoint"",""coordinates"":[]}"
20050719,2005-07-19,-0.007873202182012358,289.9090711657193,0.0104143355675654,"{""type"":""MultiPoint"",""coordinates"":[]}"
20050720,2005-07-20,-0.011525154571029822,289.4176648444081,0.0016439892914125811,"{""type"":""MultiPoint"",""coordinates"":[]}"
20050721,2005-07-21,-0.010123358102115813,287.7186790888333,0.003183408658638979,"{""type"":""MultiPoint"",""coordinates"":[]}"
20050722,2005-07-22,-0.007118586255699292,287.3848485487012,0.0031942729774430013,"{""type"":""MultiPoint"",""coordinates"":[]}"
20050723,2005-07-23,-0.006862387758751179,287.60838623258877,0.0025845486042735573,"{""type"":""MultiPoint"",""coordinates"":[]}"
20050724,2005-07-24,-0.007302344932262354,289.3286744183274,0.0014870739551548124,"{""type"":""MultiPoint"",""coordinates"":[]}"
20050725,2005-07-25,-0.0059459689346648215,291.03092031300656,0.007593005101961211,"{""type"":""MultiPoint"",""coordinates"":[]}"
20050726,2005-07-26,-0.006393583492868187,291.49561945752515,0.003615114736869653,"{""type"":""MultiPoint"",""coordinates"":[]}"
20050727,2005-07-27,-0.008985280544154803,293.93509615218505,4.362434171276935E-4,"{""type"":""MultiPoint"",""coordinates"":[]}"
20050728,2005-07-28,-0.010533935617368144,296.6386588216124,8.831429332476547E-5,"{""type"":""MultiPoint"",""coordinates"":[]}"
20050729,2005-07-29,-0.011082148589908974,297.2461179143061,0.0028047391802487514,"{""type"":""MultiPoint"",""coordinates"":[]}"
20050730,2005-07-30,-0.0069442574759065534,293.07882978698007,0.008225826904306772,"{""type"":""MultiPoint"",""coordinates"":[]}"
20050731,2005-07-31,-0.004883581655233533,289.86045582740866,0.003746505597824405,"{""type"":""MultiPoint"",""coordinates"":[]}"
20050801,2005-08-01,-0.008324403072180754,290.76338287414626,6.244031590993362E-4,"{""type"":""MultiPoint"",""coordinates"":[]}"
20050802,2005-08-02,-0.007696854034480066,291.1453903287898,0.007896320193031896,"{""type"":""MultiPoint"",""coordinates"":[]}"
20050803,2005-08-03,-0.0035590367057544113,288.83613336280945,0.01004750069952747,"{""type"":""MultiPoint"",""coordinates"":[]}"
20050804,2005-08-04,-0.007191336026142092,287.0855857936521,0.0028247003034352026,"{""type"":""MultiPoint"",""coordinates"":[]}"
20050805,2005-08-05,-0.008271603269611488,287.49465054079,7.8462711151413E-4,"{""type"":""MultiPoint"",""coordinates"":[]}"
20050806,2005-08-06,-0.006848508999664754,286.89279900908224,0.006242061389134792,"{""type"":""MultiPoint"",""coordinates"":[]}"
20050807,2005-08-07,-0.005243815049237565,283.93579104159494,0.007751789468773259,"{""type"":""MultiPoint"",""coordinates"":[]}"
20050808,2005-08-08,-0.006284173034462804,283.6132327538305,0.003745141552559301,"{""type"":""MultiPoint"",""coordinates"":[]}"
20050809,2005-08-09,-0.008471842175395834,285.6438210932937,8.169899464555857E-4,"{""type"":""MultiPoint"",""coordinates"":[]}"
20050810,2005-08-10,-0.008536153207220738,287.1432672367896,0.0014532656869294816,"{""type"":""MultiPoint"",""coordinates"":[]}"
20050811,2005-08-11,-0.00823235360966313,287.66979299178934,7.789905950040507E-4,"{""type"":""MultiPoint"",""coordinates"":[]}"
20050812,2005-08-12,-0.008091585409225931,288.51603505502334,6.63294719143566E-4,"{""type"":""MultiPoint"",""coordinates"":[]}"
20050813,2005-08-13,-0.005935397224311514,287.6936385999478,0.0018960300109060154,"{""type"":""MultiPoint"",""coordinates"":[]}"
20050814,2005-08-14,-0.005720579968424616,286.98567853595125,0.008688491936562633,"{""type"":""MultiPoint"",""coordinates"":[]}"
20050815,2005-08-15,-0.0032316913880878814,284.6188166458267,0.01661678689068974,"{""type"":""MultiPoint"",""coordinates"":[]}"
20050816,2005-08-16,-0.002467961667685389,285.7364657219946,0.019664228466545513,"{""type"":""MultiPoint"",""coordinates"":[]}"
20050817,2005-08-17,-0.00432675431344878,287.75689596215574,0.003586970065685188,"{""type"":""MultiPoint"",""coordinates"":[]}"
20050818,2005-08-18,-0.00866100676821192,289.965581973746,3.9771418245997467E-4,"{""type"":""MultiPoint"",""coordinates"":[]}"
20050819,2005-08-19,-0.007075687530874408,290.2783557592179,0.0015489863525145861,"{""type"":""MultiPoint"",""coordinates"":[]}"
20050820,2005-08-20,-0.0031202828930526685,288.6618105726546,0.00794932621074125,"{""type"":""MultiPoint"",""coordinates"":[]}"
20050821,2005-08-21,-0.002309472945197032,288.27178529139707,0.014132399910431987,"{""type"":""MultiPoint"",""coordinates"":[]}"
20050822,2005-08-22,-0.0016432213441391426,287.9015871309394,0.019576068175273832,"{""type"":""MultiPoint"",""coordinates"":[]}"
20050823,2005-08-23,-0.0027432909262262934,287.434954146135,0.017333022985151606,"{""type"":""MultiPoint"",""coordinates"":[]}"
20050824,2005-08-24,-0.004990836845418632,287.6801800492451,0.0031372246059860514,"{""type"":""MultiPoint"",""coordinates"":[]}"
20050825,2005-08-25,-0.005547712816297061,289.16259366841894,0.0016252600951596444,"{""type"":""MultiPoint"",""coordinates"":[]}"
20050826,2005-08-26,-0.004756397226547609,287.9689025683023,0.002593956032427406,"{""type"":""MultiPoint"",""coordinates"":[]}"
20050827,2005-08-27,-0.0055459901807504795,288.08036106244793,0.0013561189578663877,"{""type"":""MultiPoint"",""coordinates"":[]}"
20050828,2005-08-28,-0.004154560258061078,288.3854235551316,0.003222514627612988,"{""type"":""MultiPoint"",""coordinates"":[]}"
20050829,2005-08-29,-0.007229657677603266,290.12969562885667,1.884647072478979E-5,"{""type"":""MultiPoint"",""coordinates"":[]}"
20050830,2005-08-30,-0.007218486665261537,291.2687442924948,9.317735481828748E-5,"{""type"":""MultiPoint"",""coordinates"":[]}"
20050831,2005-08-31,-0.007763851314279018,291.7291603833999,8.773611525952674E-5,"{""type"":""MultiPoint"",""coordinates"":[]}"
20050901,2005-09-01,-0.00728682897510626,291.98163526168463,3.993788388480398E-4,"{""type"":""MultiPoint"",""coordinates"":[]}"
20050902,2005-09-02,-0.005464138031025385,290.806792377559,0.003965342872301053,"{""type"":""MultiPoint"",""coordinates"":[]}"
20050903,2005-09-03,-0.004730813378896513,289.2851346877199,0.0020313457594071825,"{""type"":""MultiPoint"",""coordinates"":[]}"
20050904,2005-09-04,-0.0073715880455984305,288.9315417522218,1.9050285016305785E-4,"{""type"":""MultiPoint"",""coordinates"":[]}"
20050905,2005-09-05,-0.008414228752333627,288.7993343756177,1.9648513181686655E-5,"{""type"":""MultiPoint"",""coordinates"":[]}"
20050906,2005-09-06,-0.008608343353027887,289.3079779054645,7.148472356480516E-6,"{""type"":""MultiPoint"",""coordinates"":[]}"
20050907,2005-09-07,-0.008131152550371243,290.09203959825584,3.473715590650946E-5,"{""type"":""MultiPoint"",""coordinates"":[]}"
20050908,2005-09-08,-0.007402165301019282,291.09698159930224,2.9619604559989525E-5,"{""type"":""MultiPoint"",""coordinates"":[]}"
20050909,2005-09-09,-0.006198690549397528,291.48731183501786,0.002158493113766522,"{""type"":""MultiPoint"",""coordinates"":[]}"
20050910,2005-09-10,-0.0031761090726419475,289.32593584880755,0.009899620911251511,"{""type"":""MultiPoint"",""coordinates"":[]}"
20050911,2005-09-11,-0.0030364519212843317,288.6516391723531,0.007127276067063886,"{""type"":""MultiPoint"",""coordinates"":[]}"
20050912,2005-09-12,-0.0033244968582805995,288.01225531848615,0.006680550963449917,"{""type"":""MultiPoint"",""coordinates"":[]}"
20050913,2005-09-13,-0.0023765025841861803,287.10106836043803,0.004965660959193362,"{""type"":""MultiPoint"",""coordinates"":[]}"
20050914,2005-09-14,-0.005067514520526794,287.8268709724417,7.985558999230481E-4,"{""type"":""MultiPoint"",""coordinates"":[]}"
20050915,2005-09-15,-0.004522991412771749,287.8615727603935,9.349222383805261E-4,"{""type"":""MultiPoint"",""coordinates"":[]}"
20050916,2005-09-16,-0.006063567678106019,288.10415988567536,0.007817084945818745,"{""type"":""MultiPoint"",""coordinates"":[]}"
20050917,2005-09-17,-0.0027970781364875935,281.76755370860735,0.014370321574331393,"{""type"":""MultiPoint"",""coordinates"":[]}"
20050918,2005-09-18,-0.005709191411891536,281.4657880759786,0.002087441533662321,"{""type"":""MultiPoint"",""coordinates"":[]}"
20050919,2005-09-19,-0.005445807823828604,282.079883155115,8.240455292352528E-4,"{""type"":""MultiPoint"",""coordinates"":[]}"
20050920,2005-09-20,-0.0033336601552743338,282.1062916043894,0.0031010517386534757,"{""type"":""MultiPoint"",""coordinates"":[]}"
20050921,2005-09-21,-0.004471699118817762,282.79985161661165,2.6043990362240407E-4,"{""type"":""MultiPoint"",""coordinates"":[]}"
20050922,2005-09-22,-0.004899042544387147,284.70931871510646,4.178612441232782E-5,"{""type"":""MultiPoint"",""coordinates"":[]}"
20050923,2005-09-23,-0.004911138395366114,285.51974613683,2.742300726881365E-5,"{""type"":""MultiPoint"",""coordinates"":[]}"
20050924,2005-09-24,-0.004712915825823027,285.93567400079974,1.3390287981362517E-4,"{""type"":""MultiPoint"",""coordinates"":[]}"
20050925,2005-09-25,-0.0051527740307303815,286.14661280566037,2.6698082161665405E-4,"{""type"":""MultiPoint"",""coordinates"":[]}"
20050926,2005-09-26,-0.004444153418489337,286.3276731627739,0.0010704791039507363,"{""type"":""MultiPoint"",""coordinates"":[]}"
20050927,2005-09-27,-0.0014554989139690076,285.1267770813924,0.006063814025473163,"{""type"":""MultiPoint"",""coordinates"":[]}"
20050928,2005-09-28,-0.003771291554250064,285.1659096376003,8.054235344134129E-4,"{""type"":""MultiPoint"",""coordinates"":[]}"
20050929,2005-09-29,-0.00203248746568241,283.25206720599084,0.010610219859966429,"{""type"":""MultiPoint"",""coordinates"":[]}"
20050930,2005-09-30,-0.003944108554518506,280.88255260123213,0.0024824669326322583,"{""type"":""MultiPoint"",""coordinates"":[]}"
20051001,2005-10-01,-0.0027739226435939874,281.39671118210686,0.005703181917094533,"{""type"":""MultiPoint"",""coordinates"":[]}"
20051002,2005-10-02,-9.235741669633297E-4,281.5499154696635,0.011625217917770317,"{""type"":""MultiPoint"",""coordinates"":[]}"
20051003,2005-10-03,-0.002023808542955582,282.9481036961529,0.0048767941705335485,"{""type"":""MultiPoint"",""coordinates"":[]}"
20051004,2005-10-04,-0.002875268258055196,285.7047820204262,0.004923336890505555,"{""type"":""MultiPoint"",""coordinates"":[]}"
20051005,2005-10-05,-0.003564571658236246,285.9296442989413,0.002049239524600156,"{""type"":""MultiPoint"",""coordinates"":[]}"
20051006,2005-10-06,-0.0053397319786272456,285.49329788533225,1.5576381486268897E-4,"{""type"":""MultiPoint"",""coordinates"":[]}"
20051007,2005-10-07,-0.005599648935201958,285.1091543452516,1.588414886696247E-4,"{""type"":""MultiPoint"",""coordinates"":[]}"
20051008,2005-10-08,-0.004703183016757666,284.46156088275694,7.1007815981553E-5,"{""type"":""MultiPoint"",""coordinates"":[]}"
20051009,2005-10-09,-0.00345428606378371,283.6088277631829,1.4009731838611968E-4,"{""type"":""MultiPoint"",""coordinates"":[]}"
20051010,2005-10-10,-0.004694743186854436,283.1906675526531,7.765994184503141E-6,"{""type"":""MultiPoint"",""coordinates"":[]}"
20051011,2005-10-11,-0.005117305832211589,282.9024401039302,2.787857848910257E-5,"{""type"":""MultiPoint"",""coordinates"":[]}"
20051012,2005-10-12,-0.00475989695272089,282.15045259809176,9.678570621327133E-6,"{""type"":""MultiPoint"",""coordinates"":[]}"
20051013,2005-10-13,-0.0038315863311308945,281.4613044227727,2.2109282659040825E-4,"{""type"":""MultiPoint"",""coordinates"":[]}"
20051014,2005-10-14,-0.0036633575801449307,281.1598583160991,4.917745718671575E-5,"{""type"":""MultiPoint"",""coordinates"":[]}"
20051015,2005-10-15,-0.003935897295930045,281.5191731232612,3.3487033344842435E-6,"{""type"":""MultiPoint"",""coordinates"":[]}"
20051016,2005-10-16,-0.004274578773384824,280.3337509518052,4.7371724095862024E-5,"{""type"":""MultiPoint"",""coordinates"":[]}"
20051017,2005-10-17,-0.004757354774877861,278.5055062038092,3.872274114167906E-5,"{""type"":""MultiPoint"",""coordinates"":[]}"
20051018,2005-10-18,-0.004284727158296742,278.08294591864643,7.229764224432486E-6,"{""type"":""MultiPoint"",""coordinates"":[]}"
20051019,2005-10-19,-0.003254424973940655,278.27863545664394,9.647684499861989E-5,"{""type"":""MultiPoint"",""coordinates"":[]}"
20051020,2005-10-20,-0.002457649753401309,280.50740191656246,1.9429663468987395E-4,"{""type"":""MultiPoint"",""coordinates"":[]}"
20051021,2005-10-21,-0.002470474768592187,281.9924858752505,1.7014968403464582E-4,"{""type"":""MultiPoint"",""coordinates"":[]}"
20051022,2005-10-22,-0.00348720979972514,283.7213797204448,1.673599849893423E-4,"{""type"":""MultiPoint"",""coordinates"":[]}"
20051023,2005-10-23,-0.00251866220557636,283.4746512201767,0.0028709853229015197,"{""type"":""MultiPoint"",""coordinates"":[]}"
20051024,2005-10-24,-0.003321979200418386,282.7186130748237,2.123588164218624E-4,"{""type"":""MultiPoint"",""coordinates"":[]}"
20051025,2005-10-25,-0.0036034618479839284,283.91655239940053,6.161135389232035E-5,"{""type"":""MultiPoint"",""coordinates"":[]}"
20051026,2005-10-26,-0.00373181516182578,285.29281191979106,3.1344274059787403E-4,"{""type"":""MultiPoint"",""coordinates"":[]}"
20051027,2005-10-27,-0.0028807652323914433,284.17053586732465,3.070715574003545E-6,"{""type"":""MultiPoint"",""coordinates"":[]}"
20051028,2005-10-28,-0.003041645585963782,283.1542962554209,3.963862926889984E-6,"{""type"":""MultiPoint"",""coordinates"":[]}"
20051029,2005-10-29,-0.003307680882680386,282.05684889646767,1.945188268403011E-5,"{""type"":""MultiPoint"",""coordinates"":[]}"
20051030,2005-10-30,-0.0032925173960403945,280.7232378005389,5.834852706419722E-6,"{""type"":""MultiPoint"",""coordinates"":[]}"
20051031,2005-10-31,-0.003336561394519712,279.8048661702562,9.696054120669267E-6,"{""type"":""MultiPoint"",""coordinates"":[]}"
20051101,2005-11-01,-0.0018523578377831562,279.72557289853046,0.0029238552582578916,"{""type"":""MultiPoint"",""coordinates"":[]}"
20051102,2005-11-02,-0.0018590963861346693,281.1688568634195,3.333043193136348E-4,"{""type"":""MultiPoint"",""coordinates"":[]}"
20051103,2005-11-03,-0.001285072102218815,281.79112999496573,0.002628151870217896,"{""type"":""MultiPoint"",""coordinates"":[]}"
20051104,2005-11-04,-0.0019554889928853508,281.6494028249233,2.3806883037434876E-4,"{""type"":""MultiPoint"",""coordinates"":[]}"
20051105,2005-11-05,-6.879944457512176E-4,280.27306931098167,0.005411550606327287,"{""type"":""MultiPoint"",""coordinates"":[]}"
20051106,2005-11-06,-7.914552341826819E-4,278.73812532144933,0.002580083145007574,"{""type"":""MultiPoint"",""coordinates"":[]}"
20051107,2005-11-07,-0.0016248602154489932,279.5203067415102,2.924236183852444E-4,"{""type"":""MultiPoint"",""coordinates"":[]}"
20051108,2005-11-08,-0.002325334179372668,278.7552208810262,2.0204614055112996E-6,"{""type"":""MultiPoint"",""coordinates"":[]}"
20051109,2005-11-09,-0.002017901817730393,278.740073054048,5.540560120848571E-6,"{""type"":""MultiPoint"",""coordinates"":[]}"
20051110,2005-11-10,-0.0018273218466105796,278.2899316344337,5.3656663942131304E-5,"{""type"":""MultiPoint"",""coordinates"":[]}"
20051111,2005-11-11,-0.002087686138877639,279.3212300277114,3.645310305637081E-5,"{""type"":""MultiPoint"",""coordinates"":[]}"
20051112,2005-11-12,-0.002000145487016788,277.89470204180105,5.5677210502054693E-5,"{""type"":""MultiPoint"",""coordinates"":[]}"
20051113,2005-11-13,-0.001900963512073861,276.76857082481104,1.4808831653466065E-4,"{""type"":""MultiPoint"",""coordinates"":[]}"
20051114,2005-11-14,-0.0017442221857000186,275.66679694593296,2.2268465862036212E-4,"{""type"":""MultiPoint"",""coordinates"":[]}"
20051115,2005-11-15,-0.001783516158971928,276.1592496931687,1.5277658601380525E-4,"{""type"":""MultiPoint"",""coordinates"":[]}"
20051116,2005-11-16,-0.001318762452257271,276.78862723811613,0.004686737933929238,"{""type"":""MultiPoint"",""coordinates"":[]}"
20051117,2005-11-17,-0.002667141470956757,273.3959012444395,0.001741340788955515,"{""type"":""MultiPoint"",""coordinates"":[]}"
20051118,2005-11-18,-0.0013112838215051542,271.92232065538076,0.0038666527578535993,"{""type"":""MultiPoint"",""coordinates"":[]}"
20051119,2005-11-19,-0.0014292307295856823,269.82528903066355,0.0016781694958129163,"{""type"":""MultiPoint"",""coordinates"":[]}"
20051120,2005-11-20,-0.0019328377503491894,270.8065345467945,0.0034822005566106243,"{""type"":""MultiPoint"",""coordinates"":[]}"
20051121,2005-11-21,-6.897448513761242E-4,271.88302701571,0.009196536414318232,"{""type"":""MultiPoint"",""coordinates"":[]}"
20051122,2005-11-22,-0.001112598700016063,269.63866863917144,0.002881847970212213,"{""type"":""MultiPoint"",""coordinates"":[]}"
20051123,2005-11-23,-0.0011235279234055524,267.84058423978564,4.2797749721065867E-4,"{""type"":""MultiPoint"",""coordinates"":[]}"
20051124,2005-11-24,-9.096796228920776E-4,266.1841848030675,3.5397318397104813E-4,"{""type"":""MultiPoint"",""coordinates"":[]}"
20051125,2005-11-25,-9.356664821333566E-4,268.0351734869966,0.002820572048584927,"{""type"":""MultiPoint"",""coordinates"":[]}"
20051126,2005-11-26,-6.6008832238414E-4,269.41627309154,0.0036460206445175004,"{""type"":""MultiPoint"",""coordinates"":[]}"
20051127,2005-11-27,-7.239416645132591E-4,269.79615814280606,0.004131192767316362,"{""type"":""MultiPoint"",""coordinates"":[]}"
20051128,2005-11-28,-8.912464060029183E-4,268.85990010114807,0.0011501496837557565,"{""type"":""MultiPoint"",""coordinates"":[]}"
20051129,2005-11-29,-4.294707204845397E-4,269.4069873625253,0.0010480382373567877,"{""type"":""MultiPoint"",""coordinates"":[]}"
20051130,2005-11-30,-4.859493690423732E-4,269.57034981369856,5.497230786955575E-4,"{""type"":""MultiPoint"",""coordinates"":[]}"
20051201,2005-12-01,-6.151800487796556E-4,267.66956938450846,1.1825842988291388E-5,"{""type"":""MultiPoint"",""coordinates"":[]}"
20051202,2005-12-02,-6.103717011297068E-4,267.85803528979534,1.8647318195479586E-4,"{""type"":""MultiPoint"",""coordinates"":[]}"
20051203,2005-12-03,-2.9311512849939823E-4,272.27224574242945,0.0047690038779109175,"{""type"":""MultiPoint"",""coordinates"":[]}"
20051204,2005-12-04,-5.518780987465932E-4,272.4925720212891,0.0016982009365250446,"{""type"":""MultiPoint"",""coordinates"":[]}"
20051205,2005-12-05,-3.401106917495256E-4,272.95125084804414,0.0033276833294370216,"{""type"":""MultiPoint"",""coordinates"":[]}"
20051206,2005-12-06,-2.941091637680992E-4,271.74445435041406,0.005885503158199861,"{""type"":""MultiPoint"",""coordinates"":[]}"
20051207,2005-12-07,-9.615680745493679E-4,272.0413479607694,0.0023115204259592918,"{""type"":""MultiPoint"",""coordinates"":[]}"
20051208,2005-12-08,-6.17072500139237E-4,271.55158937131614,5.015468262431119E-4,"{""type"":""MultiPoint"",""coordinates"":[]}"
20051209,2005-12-09,-5.062430820662293E-4,270.85796172921266,6.467136140700212E-4,"{""type"":""MultiPoint"",""coordinates"":[]}"
20051210,2005-12-10,-8.935620799941963E-4,269.32529472337814,1.5145002067927762E-4,"{""type"":""MultiPoint"",""coordinates"":[]}"
20051211,2005-12-11,-5.494541958498993E-4,267.96690728340155,5.014520113345073E-6,"{""type"":""MultiPoint"",""coordinates"":[]}"
20051212,2005-12-12,-4.264172576317374E-4,269.1317408688847,8.678139629157698E-4,"{""type"":""MultiPoint"",""coordinates"":[]}"
20051213,2005-12-13,-3.8348016773121E-4,271.2373385906389,0.0017215812807945998,"{""type"":""MultiPoint"",""coordinates"":[]}"
20051214,2005-12-14,-4.568070642522701E-4,271.30613590072585,7.05524638639006E-4,"{""type"":""MultiPoint"",""coordinates"":[]}"
20051215,2005-12-15,-0.0014441960818086094,271.9143516055138,0.002471160420186101,"{""type"":""MultiPoint"",""coordinates"":[]}"
20051216,2005-12-16,-0.00164958542266163,273.32677935851336,0.017312062074903958,"{""type"":""MultiPoint"",""coordinates"":[]}"
20051217,2005-12-17,-0.001685320242813331,269.6032571013153,0.007237837741111346,"{""type"":""MultiPoint"",""coordinates"":[]}"
20051218,2005-12-18,-0.0013433557266490995,268.27491044321664,0.0026713123993081134,"{""type"":""MultiPoint"",""coordinates"":[]}"
20051219,2005-12-19,-0.0011039698560307248,269.1326287418432,0.0032934399513076364,"{""type"":""MultiPoint"",""coordinates"":[]}"
20051220,2005-12-20,-0.0010136933812505506,271.3495767458858,0.002984027382709927,"{""type"":""MultiPoint"",""coordinates"":[]}"
20051221,2005-12-21,-7.082343665387638E-4,270.325152090645,0.0013219745758018967,"{""type"":""MultiPoint"",""coordinates"":[]}"
20051222,2005-12-22,-4.983717194254166E-4,270.29895831210524,0.003765373328375702,"{""type"":""MultiPoint"",""coordinates"":[]}"
20051223,2005-12-23,-2.6896273270742704E-4,272.2856335825881,0.004959976622717043,"{""type"":""MultiPoint"",""coordinates"":[]}"
20051224,2005-12-24,-5.053595565134325E-4,272.98105233035074,0.00141579869821511,"{""type"":""MultiPoint"",""coordinates"":[]}"
20051225,2005-12-25,-5.334467029073641E-4,272.3978591299808,0.0018523020697147998,"{""type"":""MultiPoint"",""coordinates"":[]}"
20051226,2005-12-26,-5.052953366775399E-4,269.4474952721792,0.0015689420269208324,"{""type"":""MultiPoint"",""coordinates"":[]}"
20051227,2005-12-27,-6.779424281688014E-4,268.35174767106344,0.0018083988353293245,"{""type"":""MultiPoint"",""coordinates"":[]}"
20051228,2005-12-28,-5.044152162622523E-4,267.38991197481226,0.005405249854959871,"{""type"":""MultiPoint"",""coordinates"":[]}"
20051229,2005-12-29,-7.415251897739513E-4,264.72584712400703,0.0016666026045497081,"{""type"":""MultiPoint"",""coordinates"":[]}"
20051230,2005-12-30,-4.7508380523933875E-4,262.03884896265555,0.0026374376705062554,"{""type"":""MultiPoint"",""coordinates"":[]}"
20051231,2005-12-31,-4.2534835174654046E-4,268.28597212850735,0.005431617249455289,"{""type"":""MultiPoint"",""coordinates"":[]}"
20060101,2006-01-01,-1.8644395255840962E-4,271.13831341108204,0.004316633400914468,"{""type"":""MultiPoint"",""coordinates"":[]}"
20060102,2006-01-02,-2.076437984774996E-4,271.3584394665959,0.012574034272304292,"{""type"":""MultiPoint"",""coordinates"":[]}"
20060103,2006-01-03,-4.661809320114518E-4,271.11697285874317,0.008343049044919988,"{""type"":""MultiPoint"",""coordinates"":[]}"
20060104,2006-01-04,-6.469629203153834E-4,270.0349241463213,0.001415036872515767,"{""type"":""MultiPoint"",""coordinates"":[]}"
20060105,2006-01-05,-5.853360463197328E-4,269.51313225930056,6.984625079254961E-4,"{""type"":""MultiPoint"",""coordinates"":[]}"
20060106,2006-01-06,-3.5001284020292283E-4,269.54344685449024,1.8940070632437404E-4,"{""type"":""MultiPoint"",""coordinates"":[]}"
20060107,2006-01-07,-3.695897609905579E-4,269.4837581773535,1.6375857027732185E-4,"{""type"":""MultiPoint"",""coordinates"":[]}"
20060108,2006-01-08,-4.441450623035183E-4,267.3687421672803,2.3474075572902214E-5,"{""type"":""MultiPoint"",""coordinates"":[]}"
20060109,2006-01-09,-3.453627595975884E-4,265.7014229166948,3.6987545960281915E-6,"{""type"":""MultiPoint"",""coordinates"":[]}"
20060110,2006-01-10,-2.9921160598127267E-4,265.5905317309856,3.302965067786833E-6,"{""type"":""MultiPoint"",""coordinates"":[]}"
20060111,2006-01-11,-2.920522383092818E-4,264.73547722442737,1.8118229819921316E-6,"{""type"":""MultiPoint"",""coordinates"":[]}"
20060112,2006-01-12,-3.317991126109523E-4,265.5451665221362,6.0643149144505254E-5,"{""type"":""MultiPoint"",""coordinates"":[]}"
20060113,2006-01-13,-3.1612868953376753E-4,266.48985449256423,2.6290080731605107E-5,"{""type"":""MultiPoint"",""coordinates"":[]}"
20060114,2006-01-14,-3.5595693471875416E-4,265.6868302165254,3.000515735160639E-5,"{""type"":""MultiPoint"",""coordinates"":[]}"
20060115,2006-01-15,-4.6196858639077827E-4,265.01071881985405,3.320862531698028E-5,"{""type"":""MultiPoint"",""coordinates"":[]}"
20060116,2006-01-16,-4.1626209071328024E-4,264.0620639660599,3.4332864569780665E-5,"{""type"":""MultiPoint"",""coordinates"":[]}"
20060117,2006-01-17,-4.737950508092037E-4,266.6268793639817,0.004371560492273868,"{""type"":""MultiPoint"",""coordinates"":[]}"
20060118,2006-01-18,-4.85954171382068E-4,271.40940975929556,0.010813493027420434,"{""type"":""MultiPoint"",""coordinates"":[]}"
20060119,2006-01-19,-8.583746960023453E-4,270.17597231546375,0.0010525161590971446,"{""type"":""MultiPoint"",""coordinates"":[]}"
20060120,2006-01-20,-6.873559040750033E-4,271.1021647858734,9.97267006294097E-4,"{""type"":""MultiPoint"",""coordinates"":[]}"
20060121,2006-01-21,-0.0011700781386214355,272.8915173431689,0.00534257887282784,"{""type"":""MultiPoint"",""coordinates"":[]}"
20060122,2006-01-22,-9.338276346053954E-4,267.297276089473,0.003154680550803948,"{""type"":""MultiPoint"",""coordinates"":[]}"
20060123,2006-01-23,-9.627138890971595E-4,260.0713608857326,5.816919293243061E-5,"{""type"":""MultiPoint"",""coordinates"":[]}"
20060124,2006-01-24,-8.35872120664446E-4,260.36566837628243,9.261294528032799E-8,"{""type"":""MultiPoint"",""coordinates"":[]}"
20060125,2006-01-25,-6.30411753157813E-4,262.80279567020517,1.0743385338666789E-4,"{""type"":""MultiPoint"",""coordinates"":[]}"
20060126,2006-01-26,-9.395820026566885E-4,264.4924449820777,2.833583613057078E-4,"{""type"":""MultiPoint"",""coordinates"":[]}"
20060127,2006-01-27,-7.779475028461492E-4,264.1317426175783,4.170126185639748E-4,"{""type"":""MultiPoint"",""coordinates"":[]}"
20060128,2006-01-28,-8.252466041379769E-4,266.35585042379637,4.4322847290294715E-5,"{""type"":""MultiPoint"",""coordinates"":[]}"
20060129,2006-01-29,-9.431251659263446E-4,267.0930681150995,1.3884061051439452E-5,"{""type"":""MultiPoint"",""coordinates"":[]}"
20060130,2006-01-30,-8.792179388599248E-4,267.7273609101282,4.6446498063637016E-6,"{""type"":""MultiPoint"",""coordinates"":[]}"
20060131,2006-01-31,-0.0010302523410098013,268.3430470905277,4.352873471363232E-6,"{""type"":""MultiPoint"",""coordinates"":[]}"
20060201,2006-02-01,-8.750859846430885E-4,268.01260430198204,3.967859099013318E-6,"{""type"":""MultiPoint"",""coordinates"":[]}"
20060202,2006-02-02,-0.0011372860479351306,267.6230351298665,3.899483796279787E-6,"{""type"":""MultiPoint"",""coordinates"":[]}"
20060203,2006-02-03,-0.001107846569889601,266.5856851699077,1.5827962217350935E-5,"{""type"":""MultiPoint"",""coordinates"":[]}"
20060204,2006-02-04,-0.0010386834450926427,266.76712605808666,0.0011054348213587045,"{""type"":""MultiPoint"",""coordinates"":[]}"
20060205,2006-02-05,-0.0010966348137449013,265.4164678376531,3.677080961301802E-4,"{""type"":""MultiPoint"",""coordinates"":[]}"
20060206,2006-02-06,-7.43393095958729E-4,265.3945374749936,0.0012232039728435169,"{""type"":""MultiPoint"",""coordinates"":[]}"
20060207,2006-02-07,-8.570280287055973E-4,270.48080397754603,0.00995495999004157,"{""type"":""MultiPoint"",""coordinates"":[]}"
20060208,2006-02-08,-0.00174744520770047,272.77721082181057,0.004192745063453689,"{""type"":""MultiPoint"",""coordinates"":[]}"
20060209,2006-02-09,-0.0021075568815208156,271.07333636433856,0.004940209541390582,"{""type"":""MultiPoint"",""coordinates"":[]}"
20060210,2006-02-10,-0.0018221112325194275,270.1425960598139,0.007756882180095076,"{""type"":""MultiPoint"",""coordinates"":[]}"
20060211,2006-02-11,-0.0013180842369727088,268.8630605836683,0.0019818659707114754,"{""type"":""MultiPoint"",""coordinates"":[]}"
20060212,2006-02-12,-0.001359185890595856,267.24409190714545,3.892612383105876E-4,"{""type"":""MultiPoint"",""coordinates"":[]}"
20060213,2006-02-13,-0.0013752038704503411,267.3847639583983,3.081278508685664E-4,"{""type"":""MultiPoint"",""coordinates"":[]}"
20060214,2006-02-14,-0.0011105221151637972,268.67159435977203,1.1831120463057858E-4,"{""type"":""MultiPoint"",""coordinates"":[]}"
20060215,2006-02-15,-9.97270711976537E-4,271.8573140322293,0.0038272577765346427,"{""type"":""MultiPoint"",""coordinates"":[]}"
20060216,2006-02-16,-7.198918202634972E-4,274.00588892117196,0.008582430139416636,"{""type"":""MultiPoint"",""coordinates"":[]}"
20060217,2006-02-17,-0.0022139612424236853,273.5713603962236,0.00425218847769251,"{""type"":""MultiPoint"",""coordinates"":[]}"
20060218,2006-02-18,-0.0014937383418388835,273.4209583556003,0.003050160637471431,"{""type"":""MultiPoint"",""coordinates"":[]}"
20060219,2006-02-19,-0.0022537682425126464,273.9497862519862,5.071324334855157E-4,"{""type"":""MultiPoint"",""coordinates"":[]}"
20060220,2006-02-20,-0.0014733100560436541,274.45918532216086,0.0023988434518244822,"{""type"":""MultiPoint"",""coordinates"":[]}"
20060221,2006-02-21,-0.0016802311146591044,274.0286712339382,0.002871756457258184,"{""type"":""MultiPoint"",""coordinates"":[]}"
20060222,2006-02-22,-0.001446828769101448,272.38623741695477,7.225758784979526E-4,"{""type"":""MultiPoint"",""coordinates"":[]}"
20060223,2006-02-23,-0.001753549665195789,271.56454479211277,8.15216881521134E-4,"{""type"":""MultiPoint"",""coordinates"":[]}"
20060224,2006-02-24,-0.002710358696210978,271.58425984170793,3.5142211825735643E-4,"{""type"":""MultiPoint"",""coordinates"":[]}"
20060225,2006-02-25,-0.002109726175656092,270.71201872957516,0.001345501563808745,"{""type"":""MultiPoint"",""coordinates"":[]}"
20060226,2006-02-26,-0.001566654141757401,269.1231713082369,0.0034529795095900244,"{""type"":""MultiPoint"",""coordinates"":[]}"
20060227,2006-02-27,-0.0020939529828755054,266.7811197679256,5.694452238484202E-4,"{""type"":""MultiPoint"",""coordinates"":[]}"
20060228,2006-02-28,-0.0021143365917090417,266.551761478253,5.360632521867238E-4,"{""type"":""MultiPoint"",""coordinates"":[]}"
20060301,2006-03-01,-0.002337902940715413,268.3197806071263,0.0019126060499468818,"{""type"":""MultiPoint"",""coordinates"":[]}"
20060302,2006-03-02,-0.0026971958650008833,267.3432023314774,8.845106336015246E-4,"{""type"":""MultiPoint"",""coordinates"":[]}"
20060303,2006-03-03,-0.0022794445175874103,269.833698758134,0.00461835011023661,"{""type"":""MultiPoint"",""coordinates"":[]}"
20060304,2006-03-04,-9.02196934997097E-4,271.38430665342514,0.013060462361816074,"{""type"":""MultiPoint"",""coordinates"":[]}"
20060305,2006-03-05,-0.0012644192596037202,269.25354985153797,0.008028376196325897,"{""type"":""MultiPoint"",""coordinates"":[]}"
20060306,2006-03-06,-0.0021149601788453256,268.5929020527893,0.0021362984815539166,"{""type"":""MultiPoint"",""coordinates"":[]}"
20060307,2006-03-07,-0.0016308199902019592,268.4352440149316,0.0032465692321408664,"{""type"":""MultiPoint"",""coordinates"":[]}"
20060308,2006-03-08,-0.0024296584446528093,268.52303575935827,0.005453423822022626,"{""type"":""MultiPoint"",""coordinates"":[]}"
20060309,2006-03-09,-0.0017004940007448413,274.45897662526374,0.012471835897637144,"{""type"":""MultiPoint"",""coordinates"":[]}"
20060310,2006-03-10,-0.0019402331159906207,274.3788386057295,0.00361909739534224,"{""type"":""MultiPoint"",""coordinates"":[]}"
20060311,2006-03-11,-0.002232777118973707,271.9652775562415,0.004032552362969766,"{""type"":""MultiPoint"",""coordinates"":[]}"
20060312,2006-03-12,-0.002648220646870021,267.1005123430959,0.0035357215757780796,"{""type"":""MultiPoint"",""coordinates"":[]}"
20060313,2006-03-13,-0.0024621324966561877,266.00587762573537,8.296456210602251E-4,"{""type"":""MultiPoint"",""coordinates"":[]}"
20060314,2006-03-14,-0.001835263965733472,267.53312881261036,0.0023493531600706163,"{""type"":""MultiPoint"",""coordinates"":[]}"
20060315,2006-03-15,-0.002257339524006749,269.2950084746385,1.496483114111725E-4,"{""type"":""MultiPoint"",""coordinates"":[]}"
20060316,2006-03-16,-0.0019239230008189815,270.2968764206977,5.371092422302621E-4,"{""type"":""MultiPoint"",""coordinates"":[]}"
20060317,2006-03-17,-0.0020410272587781486,270.98543077143637,0.001379493029449179,"{""type"":""MultiPoint"",""coordinates"":[]}"
20060318,2006-03-18,-0.00292990416707893,271.9403119417536,1.2405285276748603E-4,"{""type"":""MultiPoint"",""coordinates"":[]}"
20060319,2006-03-19,-0.0033521887964766254,273.04026502442554,1.0834877400657003E-5,"{""type"":""MultiPoint"",""coordinates"":[]}"
20060320,2006-03-20,-0.0037639618383893407,274.4862457239157,5.527682195042766E-6,"{""type"":""MultiPoint"",""coordinates"":[]}"
20060321,2006-03-21,-0.0032016207384958175,275.5080856130814,6.881283556883478E-4,"{""type"":""MultiPoint"",""coordinates"":[]}"
20060322,2006-03-22,-0.002263089359375474,275.1555268016265,0.0018636235197236764,"{""type"":""MultiPoint"",""coordinates"":[]}"
20060323,2006-03-23,-0.002898747502101611,272.9903708838246,7.305126933590071E-4,"{""type"":""MultiPoint"",""coordinates"":[]}"
20060324,2006-03-24,-0.0038981011320148445,274.44754133831424,1.7962592424218603E-4,"{""type"":""MultiPoint"",""coordinates"":[]}"
20060325,2006-03-25,-0.0029418338176314678,277.54894565266255,0.0038552925750773527,"{""type"":""MultiPoint"",""coordinates"":[]}"
20060326,2006-03-26,-0.0013130923456041044,279.4390306883178,0.006534690885274658,"{""type"":""MultiPoint"",""coordinates"":[]}"
20060327,2006-03-27,-0.0042341635941555884,282.2699032980109,0.001532196692444663,"{""type"":""MultiPoint"",""coordinates"":[]}"
20060328,2006-03-28,-0.001044600312708438,278.89979671771147,0.013304649750956325,"{""type"":""MultiPoint"",""coordinates"":[]}"
20060329,2006-03-29,-0.003696053866179649,277.1170289096309,0.007378817136803188,"{""type"":""MultiPoint"",""coordinates"":[]}"
20060330,2006-03-30,-0.0028589095122586172,278.18609364961753,0.0032016551485300635,"{""type"":""MultiPoint"",""coordinates"":[]}"
20060331,2006-03-31,-0.005659361106070712,281.0609540735189,0.004460311578710382,"{""type"":""MultiPoint"",""coordinates"":[]}"
20060401,2006-04-01,-0.005818139382771468,281.0251004391348,0.0010498706072341948,"{""type"":""MultiPoint"",""coordinates"":[]}"
20060402,2006-04-02,-0.005120433848351359,280.57189672692374,0.0020513963587289056,"{""type"":""MultiPoint"",""coordinates"":[]}"
20060403,2006-04-03,-0.004218598468136979,278.6623712449109,0.004832875028183495,"{""type"":""MultiPoint"",""coordinates"":[]}"
20060404,2006-04-04,-0.005110249394773989,277.28849020868364,0.0016419810550948168,"{""type"":""MultiPoint"",""coordinates"":[]}"
20060405,2006-04-05,-0.0019273034582348199,275.12456339891,0.008528831453931464,"{""type"":""MultiPoint"",""coordinates"":[]}"
20060406,2006-04-06,-0.004118358417151066,273.9159001540054,0.0014873899658530538,"{""type"":""MultiPoint"",""coordinates"":[]}"
20060407,2006-04-07,-0.005149752933336355,275.03381000664723,1.0190989228742513E-6,"{""type"":""MultiPoint"",""coordinates"":[]}"
20060408,2006-04-08,-0.00650637074622856,277.9999848187954,3.4217889227822627E-6,"{""type"":""MultiPoint"",""coordinates"":[]}"
20060409,2006-04-09,-0.0037070677912401564,278.43957364893197,0.002934898130442113,"{""type"":""MultiPoint"",""coordinates"":[]}"
20060410,2006-04-10,-0.0030676571496068934,277.7636116460288,0.0101741125101435,"{""type"":""MultiPoint"",""coordinates"":[]}"
20060411,2006-04-11,-0.0025234475731658254,274.18895912695206,0.010311485790418132,"{""type"":""MultiPoint"",""coordinates"":[]}"
20060412,2006-04-12,-0.00397488239578686,274.7224541139036,0.002033912537201056,"{""type"":""MultiPoint"",""coordinates"":[]}"
20060413,2006-04-13,-0.004607484836755969,276.8471137554185,0.0032867843237482713,"{""type"":""MultiPoint"",""coordinates"":[]}"
20060414,2006-04-14,-0.004100940875667568,279.5980365236622,0.004286179468202787,"{""type"":""MultiPoint"",""coordinates"":[]}"
20060415,2006-04-15,-0.004863624160120722,281.21245156545876,0.001159137017522505,"{""type"":""MultiPoint"",""coordinates"":[]}"
20060416,2006-04-16,-0.005434259686669837,282.0198866255672,0.004173998463568834,"{""type"":""MultiPoint"",""coordinates"":[]}"
20060417,2006-04-17,-0.005076603208091382,281.64590173257955,0.002488933292727776,"{""type"":""MultiPoint"",""coordinates"":[]}"
20060418,2006-04-18,-0.004290369969920802,280.9685556319196,0.0020160668668161978,"{""type"":""MultiPoint"",""coordinates"":[]}"
20060419,2006-04-19,-0.005399454022061996,281.41532164932715,9.148040242824441E-4,"{""type"":""MultiPoint"",""coordinates"":[]}"
20060420,2006-04-20,-0.006339837457698563,282.265631376033,7.397293449552603E-4,"{""type"":""MultiPoint"",""coordinates"":[]}"
20060421,2006-04-21,-0.007483736381801129,283.45961800623775,1.5127748824368453E-4,"{""type"":""MultiPoint"",""coordinates"":[]}"
20060422,2006-04-22,-0.007281339183703271,283.9628914086288,0.0010468187638431586,"{""type"":""MultiPoint"",""coordinates"":[]}"
20060423,2006-04-23,-0.005356810164589914,283.4940205385125,0.003116743145249156,"{""type"":""MultiPoint"",""coordinates"":[]}"
20060424,2006-04-24,-0.006636367416756667,284.43428334896794,4.1460518360444227E-4,"{""type"":""MultiPoint"",""coordinates"":[]}"
20060425,2006-04-25,-0.005835306421816152,285.5738192753411,0.0014409734521416476,"{""type"":""MultiPoint"",""coordinates"":[]}"
20060426,2006-04-26,-0.0036439911621491947,284.7073004417756,0.006738468979558296,"{""type"":""MultiPoint"",""coordinates"":[]}"
20060427,2006-04-27,-0.0033047958357108383,283.9953728859356,0.006577933531766986,"{""type"":""MultiPoint"",""coordinates"":[]}"
20060428,2006-04-28,-0.0020749466743572235,282.36621939009075,0.011912487584119643,"{""type"":""MultiPoint"",""coordinates"":[]}"
20060429,2006-04-29,-0.0026569431344935636,278.54349468357316,0.009767327518342554,"{""type"":""MultiPoint"",""coordinates"":[]}"
20060430,2006-04-30,-0.005386948462016601,277.4010885352264,0.0044239353058734806,"{""type"":""MultiPoint"",""coordinates"":[]}"
20060501,2006-05-01,-0.00662544311558772,280.3014026343214,0.002013922242460467,"{""type"":""MultiPoint"",""coordinates"":[]}"
20060502,2006-05-02,-0.006482584697294784,282.9800545209104,9.320449277867421E-4,"{""type"":""MultiPoint"",""coordinates"":[]}"
20060503,2006-05-03,-0.008452552220430393,284.75130533436004,8.26044190941818E-5,"{""type"":""MultiPoint"",""coordinates"":[]}"
20060504,2006-05-04,-0.009234614619134988,285.08108037954975,5.026955658953344E-4,"{""type"":""MultiPoint"",""coordinates"":[]}"
20060505,2006-05-05,-0.008861235784610335,284.67193537019,0.0011227612931160532,"{""type"":""MultiPoint"",""coordinates"":[]}"
20060506,2006-05-06,-0.009506066591449093,284.2994439761719,0.0011549631368287024,"{""type"":""MultiPoint"",""coordinates"":[]}"
20060507,2006-05-07,-0.00942839182802862,283.9715236054225,3.846716365913303E-4,"{""type"":""MultiPoint"",""coordinates"":[]}"
20060508,2006-05-08,-0.009309315216447617,284.48248648854087,0.0011225390713892193,"{""type"":""MultiPoint"",""coordinates"":[]}"
20060509,2006-05-09,-0.005067707754017393,282.7286071942963,0.005152137380644595,"{""type"":""MultiPoint"",""coordinates"":[]}"
20060510,2006-05-10,-0.00707224921894728,283.3082269660664,7.478821435557528E-4,"{""type"":""MultiPoint"",""coordinates"":[]}"
20060511,2006-05-11,-0.008764685818959363,284.1072906952918,4.031062344364095E-5,"{""type"":""MultiPoint"",""coordinates"":[]}"
20060512,2006-05-12,-0.0089809613826579,285.9922479779495,3.721822605314303E-4,"{""type"":""MultiPoint"",""coordinates"":[]}"
20060513,2006-05-13,-0.005931956668300194,285.6062578989378,0.003947594238805436,"{""type"":""MultiPoint"",""coordinates"":[]}"
20060514,2006-05-14,-0.0037032926110116293,283.9146823090318,0.008301734503507255,"{""type"":""MultiPoint"",""coordinates"":[]}"
20060515,2006-05-15,-0.007967927374524283,285.62394425527305,1.1876275062759335E-4,"{""type"":""MultiPoint"",""coordinates"":[]}"
20060516,2006-05-16,-0.00654649159648034,287.45157987809563,0.006299823436809218,"{""type"":""MultiPoint"",""coordinates"":[]}"
20060517,2006-05-17,-0.005483690435624474,286.66133683475624,0.009534810691391083,"{""type"":""MultiPoint"",""coordinates"":[]}"
20060518,2006-05-18,-0.00611104901168876,288.28547002262974,0.00855724612462035,"{""type"":""MultiPoint"",""coordinates"":[]}"
20060519,2006-05-19,-0.00819833638756236,286.21077237458417,0.007065810205312163,"{""type"":""MultiPoint"",""coordinates"":[]}"
20060520,2006-05-20,-0.006989662582891835,285.0994236353328,0.005892421862801969,"{""type"":""MultiPoint"",""coordinates"":[]}"
20060521,2006-05-21,-0.0053781862946716405,284.5879925160207,0.0018253472029057657,"{""type"":""MultiPoint"",""coordinates"":[]}"
20060522,2006-05-22,-0.009818120535313243,288.1676059770742,0.0015006048969279677,"{""type"":""MultiPoint"",""coordinates"":[]}"
20060523,2006-05-23,-0.005878676666059254,284.70250438114533,0.002434927716925828,"{""type"":""MultiPoint"",""coordinates"":[]}"
20060524,2006-05-24,-0.005087649282009279,283.1044646190694,0.0025407316615097,"{""type"":""MultiPoint"",""coordinates"":[]}"
20060525,2006-05-25,-0.00805401222386897,283.5766605807887,0.0015201632022048394,"{""type"":""MultiPoint"",""coordinates"":[]}"
20060526,2006-05-26,-0.004391275660869153,284.74591377134175,0.010924827267479575,"{""type"":""MultiPoint"",""coordinates"":[]}"
20060527,2006-05-27,-0.00558264054607649,286.7842483140912,0.011045360278476229,"{""type"":""MultiPoint"",""coordinates"":[]}"
20060528,2006-05-28,-0.005745389230722132,286.056590553749,0.01325512337931815,"{""type"":""MultiPoint"",""coordinates"":[]}"
20060529,2006-05-29,-0.003296879528712205,282.408537696685,0.0103701493895652,"{""type"":""MultiPoint"",""coordinates"":[]}"
20060530,2006-05-30,-0.0039195693057603705,279.153715621841,0.009675207170198276,"{""type"":""MultiPoint"",""coordinates"":[]}"
20060531,2006-05-31,-0.005461750805720866,278.94007520863994,0.00556962871824928,"{""type"":""MultiPoint"",""coordinates"":[]}"
20060601,2006-06-01,-0.004008581275225831,279.13194681695,0.008170958005037464,"{""type"":""MultiPoint"",""coordinates"":[]}"
20060602,2006-06-02,-0.005657741707058199,279.9772858109569,0.005992296964084025,"{""type"":""MultiPoint"",""coordinates"":[]}"
20060603,2006-06-03,-0.005015614419313168,281.7702994113083,0.008132324973963158,"{""type"":""MultiPoint"",""coordinates"":[]}"
20060604,2006-06-04,-0.004416160433382931,281.8517821501653,0.007013463931855902,"{""type"":""MultiPoint"",""coordinates"":[]}"
20060605,2006-06-05,-0.006169927616678841,281.720111762382,0.0028795264477058406,"{""type"":""MultiPoint"",""coordinates"":[]}"
20060606,2006-06-06,-0.005265166280363811,281.4218482337489,0.0038341126221728816,"{""type"":""MultiPoint"",""coordinates"":[]}"
20060607,2006-06-07,-0.0062256825991781825,282.1602164614739,0.002348947956411201,"{""type"":""MultiPoint"",""coordinates"":[]}"
20060608,2006-06-08,-0.008452949491952128,283.6556313807157,2.2168463616134757E-4,"{""type"":""MultiPoint"",""coordinates"":[]}"
20060609,2006-06-09,-0.008637370886595934,285.3615431927595,6.219379424370485E-4,"{""type"":""MultiPoint"",""coordinates"":[]}"
20060610,2006-06-10,-0.008384281820536537,285.98724766281407,0.002182794545138935,"{""type"":""MultiPoint"",""coordinates"":[]}"
20060611,2006-06-11,-0.010565481228937646,286.6390750419742,2.409890163821254E-5,"{""type"":""MultiPoint"",""coordinates"":[]}"
20060612,2006-06-12,-0.010969342331541107,289.1538528074981,3.0410301339766333E-5,"{""type"":""MultiPoint"",""coordinates"":[]}"
20060613,2006-06-13,-0.010326307458908302,290.3086741139216,4.60432582957017E-4,"{""type"":""MultiPoint"",""coordinates"":[]}"
20060614,2006-06-14,-0.010684770508750219,291.1732162708231,1.0736724693204263E-4,"{""type"":""MultiPoint"",""coordinates"":[]}"
20060615,2006-06-15,-0.01095437517192996,292.53275303953774,5.606876391101095E-5,"{""type"":""MultiPoint"",""coordinates"":[]}"
20060616,2006-06-16,-0.010128353735678391,293.10145604991857,0.0012513897845437246,"{""type"":""MultiPoint"",""coordinates"":[]}"
20060617,2006-06-17,-0.007817117039490425,291.5762263174567,0.004488436396608265,"{""type"":""MultiPoint"",""coordinates"":[]}"
20060618,2006-06-18,-0.008738659942816545,291.9636659582152,0.0012476422317926116,"{""type"":""MultiPoint"",""coordinates"":[]}"
20060619,2006-06-19,-0.008262660051234385,293.082528617974,0.003154526618154026,"{""type"":""MultiPoint"",""coordinates"":[]}"
20060620,2006-06-20,-0.009913457668431745,294.2429513427405,7.844937326463652E-4,"{""type"":""MultiPoint"",""coordinates"":[]}"
20060621,2006-06-21,-0.008239133376699341,294.223480734421,0.006990885518828745,"{""type"":""MultiPoint"",""coordinates"":[]}"
20060622,2006-06-22,-0.007259838368848389,292.2303571064721,0.008053873881144594,"{""type"":""MultiPoint"",""coordinates"":[]}"
20060623,2006-06-23,-0.0055346174832410075,290.55622717769035,0.002091713507353701,"{""type"":""MultiPoint"",""coordinates"":[]}"
20060624,2006-06-24,-0.009070614033171958,292.85309907584065,9.39674380326958E-4,"{""type"":""MultiPoint"",""coordinates"":[]}"
20060625,2006-06-25,-0.009831490179100346,294.6445218233814,0.0012751683288664663,"{""type"":""MultiPoint"",""coordinates"":[]}"
20060626,2006-06-26,-0.009108834409211342,294.17605737915585,0.00346794520014051,"{""type"":""MultiPoint"",""coordinates"":[]}"
20060627,2006-06-27,-0.007195190424590704,293.44542891157937,0.00517099960565038,"{""type"":""MultiPoint"",""coordinates"":[]}"
20060628,2006-06-28,-0.005882342629708251,291.9848615576323,0.008017832459456914,"{""type"":""MultiPoint"",""coordinates"":[]}"
20060629,2006-06-29,-0.0038240435249374365,290.201577058531,0.018227987820747384,"{""type"":""MultiPoint"",""coordinates"":[]}"
20060630,2006-06-30,-0.006300048377612296,289.149683673143,0.010782531627178253,"{""type"":""MultiPoint"",""coordinates"":[]}"
20060701,2006-07-01,-0.00749735297362765,288.96247266454316,0.002273613961765788,"{""type"":""MultiPoint"",""coordinates"":[]}"
20060702,2006-07-02,-0.010475859508231211,289.7824142127049,2.584488125525178E-4,"{""type"":""MultiPoint"",""coordinates"":[]}"
20060703,2006-07-03,-0.009868793324073045,291.0503917631216,6.950266244314182E-4,"{""type"":""MultiPoint"",""coordinates"":[]}"
20060704,2006-07-04,-0.00996687012223146,292.1860351015239,3.246769937564653E-4,"{""type"":""MultiPoint"",""coordinates"":[]}"
20060705,2006-07-05,-0.010817628148920577,293.1042418555805,0.0012796422074645326,"{""type"":""MultiPoint"",""coordinates"":[]}"
20060706,2006-07-06,-0.009433225756355395,292.8450586828711,0.004741827177951145,"{""type"":""MultiPoint"",""coordinates"":[]}"
20060707,2006-07-07,-0.005640936110798976,291.119052617315,0.00959203590003027,"{""type"":""MultiPoint"",""coordinates"":[]}"
20060708,2006-07-08,-0.005923212928414815,291.2546338730439,0.005468290244038377,"{""type"":""MultiPoint"",""coordinates"":[]}"
20060709,2006-07-09,-0.00834598445583823,292.48803069651063,0.0028598698599712914,"{""type"":""MultiPoint"",""coordinates"":[]}"
20060710,2006-07-10,-0.009243032160568513,293.4693118380187,4.2223965643041185E-4,"{""type"":""MultiPoint"",""coordinates"":[]}"
20060711,2006-07-11,-0.01015025672427347,294.8983812913485,1.679156785067825E-4,"{""type"":""MultiPoint"",""coordinates"":[]}"
20060712,2006-07-12,-0.008188213970053948,294.14981692990335,0.004559084418385765,"{""type"":""MultiPoint"",""coordinates"":[]}"
20060713,2006-07-13,-0.009116616369478768,294.0732874045898,0.0016087626666503989,"{""type"":""MultiPoint"",""coordinates"":[]}"
20060714,2006-07-14,-0.00809325367915144,292.8246877798484,0.005732934775920288,"{""type"":""MultiPoint"",""coordinates"":[]}"
20060715,2006-07-15,-0.01177795944473623,291.1405552450537,3.380885982811439E-4,"{""type"":""MultiPoint"",""coordinates"":[]}"
20060716,2006-07-16,-0.013048484193377547,289.9843017025286,1.8662351814956543E-5,"{""type"":""MultiPoint"",""coordinates"":[]}"
20060717,2006-07-17,-0.0127694469467496,290.6752288354394,3.954969331293274E-5,"{""type"":""MultiPoint"",""coordinates"":[]}"
20060718,2006-07-18,-0.012307176083368841,292.6976000800967,1.154611928155945E-5,"{""type"":""MultiPoint"",""coordinates"":[]}"
20060719,2006-07-19,-0.012214801779382077,294.86422533364413,2.246933730067191E-5,"{""type"":""MultiPoint"",""coordinates"":[]}"
20060720,2006-07-20,-0.01174447546320962,296.64934273111766,1.7452644645855057E-4,"{""type"":""MultiPoint"",""coordinates"":[]}"
20060721,2006-07-21,-0.010319586474864731,296.5593724277954,0.0021595829269165745,"{""type"":""MultiPoint"",""coordinates"":[]}"
20060722,2006-07-22,-0.011017822484404995,296.1315078531881,0.0013058411095860777,"{""type"":""MultiPoint"",""coordinates"":[]}"
20060723,2006-07-23,-0.00894906221707487,294.9984539315241,0.00362990049865196,"{""type"":""MultiPoint"",""coordinates"":[]}"
20060724,2006-07-24,-0.010059288989471952,295.03875406679447,0.0013953232032438612,"{""type"":""MultiPoint"",""coordinates"":[]}"
20060725,2006-07-25,-0.011923037494198242,295.884020012994,4.7082021656872963E-4,"{""type"":""MultiPoint"",""coordinates"":[]}"
20060726,2006-07-26,-0.011419912937754947,296.39225657742423,4.963704511598805E-4,"{""type"":""MultiPoint"",""coordinates"":[]}"
20060727,2006-07-27,-0.011400092562328113,296.5104067054834,0.0011121610184502034,"{""type"":""MultiPoint"",""coordinates"":[]}"
20060728,2006-07-28,-0.008636738005829231,295.19986675951657,0.004547595916484989,"{""type"":""MultiPoint"",""coordinates"":[]}"
20060729,2006-07-29,-0.004598151141149616,291.9860404233883,0.010488555008854247,"{""type"":""MultiPoint"",""coordinates"":[]}"
20060730,2006-07-30,-0.009454908869584595,293.4827666414162,7.174650571677303E-4,"{""type"":""MultiPoint"",""coordinates"":[]}"
20060731,2006-07-31,-0.008646450575357309,293.8699995325349,0.005400775417334248,"{""type"":""MultiPoint"",""coordinates"":[]}"
20060801,2006-08-01,-0.004744187567197557,291.0301918626308,0.008222810011116313,"{""type"":""MultiPoint"",""coordinates"":[]}"
20060802,2006-08-02,-0.009175284951870243,289.4049238743675,0.0020778442733169773,"{""type"":""MultiPoint"",""coordinates"":[]}"
20060803,2006-08-03,-0.0022509111453410053,286.5550580804726,0.022174886721054863,"{""type"":""MultiPoint"",""coordinates"":[]}"
20060804,2006-08-04,-0.003864319459547597,285.8589243692398,0.009032914046415742,"{""type"":""MultiPoint"",""coordinates"":[]}"
20060805,2006-08-05,-0.005428822429155065,286.68474439917134,0.0068267546548490465,"{""type"":""MultiPoint"",""coordinates"":[]}"
20060806,2006-08-06,-0.0031061262359735596,286.70076330170957,0.019366953115106604,"{""type"":""MultiPoint"",""coordinates"":[]}"
20060807,2006-08-07,-0.005068291507492858,288.0530627546329,0.02254540554110242,"{""type"":""MultiPoint"",""coordinates"":[]}"
20060808,2006-08-08,-0.005915316754351527,288.1286611699044,0.008783166810965517,"{""type"":""MultiPoint"",""coordinates"":[]}"
20060809,2006-08-09,-0.006186265378303555,287.66034568266053,0.0016712342483153765,"{""type"":""MultiPoint"",""coordinates"":[]}"
20060810,2006-08-10,-0.005763177736743224,286.9180968881823,0.0044213018372553335,"{""type"":""MultiPoint"",""coordinates"":[]}"
20060811,2006-08-11,-0.005945542251578879,285.56430758445475,0.0046683794723856534,"{""type"":""MultiPoint"",""coordinates"":[]}"
20060812,2006-08-12,-0.003260859162634232,284.2282898421954,0.006267044354631909,"{""type"":""MultiPoint"",""coordinates"":[]}"
20060813,2006-08-13,-0.006022045350883235,284.94864796079185,0.0032216062852324944,"{""type"":""MultiPoint"",""coordinates"":[]}"
20060814,2006-08-14,-0.005849893190434525,285.39053816829596,0.0038312772783832103,"{""type"":""MultiPoint"",""coordinates"":[]}"
20060815,2006-08-15,-0.007099463240351706,286.4950290663217,0.0016124434018200322,"{""type"":""MultiPoint"",""coordinates"":[]}"
20060816,2006-08-16,-0.006539595975908969,288.6894195687585,0.0015090526547642043,"{""type"":""MultiPoint"",""coordinates"":[]}"
20060817,2006-08-17,-0.008419440683415302,291.65628056821987,2.476182488233498E-4,"{""type"":""MultiPoint"",""coordinates"":[]}"
20060818,2006-08-18,-0.008480811263762043,291.44338608495667,0.002362871480031172,"{""type"":""MultiPoint"",""coordinates"":[]}"
20060819,2006-08-19,-0.007593533019167412,291.3855266371169,0.0029343585564222314,"{""type"":""MultiPoint"",""coordinates"":[]}"
20060820,2006-08-20,-0.0051406363231896015,289.32746240755125,0.006103921173440125,"{""type"":""MultiPoint"",""coordinates"":[]}"
20060821,2006-08-21,-0.007068518345725851,287.6888337495023,0.002271284214936596,"{""type"":""MultiPoint"",""coordinates"":[]}"
20060822,2006-08-22,-0.005389576273600896,286.6725405182319,0.006008163076408639,"{""type"":""MultiPoint"",""coordinates"":[]}"
20060823,2006-08-23,-0.006711315672397638,287.3588553105339,5.909271469638052E-4,"{""type"":""MultiPoint"",""coordinates"":[]}"
20060824,2006-08-24,-0.005827868527378189,287.9688798398522,0.005432386176046669,"{""type"":""MultiPoint"",""coordinates"":[]}"
20060825,2006-08-25,-0.006636069171117403,286.4818584101919,0.003296448490330499,"{""type"":""MultiPoint"",""coordinates"":[]}"
20060826,2006-08-26,-0.006927943288470856,286.58101300817356,0.002354326247420279,"{""type"":""MultiPoint"",""coordinates"":[]}"
20060827,2006-08-27,-0.0046706325300164,285.91543415612944,0.006838739654063061,"{""type"":""MultiPoint"",""coordinates"":[]}"
20060828,2006-08-28,-0.0044879640736402975,285.62669907760227,0.010993751802208865,"{""type"":""MultiPoint"",""coordinates"":[]}"
20060829,2006-08-29,-0.0070742887450793625,283.50995869504555,0.006213508677873189,"{""type"":""MultiPoint"",""coordinates"":[]}"
20060830,2006-08-30,-0.004503371753883597,282.49447418092115,0.00818789537950818,"{""type"":""MultiPoint"",""coordinates"":[]}"
20060831,2006-08-31,-0.006774479273873363,284.1936504649644,0.0020405412876077214,"{""type"":""MultiPoint"",""coordinates"":[]}"
20060901,2006-09-01,-0.0072570189999998065,286.67693207562877,1.0030999701769467E-5,"{""type"":""MultiPoint"",""coordinates"":[]}"
20060902,2006-09-02,-0.0075071242849000935,289.43287558772874,1.0448271650693883E-4,"{""type"":""MultiPoint"",""coordinates"":[]}"
20060903,2006-09-03,-0.005648369798413494,290.553074923403,9.205519826298251E-4,"{""type"":""MultiPoint"",""coordinates"":[]}"
20060904,2006-09-04,-0.009700916777786162,292.43034895686657,7.796109112438182E-4,"{""type"":""MultiPoint"",""coordinates"":[]}"
20060905,2006-09-05,-0.007872013652655958,290.4339442033948,0.0010251949633610048,"{""type"":""MultiPoint"",""coordinates"":[]}"
20060906,2006-09-06,-0.006728924275125133,290.4810181333813,1.5085389015739745E-4,"{""type"":""MultiPoint"",""coordinates"":[]}"
20060907,2006-09-07,-0.0069273288165613385,291.8974093902283,0.002146788970344121,"{""type"":""MultiPoint"",""coordinates"":[]}"
20060908,2006-09-08,-0.0073031824645567725,286.7976948048269,0.0037540711590178318,"{""type"":""MultiPoint"",""coordinates"":[]}"
20060909,2006-09-09,-0.008242048199014796,286.0860563643122,5.1663108978334635E-6,"{""type"":""MultiPoint"",""coordinates"":[]}"
20060910,2006-09-10,-0.008095614071675703,287.53437011993327,1.979097851484504E-5,"{""type"":""MultiPoint"",""coordinates"":[]}"
20060911,2006-09-11,-0.007477850935503216,288.6167918871265,1.6693676661646125E-4,"{""type"":""MultiPoint"",""coordinates"":[]}"
20060912,2006-09-12,-0.007490559724763897,288.7899962888712,2.746682488913258E-4,"{""type"":""MultiPoint"",""coordinates"":[]}"
20060913,2006-09-13,-0.00786182802759356,288.9588078883682,1.9571558109142385E-4,"{""type"":""MultiPoint"",""coordinates"":[]}"
20060914,2006-09-14,-0.00826326093561164,289.61380904705834,7.436283995624675E-5,"{""type"":""MultiPoint"",""coordinates"":[]}"
20060915,2006-09-15,-0.006260776202890883,289.71451284980424,0.001386912198909455,"{""type"":""MultiPoint"",""coordinates"":[]}"
20060916,2006-09-16,-0.005913050146496813,289.50260393276716,0.002217217901521852,"{""type"":""MultiPoint"",""coordinates"":[]}"
20060917,2006-09-17,-0.005710236180885866,288.7919444760307,0.0034402126504972847,"{""type"":""MultiPoint"",""coordinates"":[]}"
20060918,2006-09-18,-0.002347199760264047,287.55234729382903,0.008146850865740927,"{""type"":""MultiPoint"",""coordinates"":[]}"
20060919,2006-09-19,-0.002397005724806795,286.7772035673459,0.008490838237517515,"{""type"":""MultiPoint"",""coordinates"":[]}"
20060920,2006-09-20,-0.00526271752778708,287.2276935787234,4.67382963572498E-4,"{""type"":""MultiPoint"",""coordinates"":[]}"
20060921,2006-09-21,-0.0066194737690176185,287.61464077341475,1.8452820234786982E-6,"{""type"":""MultiPoint"",""coordinates"":[]}"
20060922,2006-09-22,-0.006473601509010683,288.1468956274567,4.162757439549952E-6,"{""type"":""MultiPoint"",""coordinates"":[]}"
20060923,2006-09-23,-0.007346778061276344,287.9384431568852,9.964128935062933E-6,"{""type"":""MultiPoint"",""coordinates"":[]}"
20060924,2006-09-24,-0.007000540759018441,288.5725587741166,7.698209020005565E-5,"{""type"":""MultiPoint"",""coordinates"":[]}"
20060925,2006-09-25,-0.005896813552220473,288.59228355773047,0.003162351559276732,"{""type"":""MultiPoint"",""coordinates"":[]}"
20060926,2006-09-26,-0.0027115716137642147,286.96697061035115,0.005276956263395157,"{""type"":""MultiPoint"",""coordinates"":[]}"
20060927,2006-09-27,-0.0026446010136913687,286.5160223216478,0.0038703205055176013,"{""type"":""MultiPoint"",""coordinates"":[]}"
20060928,2006-09-28,-0.004026183320982057,286.3825985624118,1.67274257606033E-4,"{""type"":""MultiPoint"",""coordinates"":[]}"
20060929,2006-09-29,-0.004122452252406284,286.94982150428046,4.986371985362046E-4,"{""type"":""MultiPoint"",""coordinates"":[]}"
20060930,2006-09-30,-0.003942608830501693,287.44491853181347,0.001087567247459683,"{""type"":""MultiPoint"",""coordinates"":[]}"
20061001,2006-10-01,-0.00361899980596028,287.7183152729011,0.003539813569358471,"{""type"":""MultiPoint"",""coordinates"":[]}"
20061002,2006-10-02,-0.004394047892166164,288.26812821204123,0.002088153504269558,"{""type"":""MultiPoint"",""coordinates"":[]}"
20061003,2006-10-03,-0.00442003414795975,288.59436586783204,0.009425019133486505,"{""type"":""MultiPoint"",""coordinates"":[]}"
20061004,2006-10-04,-0.004640263676033357,283.80715732599054,0.004828494706748214,"{""type"":""MultiPoint"",""coordinates"":[]}"
20061005,2006-10-05,-0.004133964835833343,282.26196034247045,0.0010682026322171977,"{""type"":""MultiPoint"",""coordinates"":[]}"
20061006,2006-10-06,-0.004948176553049882,282.8332709286076,4.884251926661858E-5,"{""type"":""MultiPoint"",""coordinates"":[]}"
20061007,2006-10-07,-0.002841231791783436,283.0507326807545,0.0029939187017734297,"{""type"":""MultiPoint"",""coordinates"":[]}"
20061008,2006-10-08,-0.004429686875916585,282.2103251855471,6.428611477761768E-5,"{""type"":""MultiPoint"",""coordinates"":[]}"
20061009,2006-10-09,-0.004797288969689042,283.33881900946903,2.4186655244491876E-6,"{""type"":""MultiPoint"",""coordinates"":[]}"
20061010,2006-10-10,-0.0047410635104154,284.0298454949579,4.727011770104991E-7,"{""type"":""MultiPoint"",""coordinates"":[]}"
20061011,2006-10-11,-0.004908173634993611,284.4340210243502,1.7260208452473705E-6,"{""type"":""MultiPoint"",""coordinates"":[]}"
20061012,2006-10-12,-0.0040239113468655855,284.90007213451236,1.043096368864441E-5,"{""type"":""MultiPoint"",""coordinates"":[]}"
20061013,2006-10-13,-0.0033112927356629468,284.91051602879605,2.469046322875533E-4,"{""type"":""MultiPoint"",""coordinates"":[]}"
20061014,2006-10-14,-0.004010065546529085,284.3658328289974,0.001256645982133781,"{""type"":""MultiPoint"",""coordinates"":[]}"
20061015,2006-10-15,-0.004521958830889461,282.31018700315235,1.339611743964729E-4,"{""type"":""MultiPoint"",""coordinates"":[]}"
20061016,2006-10-16,-0.004236787468023267,280.5209396141624,6.368773478664062E-5,"{""type"":""MultiPoint"",""coordinates"":[]}"
20061017,2006-10-17,-0.004077458880917483,279.5640928221265,6.106337596870706E-6,"{""type"":""MultiPoint"",""coordinates"":[]}"
20061018,2006-10-18,-0.003949929991863616,280.20559218204085,3.4346827472587153E-6,"{""type"":""MultiPoint"",""coordinates"":[]}"
20061019,2006-10-19,-0.003984899756452981,281.905985213853,1.5660352574868987E-4,"{""type"":""MultiPoint"",""coordinates"":[]}"
20061020,2006-10-20,-0.0032284600760179383,283.0961950008215,2.2386463472120013E-4,"{""type"":""MultiPoint"",""coordinates"":[]}"
20061021,2006-10-21,-0.0026903511602553464,283.5536330534257,4.610051107882523E-4,"{""type"":""MultiPoint"",""coordinates"":[]}"
20061022,2006-10-22,-0.003483776763105379,284.3578708468759,9.311228150476245E-5,"{""type"":""MultiPoint"",""coordinates"":[]}"
20061023,2006-10-23,-0.0033611051713307435,285.32988691401374,6.965816678856551E-4,"{""type"":""MultiPoint"",""coordinates"":[]}"
20061024,2006-10-24,-0.0030125308208932056,284.9320172235094,0.007947111530522927,"{""type"":""MultiPoint"",""coordinates"":[]}"
20061025,2006-10-25,-0.003558584346228127,283.48895277080834,1.3557277702850742E-5,"{""type"":""MultiPoint"",""coordinates"":[]}"
20061026,2006-10-26,-0.003201047807720684,285.36630742662203,8.238314132791893E-6,"{""type"":""MultiPoint"",""coordinates"":[]}"
20061027,2006-10-27,-0.0034110966366609602,286.5981972965056,3.3493201433585127E-4,"{""type"":""MultiPoint"",""coordinates"":[]}"
20061028,2006-10-28,-0.002716393917477431,285.36712533574575,0.0022498362254929506,"{""type"":""MultiPoint"",""coordinates"":[]}"
20061029,2006-10-29,-0.002977419364014881,284.1822718312303,0.009002446698775422,"{""type"":""MultiPoint"",""coordinates"":[]}"
20061030,2006-10-30,-0.002875016826680416,279.39404188742355,0.0017447247365558203,"{""type"":""MultiPoint"",""coordinates"":[]}"
20061031,2006-10-31,-0.003553852596622466,280.78770587634835,2.514631889357853E-4,"{""type"":""MultiPoint"",""coordinates"":[]}"
20061101,2006-11-01,-0.0043757248701516765,278.20745929835107,0.005370991152763088,"{""type"":""MultiPoint"",""coordinates"":[]}"
20061102,2006-11-02,-0.004535340241900595,271.44332256485416,0.0035117370306112553,"{""type"":""MultiPoint"",""coordinates"":[]}"
20061103,2006-11-03,-0.0021001132004784965,271.1252577318036,0.003921371391453484,"{""type"":""MultiPoint"",""coordinates"":[]}"
20061104,2006-11-04,-0.0019030076421279482,272.7111346286173,0.0017874488072627585,"{""type"":""MultiPoint"",""coordinates"":[]}"
20061105,2006-11-05,-0.0020849321840437076,276.1570795389439,0.005816332201431262,"{""type"":""MultiPoint"",""coordinates"":[]}"
20061106,2006-11-06,-0.0025821702513418162,277.89944905767607,0.0013370338270543563,"{""type"":""MultiPoint"",""coordinates"":[]}"
20061107,2006-11-07,-0.0024118152919169124,277.80177472783015,1.6223338020517034E-5,"{""type"":""MultiPoint"",""coordinates"":[]}"
20061108,2006-11-08,-0.0031234979303143098,279.3370405603899,5.573855607358057E-5,"{""type"":""MultiPoint"",""coordinates"":[]}"
20061109,2006-11-09,-0.0022360264108491944,280.36234448424324,0.006088789869258643,"{""type"":""MultiPoint"",""coordinates"":[]}"
20061110,2006-11-10,-0.0024851679856683438,275.86004702017027,0.0012927749279129596,"{""type"":""MultiPoint"",""coordinates"":[]}"
20061111,2006-11-11,-0.0021353011742204467,276.5560702926708,0.0033245604185433205,"{""type"":""MultiPoint"",""coordinates"":[]}"
20061112,2006-11-12,-0.002329270817789849,276.93486567204843,0.010897809779970983,"{""type"":""MultiPoint"",""coordinates"":[]}"
20061113,2006-11-13,-0.0026646299805876445,276.8954635249293,0.0039480980569821175,"{""type"":""MultiPoint"",""coordinates"":[]}"
20061114,2006-11-14,-0.0013181089759833843,281.3224008118449,0.003457935287116809,"{""type"":""MultiPoint"",""coordinates"":[]}"
20061115,2006-11-15,-0.0012050913605724425,280.8734448142923,1.0109151339562916E-4,"{""type"":""MultiPoint"",""coordinates"":[]}"
20061116,2006-11-16,-0.0013458817981940987,279.5638009845009,4.968683743408706E-5,"{""type"":""MultiPoint"",""coordinates"":[]}"
20061117,2006-11-17,-0.001049431745728823,280.02778379521504,1.6830692072179054E-4,"{""type"":""MultiPoint"",""coordinates"":[]}"
20061118,2006-11-18,-0.0011555914025329025,280.08754893244145,7.678530627222304E-4,"{""type"":""MultiPoint"",""coordinates"":[]}"
20061119,2006-11-19,-0.0011352998360592114,279.50523539350706,8.482997827940338E-4,"{""type"":""MultiPoint"",""coordinates"":[]}"
20061120,2006-11-20,-0.0011114854837262903,277.62915165046303,0.0032583047866950334,"{""type"":""MultiPoint"",""coordinates"":[]}"
20061121,2006-11-21,-0.001281864244134054,276.8456814412557,0.002720817415726182,"{""type"":""MultiPoint"",""coordinates"":[]}"
20061122,2006-11-22,-6.832830758050178E-4,275.8181321803913,0.006899249529215096,"{""type"":""MultiPoint"",""coordinates"":[]}"
20061123,2006-11-23,-0.0015669248411214359,275.8769285260241,1.0072014396169441E-4,"{""type"":""MultiPoint"",""coordinates"":[]}"
20061124,2006-11-24,-0.0015860890801781748,278.448339332674,3.34964196242026E-4,"{""type"":""MultiPoint"",""coordinates"":[]}"
20061125,2006-11-25,-0.0013340232141557634,279.9290458578763,1.0786425845319992E-4,"{""type"":""MultiPoint"",""coordinates"":[]}"
20061126,2006-11-26,-9.08970916876479E-4,279.6296178217969,8.338111290049155E-5,"{""type"":""MultiPoint"",""coordinates"":[]}"
20061127,2006-11-27,-8.718533949886145E-4,278.5188038776741,9.898147906647171E-5,"{""type"":""MultiPoint"",""coordinates"":[]}"
20061128,2006-11-28,-7.705500108121447E-4,277.7912853512103,1.7661684018179967E-4,"{""type"":""MultiPoint"",""coordinates"":[]}"
20061129,2006-11-29,-7.672926446909598E-4,277.99430325642055,6.234775387071926E-4,"{""type"":""MultiPoint"",""coordinates"":[]}"
20061130,2006-11-30,-0.00108564596158134,278.59397559739114,1.4710052090833E-4,"{""type"":""MultiPoint"",""coordinates"":[]}"
20061201,2006-12-01,-0.0012617245407160755,276.62767093140684,3.1564883121309294E-5,"{""type"":""MultiPoint"",""coordinates"":[]}"
20061202,2006-12-02,-0.0013473103787389705,275.30311520413005,4.430542115546197E-5,"{""type"":""MultiPoint"",""coordinates"":[]}"
20061203,2006-12-03,-0.0013119350644615138,275.646597198602,1.9428039435187759E-4,"{""type"":""MultiPoint"",""coordinates"":[]}"
20061204,2006-12-04,-0.0010355921479369003,277.3565463021848,0.005338638538477469,"{""type"":""MultiPoint"",""coordinates"":[]}"
20061205,2006-12-05,-0.001059674922328516,279.95861897384594,0.001079889768105757,"{""type"":""MultiPoint"",""coordinates"":[]}"
20061206,2006-12-06,-7.908028041774907E-4,278.42304448567177,0.0031608942279657956,"{""type"":""MultiPoint"",""coordinates"":[]}"
20061207,2006-12-07,-0.0010241603330699825,277.47067780687246,0.0015594894676456562,"{""type"":""MultiPoint"",""coordinates"":[]}"
20061208,2006-12-08,-0.0017258008335808838,279.0052036815519,9.929047311596178E-4,"{""type"":""MultiPoint"",""coordinates"":[]}"
20061209,2006-12-09,-7.262623696598059E-4,277.0492690876115,0.013309721608646513,"{""type"":""MultiPoint"",""coordinates"":[]}"
20061210,2006-12-10,-8.907291902470522E-4,274.2687593799614,0.0029175615704385223,"{""type"":""MultiPoint"",""coordinates"":[]}"
20061211,2006-12-11,-0.0010752056897870986,271.79660343096697,9.235374787360773E-5,"{""type"":""MultiPoint"",""coordinates"":[]}"
20061212,2006-12-12,-0.0013362897571592529,273.81256931260396,0.0017333804612232652,"{""type"":""MultiPoint"",""coordinates"":[]}"
20061213,2006-12-13,-0.0011226046314835978,274.3516941694824,4.4839171855000834E-5,"{""type"":""MultiPoint"",""coordinates"":[]}"
20061214,2006-12-14,-7.403833406729202E-4,274.20817666600885,3.3192460303378156E-6,"{""type"":""MultiPoint"",""coordinates"":[]}"
20061215,2006-12-15,-6.326259220862881E-4,273.1510572027203,8.010592662670311E-6,"{""type"":""MultiPoint"",""coordinates"":[]}"
20061216,2006-12-16,-9.215078724236956E-4,273.51547056568046,2.842120983533379E-4,"{""type"":""MultiPoint"",""coordinates"":[]}"
20061217,2006-12-17,-3.3676331424448445E-4,274.8440975522272,0.00223483919534845,"{""type"":""MultiPoint"",""coordinates"":[]}"
20061218,2006-12-18,-7.1371005121695E-4,272.66004723601225,0.0017807140490688994,"{""type"":""MultiPoint"",""coordinates"":[]}"
20061219,2006-12-19,-0.0013031774046290496,271.2039967140464,3.507245635293285E-4,"{""type"":""MultiPoint"",""coordinates"":[]}"
20061220,2006-12-20,-9.176466427768553E-4,271.4865750954579,4.999948415407716E-4,"{""type"":""MultiPoint"",""coordinates"":[]}"
20061221,2006-12-21,-6.343060716996321E-4,272.77243383798634,7.47644737290308E-4,"{""type"":""MultiPoint"",""coordinates"":[]}"
20061222,2006-12-22,-7.569588161027577E-4,272.30949558255435,6.802462746666405E-5,"{""type"":""MultiPoint"",""coordinates"":[]}"
20061223,2006-12-23,-7.54578909032589E-4,272.38449942004195,2.5089052417470754E-5,"{""type"":""MultiPoint"",""coordinates"":[]}"
20061224,2006-12-24,-6.79887704678841E-4,272.39008881029844,2.6981199426990348E-5,"{""type"":""MultiPoint"",""coordinates"":[]}"
20061225,2006-12-25,-7.421878795383686E-4,272.0885357762687,1.5176770446998013E-4,"{""type"":""MultiPoint"",""coordinates"":[]}"
20061226,2006-12-26,-9.179302758733506E-4,271.48268862991705,3.431762517187593E-5,"{""type"":""MultiPoint"",""coordinates"":[]}"
20061227,2006-12-27,-8.320949449061923E-4,270.58523381495445,5.032850545459614E-6,"{""type"":""MultiPoint"",""coordinates"":[]}"
20061228,2006-12-28,-0.001237158765046706,271.0148498263662,0.0017391431683439179,"{""type"":""MultiPoint"",""coordinates"":[]}"
20061229,2006-12-29,-6.358344763197349E-4,272.3714889555577,7.262697380434543E-4,"{""type"":""MultiPoint"",""coordinates"":[]}"
20061230,2006-12-30,-9.045364151511974E-4,271.77355755647864,1.8525198972719502E-4,"{""type"":""MultiPoint"",""coordinates"":[]}"
20061231,2006-12-31,-0.001476045018658529,275.7550009009681,9.893678663600016E-4,"{""type"":""MultiPoint"",""coordinates"":[]}"
20070101,2007-01-01,-0.0019638622811451252,276.76330936439365,0.007193449741028679,"{""type"":""MultiPoint"",""coordinates"":[]}"
20070102,2007-01-02,-8.56956227904784E-4,272.3653473543987,0.005019053773225058,"{""type"":""MultiPoint"",""coordinates"":[]}"
20070103,2007-01-03,-0.0010898978084121175,273.04636566432947,0.0031935289554206655,"{""type"":""MultiPoint"",""coordinates"":[]}"
20070104,2007-01-04,-0.0013698067463642862,275.3841208613483,0.0031027854160438693,"{""type"":""MultiPoint"",""coordinates"":[]}"
20070105,2007-01-05,-0.0015768968961363155,275.8193530697006,0.003662511372287083,"{""type"":""MultiPoint"",""coordinates"":[]}"
20070106,2007-01-06,-8.284659707357559E-4,276.8093688279042,0.001910919461956499,"{""type"":""MultiPoint"",""coordinates"":[]}"
20070107,2007-01-07,-0.0012498978567533708,277.25106811550785,0.002731709075074549,"{""type"":""MultiPoint"",""coordinates"":[]}"
20070108,2007-01-08,-0.0010060448996459183,275.6411669778981,9.993000381445139E-4,"{""type"":""MultiPoint"",""coordinates"":[]}"
20070109,2007-01-09,-8.665917775745282E-4,278.3410927446647,0.0035307901045737405,"{""type"":""MultiPoint"",""coordinates"":[]}"
20070110,2007-01-10,-9.764441477609756E-4,278.9341839356675,3.9146230032121036E-4,"{""type"":""MultiPoint"",""coordinates"":[]}"
20070111,2007-01-11,-0.0033695699401337757,279.10784731936087,0.002169947823919102,"{""type"":""MultiPoint"",""coordinates"":[]}"
20070112,2007-01-12,-0.004154961510509662,277.7337576062742,0.005045524342209229,"{""type"":""MultiPoint"",""coordinates"":[]}"
20070113,2007-01-13,-0.002984551080699834,279.1094760160062,2.4152620439649598E-4,"{""type"":""MultiPoint"",""coordinates"":[]}"
20070114,2007-01-14,-0.0016511232897454284,277.4751984093652,6.40610351861524E-4,"{""type"":""MultiPoint"",""coordinates"":[]}"
20070115,2007-01-15,-9.053781433827751E-4,273.4738372322628,4.3749046536212E-6,"{""type"":""MultiPoint"",""coordinates"":[]}"
20070116,2007-01-16,-0.001008350646508127,273.48019090651235,9.915862841470166E-6,"{""type"":""MultiPoint"",""coordinates"":[]}"
20070117,2007-01-17,-0.0014016248391810115,275.5633276874926,1.9798653722747416E-4,"{""type"":""MultiPoint"",""coordinates"":[]}"
20070118,2007-01-18,-0.004965847263863353,278.97483580216135,0.003471311880802138,"{""type"":""MultiPoint"",""coordinates"":[]}"
20070119,2007-01-19,-0.003472200965257607,280.0781306114114,0.020215086944652898,"{""type"":""MultiPoint"",""coordinates"":[]}"
20070120,2007-01-20,-0.00275844517805775,280.7546321442398,7.469236044721989E-4,"{""type"":""MultiPoint"",""coordinates"":[]}"
20070121,2007-01-21,-0.0034672167095007346,277.5347286093569,0.003282886768447635,"{""type"":""MultiPoint"",""coordinates"":[]}"
20070122,2007-01-22,-0.001256531997289164,274.34123711017975,0.001862995587263732,"{""type"":""MultiPoint"",""coordinates"":[]}"
20070123,2007-01-23,-0.0015035359883878653,271.5924931310405,0.010091858966362978,"{""type"":""MultiPoint"",""coordinates"":[]}"
20070124,2007-01-24,-0.0010919098873701418,268.09884813017356,0.009439822756051548,"{""type"":""MultiPoint"",""coordinates"":[]}"
20070125,2007-01-25,-9.97004232846429E-4,265.7104117089571,0.0011207133412512928,"{""type"":""MultiPoint"",""coordinates"":[]}"
20070126,2007-01-26,-8.199021944851674E-4,264.14770075550695,4.2965912420436775E-4,"{""type"":""MultiPoint"",""coordinates"":[]}"
20070127,2007-01-27,-0.00170243913658241,268.20099838683103,0.00522012943880926,"{""type"":""MultiPoint"",""coordinates"":[]}"
20070128,2007-01-28,-0.002352392442090464,271.95297654672635,0.00228060094429847,"{""type"":""MultiPoint"",""coordinates"":[]}"
20070129,2007-01-29,-0.0019284764286465741,273.5759144221022,0.004115363363771354,"{""type"":""MultiPoint"",""coordinates"":[]}"
20070130,2007-01-30,-0.0013138759985718588,273.60333052133626,5.509166470698835E-4,"{""type"":""MultiPoint"",""coordinates"":[]}"
20070131,2007-01-31,-0.001759231860182816,273.38612690305854,1.4718184708124076E-4,"{""type"":""MultiPoint"",""coordinates"":[]}"
20070201,2007-02-01,-0.001621949806222378,274.450578312387,0.0018589392407618618,"{""type"":""MultiPoint"",""coordinates"":[]}"
20070202,2007-02-02,-0.001274618011265441,274.60028015957005,2.3840469139465876E-4,"{""type"":""MultiPoint"",""coordinates"":[]}"
20070203,2007-02-03,-0.0020038669240332214,274.70083193661793,0.0030694243877061036,"{""type"":""MultiPoint"",""coordinates"":[]}"
20070204,2007-02-04,-0.0017003552868386444,273.6626959825887,4.8968772672856E-4,"{""type"":""MultiPoint"",""coordinates"":[]}"
20070205,2007-02-05,-0.002275602785893844,274.0363666751128,0.0016601851192714473,"{""type"":""MultiPoint"",""coordinates"":[]}"
20070206,2007-02-06,-8.062065370859546E-4,273.3554045644395,0.005564447924926688,"{""type"":""MultiPoint"",""coordinates"":[]}"
20070207,2007-02-07,-0.0015409540782967757,273.59140017348744,0.0015345816160108757,"{""type"":""MultiPoint"",""coordinates"":[]}"
20070208,2007-02-08,-0.001624735555833949,274.75998102686,0.002405052566167938,"{""type"":""MultiPoint"",""coordinates"":[]}"
20070209,2007-02-09,-0.002402075357137152,274.9104974455984,0.0023220243232553706,"{""type"":""MultiPoint"",""coordinates"":[]}"
20070210,2007-02-10,-0.0016347178342645745,274.22067182464684,7.159553400690132E-4,"{""type"":""MultiPoint"",""coordinates"":[]}"
20070211,2007-02-11,-0.0017542499788824925,275.3741173671575,0.0034402023507026235,"{""type"":""MultiPoint"",""coordinates"":[]}"
20070212,2007-02-12,-0.0015037442506964222,276.5923765540945,0.005265871929634513,"{""type"":""MultiPoint"",""coordinates"":[]}"
20070213,2007-02-13,-0.0027111857303602376,276.3928998904347,0.0042612827233358755,"{""type"":""MultiPoint"",""coordinates"":[]}"
20070214,2007-02-14,-0.002751347725234021,276.28872840206583,0.0014632315090208424,"{""type"":""MultiPoint"",""coordinates"":[]}"
20070215,2007-02-15,-0.0019387685447907728,276.1147144389619,0.005810327161749551,"{""type"":""MultiPoint"",""coordinates"":[]}"
20070216,2007-02-16,-0.0026370819432945903,274.5805073002031,9.631140247314553E-4,"{""type"":""MultiPoint"",""coordinates"":[]}"
20070217,2007-02-17,-0.003286581965364841,274.1822233854497,1.106929794741034E-5,"{""type"":""MultiPoint"",""coordinates"":[]}"
20070218,2007-02-18,-0.0029647765258699514,274.1876452737962,1.9301569991630037E-5,"{""type"":""MultiPoint"",""coordinates"":[]}"
20070219,2007-02-19,-0.0016367971258566274,274.44640564382416,3.1218949217501926E-4,"{""type"":""MultiPoint"",""coordinates"":[]}"
20070220,2007-02-20,-0.002477688194281613,275.4941236142099,2.4665427716895703E-5,"{""type"":""MultiPoint"",""coordinates"":[]}"
20070221,2007-02-21,-0.002901552394773225,275.9694350356769,1.841282196955108E-5,"{""type"":""MultiPoint"",""coordinates"":[]}"
20070222,2007-02-22,-0.002722943479668387,276.89597733745927,2.442819260952866E-4,"{""type"":""MultiPoint"",""coordinates"":[]}"
20070223,2007-02-23,-0.0028696479315240596,276.20104968294254,1.8396627427088238E-4,"{""type"":""MultiPoint"",""coordinates"":[]}"
20070224,2007-02-24,-0.0032586241487588498,276.23615335323524,9.329941354488285E-4,"{""type"":""MultiPoint"",""coordinates"":[]}"
20070225,2007-02-25,-0.002699610590331819,275.92496470873124,0.003971060708928411,"{""type"":""MultiPoint"",""coordinates"":[]}"
20070226,2007-02-26,-0.0018029361525786556,275.15101790462415,0.007453676760581295,"{""type"":""MultiPoint"",""coordinates"":[]}"
20070227,2007-02-27,-0.002806839056491953,275.0524181242579,0.0072248580435122275,"{""type"":""MultiPoint"",""coordinates"":[]}"
20070228,2007-02-28,-0.0031710830887456613,278.3278526068563,0.007869969011090458,"{""type"":""MultiPoint"",""coordinates"":[]}"
20070301,2007-03-01,-0.0031087632438097624,278.4353386885361,0.006444913644498324,"{""type"":""MultiPoint"",""coordinates"":[]}"
20070302,2007-03-02,-0.003946981464010342,276.8483556586753,0.00408437014589748,"{""type"":""MultiPoint"",""coordinates"":[]}"
20070303,2007-03-03,-0.003709985509262343,277.07617307563,0.007645037945819179,"{""type"":""MultiPoint"",""coordinates"":[]}"
20070304,2007-03-04,-0.004038444383325655,276.4764080011393,0.001175315759419702,"{""type"":""MultiPoint"",""coordinates"":[]}"
20070305,2007-03-05,-0.0033449170993188376,277.15280886309205,7.201892733298993E-4,"{""type"":""MultiPoint"",""coordinates"":[]}"
20070306,2007-03-06,-0.0036454672230802065,278.5731455189876,7.49814742345719E-5,"{""type"":""MultiPoint"",""coordinates"":[]}"
20070307,2007-03-07,-0.0035377767430800657,279.47085802109876,0.0020839307127485155,"{""type"":""MultiPoint"",""coordinates"":[]}"
20070308,2007-03-08,-0.0018915545442783025,277.91313272920956,0.00669886991705419,"{""type"":""MultiPoint"",""coordinates"":[]}"
20070309,2007-03-09,-0.003746019279456441,277.0466648408568,7.320603117600365E-4,"{""type"":""MultiPoint"",""coordinates"":[]}"
20070310,2007-03-10,-0.002866293147928678,275.6387112559278,0.0036773311802304576,"{""type"":""MultiPoint"",""coordinates"":[]}"
20070311,2007-03-11,-0.004185466590306166,275.4398286937068,6.873345377940172E-5,"{""type"":""MultiPoint"",""coordinates"":[]}"
20070312,2007-03-12,-0.005029396091438108,278.3846384535979,3.411145308450449E-8,"{""type"":""MultiPoint"",""coordinates"":[]}"
20070313,2007-03-13,-0.004905991542606412,279.6870775491855,2.1457663024193607E-6,"{""type"":""MultiPoint"",""coordinates"":[]}"
20070314,2007-03-14,-0.004609491063026231,279.42265922940277,3.9841313138475125E-5,"{""type"":""MultiPoint"",""coordinates"":[]}"
20070315,2007-03-15,-0.004692788874898631,278.8582843458117,5.880578209772417E-7,"{""type"":""MultiPoint"",""coordinates"":[]}"
20070316,2007-03-16,-0.004792422520648151,279.036069982929,4.555647982815112E-6,"{""type"":""MultiPoint"",""coordinates"":[]}"
20070317,2007-03-17,-0.004704773525216903,277.88905308980617,5.146458017846067E-4,"{""type"":""MultiPoint"",""coordinates"":[]}"
20070318,2007-03-18,-0.00692715002765353,280.06147343122336,0.0033126319175315563,"{""type"":""MultiPoint"",""coordinates"":[]}"
20070319,2007-03-19,-0.002254448891661831,274.1685532573837,0.009701562370850889,"{""type"":""MultiPoint"",""coordinates"":[]}"
20070320,2007-03-20,-0.001954889744933628,272.1587575930886,0.013423872820179157,"{""type"":""MultiPoint"",""coordinates"":[]}"
20070321,2007-03-21,-0.0027341530494501827,271.89923414116805,0.002725506251526904,"{""type"":""MultiPoint"",""coordinates"":[]}"
20070322,2007-03-22,-0.003901304566004836,271.8224688593435,0.0020714876457342945,"{""type"":""MultiPoint"",""coordinates"":[]}"
20070323,2007-03-23,-0.003247024043320698,273.0152660709761,0.0064998307847569485,"{""type"":""MultiPoint"",""coordinates"":[]}"
20070324,2007-03-24,-0.0022049460391238146,274.5660134325978,0.007232130288343726,"{""type"":""MultiPoint"",""coordinates"":[]}"
20070325,2007-03-25,-0.006051533974080696,277.17343910180495,2.5050314199464614E-4,"{""type"":""MultiPoint"",""coordinates"":[]}"
20070326,2007-03-26,-0.007358562662804561,278.45840292921173,6.174986027511112E-5,"{""type"":""MultiPoint"",""coordinates"":[]}"
20070327,2007-03-27,-0.00734710270621793,278.22449616461375,6.069617366618901E-5,"{""type"":""MultiPoint"",""coordinates"":[]}"
20070328,2007-03-28,-0.0058976557708617225,277.889444563845,5.689076219762922E-4,"{""type"":""MultiPoint"",""coordinates"":[]}"
20070329,2007-03-29,-0.004803598838731025,277.61501012873487,9.338458364674386E-4,"{""type"":""MultiPoint"",""coordinates"":[]}"
20070330,2007-03-30,-0.005792429549099944,278.3388604517154,4.7619061101091475E-4,"{""type"":""MultiPoint"",""coordinates"":[]}"
20070331,2007-03-31,-0.0044464298832983815,279.133688602705,0.001868226714688176,"{""type"":""MultiPoint"",""coordinates"":[]}"
20070401,2007-04-01,-0.006042565623924947,279.8258229604221,6.622063900964457E-4,"{""type"":""MultiPoint"",""coordinates"":[]}"
20070402,2007-04-02,-0.00600680544316706,280.4862037028323,7.694309274391767E-4,"{""type"":""MultiPoint"",""coordinates"":[]}"
20070403,2007-04-03,-0.0051262422204551685,279.4909410291814,0.003444269510755195,"{""type"":""MultiPoint"",""coordinates"":[]}"
20070404,2007-04-04,-0.0050039671085891505,277.0620214489907,0.0020639677125252223,"{""type"":""MultiPoint"",""coordinates"":[]}"
20070405,2007-04-05,-0.007061887243028748,277.87172192920036,7.753982102931032E-6,"{""type"":""MultiPoint"",""coordinates"":[]}"
20070406,2007-04-06,-0.007043949044679239,280.7628607132228,1.3994147351445312E-5,"{""type"":""MultiPoint"",""coordinates"":[]}"
20070407,2007-04-07,-0.006207506060331836,280.9383371641657,6.026315557480979E-4,"{""type"":""MultiPoint"",""coordinates"":[]}"
20070408,2007-04-08,-0.00561906809440405,279.8944915513969,3.8227187905472154E-4,"{""type"":""MultiPoint"",""coordinates"":[]}"
20070409,2007-04-09,-0.008210580244403123,281.2709001016141,2.4182067079219593E-5,"{""type"":""MultiPoint"",""coordinates"":[]}"
20070410,2007-04-10,-0.008316573518895897,282.31238866766824,3.93936501787814E-5,"{""type"":""MultiPoint"",""coordinates"":[]}"
20070411,2007-04-11,-0.007166728659345128,283.1105601747324,1.2031708256331537E-5,"{""type"":""MultiPoint"",""coordinates"":[]}"
20070412,2007-04-12,-0.008018239858606972,284.8138636156172,3.712757545700733E-5,"{""type"":""MultiPoint"",""coordinates"":[]}"
20070413,2007-04-13,-0.009273230876719548,286.34712765206143,2.442775352129755E-6,"{""type"":""MultiPoint"",""coordinates"":[]}"
20070414,2007-04-14,-0.010349460184541496,286.9628411490616,2.130078557031893E-6,"{""type"":""MultiPoint"",""coordinates"":[]}"
20070415,2007-04-15,-0.011327860497883356,286.3237957033867,1.961620799794459E-6,"{""type"":""MultiPoint"",""coordinates"":[]}"
20070416,2007-04-16,-0.010208410841708461,285.49836190243326,8.266207047437074E-5,"{""type"":""MultiPoint"",""coordinates"":[]}"
20070417,2007-04-17,-0.009341348453745317,285.96174306036454,2.1474900428752425E-5,"{""type"":""MultiPoint"",""coordinates"":[]}"
20070418,2007-04-18,-0.006293331065085512,282.0025066206833,0.0023590662790147526,"{""type"":""MultiPoint"",""coordinates"":[]}"
20070419,2007-04-19,-0.008115881861092454,281.640413430718,1.4287392718455963E-5,"{""type"":""MultiPoint"",""coordinates"":[]}"
20070420,2007-04-20,-0.009452498217247432,282.52532809090405,2.061793057796882E-6,"{""type"":""MultiPoint"",""coordinates"":[]}"
20070421,2007-04-21,-0.008710823995979099,281.89875067244566,2.2106972566179113E-5,"{""type"":""MultiPoint"",""coordinates"":[]}"
20070422,2007-04-22,-0.009571698962778971,283.58978164996097,1.460987096425392E-6,"{""type"":""MultiPoint"",""coordinates"":[]}"
20070423,2007-04-23,-0.009889595198230362,285.96507047455367,7.28897793760989E-5,"{""type"":""MultiPoint"",""coordinates"":[]}"
20070424,2007-04-24,-0.004623116908993443,285.49859816007046,0.0013531948175577702,"{""type"":""MultiPoint"",""coordinates"":[]}"
20070425,2007-04-25,-0.010339298054174259,286.16931457762587,7.169301292126819E-5,"{""type"":""MultiPoint"",""coordinates"":[]}"
20070426,2007-04-26,-0.011033538054468654,286.74794280092715,1.0033997595514469E-4,"{""type"":""MultiPoint"",""coordinates"":[]}"
20070427,2007-04-27,-0.010073384322936321,287.65031426485524,4.7719179335001754E-4,"{""type"":""MultiPoint"",""coordinates"":[]}"
20070428,2007-04-28,-0.00971375298972331,288.2283429382843,1.8072107402641605E-4,"{""type"":""MultiPoint"",""coordinates"":[]}"
20070429,2007-04-29,-0.010226137751036283,286.5074492500196,6.010219365724915E-4,"{""type"":""MultiPoint"",""coordinates"":[]}"
20070430,2007-04-30,-0.010848615342618195,283.5932196507174,5.563071247522991E-4,"{""type"":""MultiPoint"",""coordinates"":[]}"
20070501,2007-05-01,-0.01167643155270431,282.4325327688827,3.625006406384377E-4,"{""type"":""MultiPoint"",""coordinates"":[]}"
20070502,2007-05-02,-0.012496916847702532,282.6207597370408,3.188429862897953E-4,"{""type"":""MultiPoint"",""coordinates"":[]}"
20070503,2007-05-03,-0.008202718115972705,284.0087799587392,0.001970211744086247,"{""type"":""MultiPoint"",""coordinates"":[]}"
20070504,2007-05-04,-0.009286232465313574,285.570410368762,0.0018348312620332643,"{""type"":""MultiPoint"",""coordinates"":[]}"
20070505,2007-05-05,-0.005135605514558964,284.1832788237323,0.010511016733547962,"{""type"":""MultiPoint"",""coordinates"":[]}"
20070506,2007-05-06,-0.003243658677037893,283.63712039203955,0.007838371879218252,"{""type"":""MultiPoint"",""coordinates"":[]}"
20070507,2007-05-07,-0.008291048134634972,285.0527851135205,8.365585193902131E-4,"{""type"":""MultiPoint"",""coordinates"":[]}"
20070508,2007-05-08,-0.00796987778830108,284.9076841742257,0.013842541721691961,"{""type"":""MultiPoint"",""coordinates"":[]}"
20070509,2007-05-09,-0.0035860685133985563,283.27343786958465,0.01744589575425025,"{""type"":""MultiPoint"",""coordinates"":[]}"
20070510,2007-05-10,-0.011062424439524179,286.73226001440787,0.0017308636301215526,"{""type"":""MultiPoint"",""coordinates"":[]}"
20070511,2007-05-11,-0.011050688598407073,287.8075859711241,0.0023213997313743947,"{""type"":""MultiPoint"",""coordinates"":[]}"
20070512,2007-05-12,-0.0098157706795506,286.5547992449859,0.0018410717109108873,"{""type"":""MultiPoint"",""coordinates"":[]}"
20070513,2007-05-13,-0.01047814026480073,289.167310756518,1.777755535990086E-4,"{""type"":""MultiPoint"",""coordinates"":[]}"
20070514,2007-05-14,-0.01031354898198732,290.021149480129,0.003327232457660019,"{""type"":""MultiPoint"",""coordinates"":[]}"
20070515,2007-05-15,-0.004179759537970843,282.91465449267673,0.010932288041938852,"{""type"":""MultiPoint"",""coordinates"":[]}"
20070516,2007-05-16,-0.007908384446873324,282.26325105193,0.0026722188681805696,"{""type"":""MultiPoint"",""coordinates"":[]}"
20070517,2007-05-17,-0.003351851795697384,280.5163023301768,0.01242604980320234,"{""type"":""MultiPoint"",""coordinates"":[]}"
20070518,2007-05-18,-0.0074840285619195744,281.8573197613804,6.081228847253129E-4,"{""type"":""MultiPoint"",""coordinates"":[]}"
20070519,2007-05-19,-0.009662360978284072,285.78388237378743,5.512619830687834E-7,"{""type"":""MultiPoint"",""coordinates"":[]}"
20070520,2007-05-20,-0.010218100473943649,289.1895311430129,1.3883416994885225E-4,"{""type"":""MultiPoint"",""coordinates"":[]}"
20070521,2007-05-21,-0.009190061741672691,291.42106041142944,5.990171922757288E-4,"{""type"":""MultiPoint"",""coordinates"":[]}"
20070522,2007-05-22,-0.007184940710890241,291.0165578935455,0.006348652448141366,"{""type"":""MultiPoint"",""coordinates"":[]}"
20070523,2007-05-23,-0.007625569617279852,290.70326810254846,0.0033961090538876275,"{""type"":""MultiPoint"",""coordinates"":[]}"
20070524,2007-05-24,-0.009671055606358295,291.59005628751936,5.175707459054821E-4,"{""type"":""MultiPoint"",""coordinates"":[]}"
20070525,2007-05-25,-0.00903291028321013,292.48480901776696,0.0022595500963805376,"{""type"":""MultiPoint"",""coordinates"":[]}"
20070526,2007-05-26,-0.009460996107891459,292.27096795874655,0.0023525629092315285,"{""type"":""MultiPoint"",""coordinates"":[]}"
20070527,2007-05-27,-0.009754726123271596,290.6009176478094,0.003839586938425004,"{""type"":""MultiPoint"",""coordinates"":[]}"
20070528,2007-05-28,-0.007029045932828734,286.1677945531802,0.011000516036803123,"{""type"":""MultiPoint"",""coordinates"":[]}"
20070529,2007-05-29,-0.003922623084638742,280.9171607763096,0.02897826063532345,"{""type"":""MultiPoint"",""coordinates"":[]}"
20070530,2007-05-30,-0.006282360357337851,281.83075143850476,0.002370628482736569,"{""type"":""MultiPoint"",""coordinates"":[]}"
20070531,2007-05-31,-0.007952079859999866,284.91009826960834,5.171602735343711E-4,"{""type"":""MultiPoint"",""coordinates"":[]}"
20070601,2007-06-01,-0.005702434331033678,285.83311434584544,0.006532485744636204,"{""type"":""MultiPoint"",""coordinates"":[]}"
20070602,2007-06-02,-0.0036487688697105277,286.341258703706,0.006650925777321244,"{""type"":""MultiPoint"",""coordinates"":[]}"
20070603,2007-06-03,-0.006061426519876447,287.7470827299132,0.0033049166642830008,"{""type"":""MultiPoint"",""coordinates"":[]}"
20070604,2007-06-04,-0.006231920065550785,288.72935789635886,0.003260901930390927,"{""type"":""MultiPoint"",""coordinates"":[]}"
20070605,2007-06-05,-0.006660229414839748,289.12952367662984,0.003071946659440541,"{""type"":""MultiPoint"",""coordinates"":[]}"
20070606,2007-06-06,-0.007741314610632221,290.2225535019891,0.0019035867446786895,"{""type"":""MultiPoint"",""coordinates"":[]}"
20070607,2007-06-07,-0.010733281594113395,291.16617139291526,0.0015902798931610666,"{""type"":""MultiPoint"",""coordinates"":[]}"
20070608,2007-06-08,-0.008958350464060627,291.39492681481596,0.0022181615315439414,"{""type"":""MultiPoint"",""coordinates"":[]}"
20070609,2007-06-09,-0.008925962459884498,291.77802686175846,0.0014573668755345137,"{""type"":""MultiPoint"",""coordinates"":[]}"
20070610,2007-06-10,-0.008808307076986127,291.5705230840854,0.0027796291378810547,"{""type"":""MultiPoint"",""coordinates"":[]}"
20070611,2007-06-11,-0.006700578942577581,290.71994586021293,0.005075619176096567,"{""type"":""MultiPoint"",""coordinates"":[]}"
20070612,2007-06-12,-0.006184345641557023,290.3444775147277,0.0066945981366262316,"{""type"":""MultiPoint"",""coordinates"":[]}"
20070613,2007-06-13,-0.006970652572064104,290.5987947530434,0.003533301621654136,"{""type"":""MultiPoint"",""coordinates"":[]}"
20070614,2007-06-14,-0.008877868834247283,291.95565767328054,0.0029598942593647985,"{""type"":""MultiPoint"",""coordinates"":[]}"
20070615,2007-06-15,-0.008524850022392217,291.3760955673346,0.012851812872357198,"{""type"":""MultiPoint"",""coordinates"":[]}"
20070616,2007-06-16,-0.008845007745418987,288.7136549526433,0.002675475012375527,"{""type"":""MultiPoint"",""coordinates"":[]}"
20070617,2007-06-17,-0.009576581794270896,290.6613752174281,9.453284598443679E-4,"{""type"":""MultiPoint"",""coordinates"":[]}"
20070618,2007-06-18,-0.008992242613895926,291.1952364470379,0.0023869956479023674,"{""type"":""MultiPoint"",""coordinates"":[]}"
20070619,2007-06-19,-0.009666196253088516,292.5580182526147,5.607832025955252E-4,"{""type"":""MultiPoint"",""coordinates"":[]}"
20070620,2007-06-20,-0.010082628591597365,294.2233327164204,0.0013439620656231974,"{""type"":""MultiPoint"",""coordinates"":[]}"
20070621,2007-06-21,-0.006473018718912547,291.80461817963703,0.014552326418789506,"{""type"":""MultiPoint"",""coordinates"":[]}"
20070622,2007-06-22,-0.005599157421319687,288.7830964202068,0.009389294552005661,"{""type"":""MultiPoint"",""coordinates"":[]}"
20070623,2007-06-23,-0.009462722961626294,288.03849316494075,0.002515008751756859,"{""type"":""MultiPoint"",""coordinates"":[]}"
20070624,2007-06-24,-0.008621044215988825,290.09074651282873,6.837357651697757E-4,"{""type"":""MultiPoint"",""coordinates"":[]}"
20070625,2007-06-25,-0.009173688815758533,291.9526985796949,0.00971723587899415,"{""type"":""MultiPoint"",""coordinates"":[]}"
20070626,2007-06-26,-0.011180620592915651,286.3189529678663,0.006956781365858169,"{""type"":""MultiPoint"",""coordinates"":[]}"
20070627,2007-06-27,-0.008371394336899362,285.0739890300594,0.0037802961577674383,"{""type"":""MultiPoint"",""coordinates"":[]}"
20070628,2007-06-28,-0.009410522686583185,285.6009876390353,0.0016678609819913448,"{""type"":""MultiPoint"",""coordinates"":[]}"
20070629,2007-06-29,-0.00801512040855812,287.4260325287421,0.0015325299340400824,"{""type"":""MultiPoint"",""coordinates"":[]}"
20070630,2007-06-30,-0.00892066679990007,288.77996203961675,0.0012082573049602907,"{""type"":""MultiPoint"",""coordinates"":[]}"
20070701,2007-07-01,-0.009713563623080738,291.69677514050085,0.001430611190354594,"{""type"":""MultiPoint"",""coordinates"":[]}"
20070702,2007-07-02,-0.004468032177770843,289.14431536369386,0.012779959846727033,"{""type"":""MultiPoint"",""coordinates"":[]}"
20070703,2007-07-03,-0.008445379508863829,288.6913134658217,0.0064091600327488485,"{""type"":""MultiPoint"",""coordinates"":[]}"
20070704,2007-07-04,-0.0069004392729041415,285.6141628261726,0.009238425149355323,"{""type"":""MultiPoint"",""coordinates"":[]}"
20070705,2007-07-05,-0.007608981111540564,284.6073375462677,0.007947650704955313,"{""type"":""MultiPoint"",""coordinates"":[]}"
20070706,2007-07-06,-0.007640330115394248,286.59258491998514,0.001736246381017452,"{""type"":""MultiPoint"",""coordinates"":[]}"
20070707,2007-07-07,-0.011919005536203666,288.82194531443747,2.962720810111484E-4,"{""type"":""MultiPoint"",""coordinates"":[]}"
20070708,2007-07-08,-0.008759025934729029,290.38251678053626,0.0015515136515154894,"{""type"":""MultiPoint"",""coordinates"":[]}"
20070709,2007-07-09,-0.003310321398392011,287.7181401035358,0.015459317072856844,"{""type"":""MultiPoint"",""coordinates"":[]}"
20070710,2007-07-10,-0.00537964309857147,283.9540925114448,0.007499196525841647,"{""type"":""MultiPoint"",""coordinates"":[]}"
20070711,2007-07-11,-0.007058142737294312,284.6882156019488,0.003133426663818938,"{""type"":""MultiPoint"",""coordinates"":[]}"
20070712,2007-07-12,-0.006564993682730215,285.8506181434609,0.0031969267732568506,"{""type"":""MultiPoint"",""coordinates"":[]}"
20070713,2007-07-13,-0.008247141049121639,289.11667272360245,4.2992256889033285E-4,"{""type"":""MultiPoint"",""coordinates"":[]}"
20070714,2007-07-14,-0.010688864240920595,293.392972558734,3.820961903227073E-5,"{""type"":""MultiPoint"",""coordinates"":[]}"
20070715,2007-07-15,-0.012253431484759549,296.1797299880793,3.189297999561892E-5,"{""type"":""MultiPoint"",""coordinates"":[]}"
20070716,2007-07-16,-0.01296557601681701,297.09782609016304,1.0199523675407236E-5,"{""type"":""MultiPoint"",""coordinates"":[]}"
20070717,2007-07-17,-0.0119242800501095,296.230162509259,9.672162951429678E-5,"{""type"":""MultiPoint"",""coordinates"":[]}"
20070718,2007-07-18,-0.0089420989661707,295.019915151374,0.002682969986900721,"{""type"":""MultiPoint"",""coordinates"":[]}"
20070719,2007-07-19,-0.010725783819846632,295.6697367459419,0.001682546008873226,"{""type"":""MultiPoint"",""coordinates"":[]}"
20070720,2007-07-20,-0.011116301188895523,296.17747534134065,0.0038334440603257688,"{""type"":""MultiPoint"",""coordinates"":[]}"
20070721,2007-07-21,-0.009561962176256041,294.07794536374325,0.007165495155896042,"{""type"":""MultiPoint"",""coordinates"":[]}"
20070722,2007-07-22,-0.008444805530157144,290.4234827479093,0.004797167739740017,"{""type"":""MultiPoint"",""coordinates"":[]}"
20070723,2007-07-23,-0.011603793892191036,292.5652152730119,0.0030942177142644998,"{""type"":""MultiPoint"",""coordinates"":[]}"
20070724,2007-07-24,-0.00850336744327849,289.5100714782521,0.008236273782785913,"{""type"":""MultiPoint"",""coordinates"":[]}"
20070725,2007-07-25,-0.011270098885507337,288.97259519742477,4.791089517745703E-4,"{""type"":""MultiPoint"",""coordinates"":[]}"
20070726,2007-07-26,-0.009823720736900297,291.6264599743861,5.641986316062319E-5,"{""type"":""MultiPoint"",""coordinates"":[]}"
20070727,2007-07-27,-0.009734285454757945,292.2211048093845,0.0018276308492063348,"{""type"":""MultiPoint"",""coordinates"":[]}"
20070728,2007-07-28,-0.008222844374026254,291.3449452719692,0.0039026152648259454,"{""type"":""MultiPoint"",""coordinates"":[]}"
20070729,2007-07-29,-0.007923092855164649,290.1936495899921,0.007119839008947045,"{""type"":""MultiPoint"",""coordinates"":[]}"
20070730,2007-07-30,-0.009127794886294243,285.7499999531842,0.008746553067680933,"{""type"":""MultiPoint"",""coordinates"":[]}"
20070731,2007-07-31,-0.00873413082253147,285.53760203158055,2.3970369751199314E-4,"{""type"":""MultiPoint"",""coordinates"":[]}"
20070801,2007-08-01,-0.009800773417968775,287.5052360950658,4.02763332233533E-5,"{""type"":""MultiPoint"",""coordinates"":[]}"
20070802,2007-08-02,-0.008682478543383238,290.2458335399171,0.0061483015904053254,"{""type"":""MultiPoint"",""coordinates"":[]}"
20070803,2007-08-03,-0.005769218151669825,288.50400224078186,0.0051718659197074685,"{""type"":""MultiPoint"",""coordinates"":[]}"
20070804,2007-08-04,-0.008545176632999366,288.5444825556959,7.33198924846401E-4,"{""type"":""MultiPoint"",""coordinates"":[]}"
20070805,2007-08-05,-0.011343594474818334,289.7286021096456,1.0805964972180983E-6,"{""type"":""MultiPoint"",""coordinates"":[]}"
20070806,2007-08-06,-0.01048824484152518,292.167934644918,5.5446992592027564E-5,"{""type"":""MultiPoint"",""coordinates"":[]}"
20070807,2007-08-07,-0.007953331498383304,292.37495095136023,0.0054569457826117145,"{""type"":""MultiPoint"",""coordinates"":[]}"
20070808,2007-08-08,-0.004348428375213793,290.44615573580734,0.010609459104848118,"{""type"":""MultiPoint"",""coordinates"":[]}"
20070809,2007-08-09,-0.004198462785817456,288.7927174035355,0.007454311495650299,"{""type"":""MultiPoint"",""coordinates"":[]}"
20070810,2007-08-10,-0.004047301183645772,286.9594081362706,0.00716165085921751,"{""type"":""MultiPoint"",""coordinates"":[]}"
20070811,2007-08-11,-0.0026460419161469352,288.07719641478525,0.008267687329422964,"{""type"":""MultiPoint"",""coordinates"":[]}"
20070812,2007-08-12,-0.004757125342732275,289.48991526576907,0.003113264149789881,"{""type"":""MultiPoint"",""coordinates"":[]}"
20070813,2007-08-13,-0.007413246509713981,290.4189561050838,0.0015334831151656645,"{""type"":""MultiPoint"",""coordinates"":[]}"
20070814,2007-08-14,-0.007158635725624435,291.2985616465258,0.0011355745686951848,"{""type"":""MultiPoint"",""coordinates"":[]}"
20070815,2007-08-15,-0.008740025483049642,293.38291212572943,1.0711251432407713E-4,"{""type"":""MultiPoint"",""coordinates"":[]}"
20070816,2007-08-16,-0.00603991725823727,291.49423142838475,0.005466104784669463,"{""type"":""MultiPoint"",""coordinates"":[]}"
20070817,2007-08-17,-0.0037877385392253433,287.45324965845015,0.0049972267638624225,"{""type"":""MultiPoint"",""coordinates"":[]}"
20070818,2007-08-18,-0.006921204296078124,288.13398800322983,5.14627221829334E-4,"{""type"":""MultiPoint"",""coordinates"":[]}"
20070819,2007-08-19,-0.0064707406043751576,289.6306098844242,0.0047365073256873174,"{""type"":""MultiPoint"",""coordinates"":[]}"
20070820,2007-08-20,-0.003332652956608231,288.0973185274697,0.009784583049821837,"{""type"":""MultiPoint"",""coordinates"":[]}"
20070821,2007-08-21,-0.006932111442586836,288.5274012206708,0.0031264832885046106,"{""type"":""MultiPoint"",""coordinates"":[]}"
20070822,2007-08-22,-0.00671278249343586,289.4262645140404,0.002446028485990455,"{""type"":""MultiPoint"",""coordinates"":[]}"
20070823,2007-08-23,-0.007017441072460108,290.71128054337464,0.00320548858075365,"{""type"":""MultiPoint"",""coordinates"":[]}"
20070824,2007-08-24,-0.007374686280398855,291.02286613257655,2.4290991605574306E-4,"{""type"":""MultiPoint"",""coordinates"":[]}"
20070825,2007-08-25,-0.007599152220247008,291.7835682920264,7.549292730146304E-4,"{""type"":""MultiPoint"",""coordinates"":[]}"
20070826,2007-08-26,-0.008194325951666194,291.87505884414406,2.1110311634425641E-4,"{""type"":""MultiPoint"",""coordinates"":[]}"
20070827,2007-08-27,-0.008260219157486294,291.383108972345,5.346157754140417E-4,"{""type"":""MultiPoint"",""coordinates"":[]}"
20070828,2007-08-28,-0.005962032964410331,288.72016842377644,0.002342773407015204,"{""type"":""MultiPoint"",""coordinates"":[]}"
20070829,2007-08-29,-0.002994869707509572,287.1136882010677,0.010407825704245156,"{""type"":""MultiPoint"",""coordinates"":[]}"
20070830,2007-08-30,-0.0032984864560616604,286.0812792269102,0.007819487607533315,"{""type"":""MultiPoint"",""coordinates"":[]}"
20070831,2007-08-31,-0.005647591846622584,285.8869047121622,7.640871152527578E-4,"{""type"":""MultiPoint"",""coordinates"":[]}"
20070901,2007-09-01,-0.0043581727564710225,286.0495333739094,0.004192337061960348,"{""type"":""MultiPoint"",""coordinates"":[]}"
20070902,2007-09-02,-0.005565197427445237,286.753359706749,5.093891490176624E-4,"{""type"":""MultiPoint"",""coordinates"":[]}"
20070903,2007-09-03,-0.005614684568953444,286.06241813237705,0.009909335091621941,"{""type"":""MultiPoint"",""coordinates"":[]}"
20070904,2007-09-04,-0.004592860636759177,281.44700723280755,0.0076111818036300625,"{""type"":""MultiPoint"",""coordinates"":[]}"
20070905,2007-09-05,-0.004199864819090134,279.9108868403046,0.014346108007409961,"{""type"":""MultiPoint"",""coordinates"":[]}"
20070906,2007-09-06,-0.001999777321513227,280.53524013287347,0.032304971009530566,"{""type"":""MultiPoint"",""coordinates"":[]}"
20070907,2007-09-07,-0.003383815256159965,283.4023977360481,0.01262453332482697,"{""type"":""MultiPoint"",""coordinates"":[]}"
20070908,2007-09-08,-0.0028517047742755777,284.41420016559107,0.0030524474939343242,"{""type"":""MultiPoint"",""coordinates"":[]}"
20070909,2007-09-09,-0.00493511038372133,284.4107872428008,0.003009904585565344,"{""type"":""MultiPoint"",""coordinates"":[]}"
20070910,2007-09-10,-0.005965652343017159,284.1104441390307,0.006923351817721204,"{""type"":""MultiPoint"",""coordinates"":[]}"
20070911,2007-09-11,-0.0034342369481968754,282.4147009227565,0.00980652946218713,"{""type"":""MultiPoint"",""coordinates"":[]}"
20070912,2007-09-12,-0.004607389500514157,283.93033339404286,9.298883702701968E-4,"{""type"":""MultiPoint"",""coordinates"":[]}"
20070913,2007-09-13,-0.005500481392448192,284.6725773920407,4.4172869672264206E-5,"{""type"":""MultiPoint"",""coordinates"":[]}"
20070914,2007-09-14,-0.006218453402010122,285.8541511600055,4.214011876042198E-4,"{""type"":""MultiPoint"",""coordinates"":[]}"
20070915,2007-09-15,-0.004616332195906459,285.63946131372455,8.694942198029318E-4,"{""type"":""MultiPoint"",""coordinates"":[]}"
20070916,2007-09-16,-0.005529485350236139,286.0558047566879,9.300176127277379E-6,"{""type"":""MultiPoint"",""coordinates"":[]}"
20070917,2007-09-17,-0.005065751307821309,288.3962574257927,0.0011240570017715286,"{""type"":""MultiPoint"",""coordinates"":[]}"
20070918,2007-09-18,-0.002352351315400934,284.0631566279769,0.012346222949029125,"{""type"":""MultiPoint"",""coordinates"":[]}"
20070919,2007-09-19,-0.004986124334217819,280.8954761348438,5.900014485604492E-4,"{""type"":""MultiPoint"",""coordinates"":[]}"
20070920,2007-09-20,-0.005164859212374196,282.1194237420701,1.5507994572675802E-5,"{""type"":""MultiPoint"",""coordinates"":[]}"
20070921,2007-09-21,-0.005935292023865816,283.84940452051933,9.822379743772032E-7,"{""type"":""MultiPoint"",""coordinates"":[]}"
20070922,2007-09-22,-0.006002884361397649,285.4752474598505,2.1868447695596673E-6,"{""type"":""MultiPoint"",""coordinates"":[]}"
20070923,2007-09-23,-0.005678478707747312,286.34543879829573,1.4553568671217786E-5,"{""type"":""MultiPoint"",""coordinates"":[]}"
20070924,2007-09-24,-0.005740572498830253,286.6022949685115,1.8798346594183147E-4,"{""type"":""MultiPoint"",""coordinates"":[]}"
20070925,2007-09-25,-0.0024867690017115296,283.54705550835985,0.00789573360596599,"{""type"":""MultiPoint"",""coordinates"":[]}"
20070926,2007-09-26,-0.0018236961951049926,281.383628523425,0.007527709779437064,"{""type"":""MultiPoint"",""coordinates"":[]}"
20070927,2007-09-27,-0.0024554225550725618,282.50918104568,0.007288364972353964,"{""type"":""MultiPoint"",""coordinates"":[]}"
20070928,2007-09-28,-0.0028561283724069806,281.48239930501626,0.012358628527254483,"{""type"":""MultiPoint"",""coordinates"":[]}"
20070929,2007-09-29,-0.005500062066284811,283.0220906626075,6.627143947296204E-4,"{""type"":""MultiPoint"",""coordinates"":[]}"
20070930,2007-09-30,-0.0043474279613894525,284.10420462637234,2.7106683690735534E-5,"{""type"":""MultiPoint"",""coordinates"":[]}"
20071001,2007-10-01,-0.004909096354595502,285.3558335891546,1.4079202534287755E-6,"{""type"":""MultiPoint"",""coordinates"":[]}"
20071002,2007-10-02,-0.004033233561653187,286.56716727461554,0.0013100602782821383,"{""type"":""MultiPoint"",""coordinates"":[]}"
20071003,2007-10-03,-0.0037180747024160277,287.0286342564911,0.0016752022500795035,"{""type"":""MultiPoint"",""coordinates"":[]}"
20071004,2007-10-04,-0.0021506855241516633,286.78922613022513,0.002894114067874185,"{""type"":""MultiPoint"",""coordinates"":[]}"
20071005,2007-10-05,-0.0023377379777856245,286.04830953355764,0.003620957367170596,"{""type"":""MultiPoint"",""coordinates"":[]}"
20071006,2007-10-06,-0.003377852138752041,283.3407171457291,6.372652176194038E-4,"{""type"":""MultiPoint"",""coordinates"":[]}"
20071007,2007-10-07,-0.004217122994108879,282.371615772173,4.20258638106662E-5,"{""type"":""MultiPoint"",""coordinates"":[]}"
20071008,2007-10-08,-0.004198442271443078,282.01355563429354,5.003207469341612E-6,"{""type"":""MultiPoint"",""coordinates"":[]}"
20071009,2007-10-09,-0.0033041788919542917,282.04859464523,7.395814494159E-5,"{""type"":""MultiPoint"",""coordinates"":[]}"
20071010,2007-10-10,-0.0033423979913302856,281.8031359727201,1.0885400527113237E-4,"{""type"":""MultiPoint"",""coordinates"":[]}"
20071011,2007-10-11,-0.003745823524616082,281.365400647578,1.9584551506514523E-5,"{""type"":""MultiPoint"",""coordinates"":[]}"
20071012,2007-10-12,-0.003503428665406173,281.03342380916877,3.77423602762633E-4,"{""type"":""MultiPoint"",""coordinates"":[]}"
20071013,2007-10-13,-0.003380870637395935,280.7181843072181,0.0010525462274625608,"{""type"":""MultiPoint"",""coordinates"":[]}"
20071014,2007-10-14,-0.0051067569916082925,279.21145019081496,3.46485706288955E-6,"{""type"":""MultiPoint"",""coordinates"":[]}"
20071015,2007-10-15,-0.004283308508266456,280.60859227666697,1.4913347749259406E-6,"{""type"":""MultiPoint"",""coordinates"":[]}"
20071016,2007-10-16,-0.0038245327892325446,282.0324440722419,1.7661104877370662E-6,"{""type"":""MultiPoint"",""coordinates"":[]}"
20071017,2007-10-17,-0.0038073751440559343,282.45319459581845,2.538245335733411E-4,"{""type"":""MultiPoint"",""coordinates"":[]}"
20071018,2007-10-18,-0.0024209119844736094,279.48471514669353,0.006205925665456955,"{""type"":""MultiPoint"",""coordinates"":[]}"
20071019,2007-10-19,-0.002540771259553812,275.44897198555987,0.00541100048975353,"{""type"":""MultiPoint"",""coordinates"":[]}"
20071020,2007-10-20,-0.0023049419455545526,273.4702480093937,0.0051253173508458245,"{""type"":""MultiPoint"",""coordinates"":[]}"
20071021,2007-10-21,-0.001612025111617096,273.6503830304827,0.004804558542368322,"{""type"":""MultiPoint"",""coordinates"":[]}"
20071022,2007-10-22,-0.0022098031323268775,273.59197805935855,0.0019810868136899756,"{""type"":""MultiPoint"",""coordinates"":[]}"
20071023,2007-10-23,-0.0013130042074286927,274.4238650589781,0.010323473550301852,"{""type"":""MultiPoint"",""coordinates"":[]}"
20071024,2007-10-24,-0.0013060333555096693,276.11940877208474,0.0011904364469297545,"{""type"":""MultiPoint"",""coordinates"":[]}"
20071025,2007-10-25,-0.0015694081311523318,277.50825035334276,9.656389165734439E-4,"{""type"":""MultiPoint"",""coordinates"":[]}"
20071026,2007-10-26,-0.00162145294788683,278.34033947754347,3.581936746652988E-4,"{""type"":""MultiPoint"",""coordinates"":[]}"
20071027,2007-10-27,-0.00156479749408366,278.9531271179393,0.0017711064793235302,"{""type"":""MultiPoint"",""coordinates"":[]}"
20071028,2007-10-28,-0.0011189932175656643,278.8651383959996,0.0036845964015535916,"{""type"":""MultiPoint"",""coordinates"":[]}"
20071029,2007-10-29,-0.0021465406878345126,279.3587105439804,5.0228333712809286E-5,"{""type"":""MultiPoint"",""coordinates"":[]}"
20071030,2007-10-30,-9.207361063454819E-4,278.9219511059515,0.0024003041610542192,"{""type"":""MultiPoint"",""coordinates"":[]}"
20071031,2007-10-31,-0.0016895145766155722,277.95495902646155,8.263034386886824E-4,"{""type"":""MultiPoint"",""coordinates"":[]}"
20071101,2007-11-01,-0.0021967091153282372,276.82421787525993,1.1665742233764365E-5,"{""type"":""MultiPoint"",""coordinates"":[]}"
20071102,2007-11-02,-0.0018080758230630762,277.7445516184317,1.488490200390164E-4,"{""type"":""MultiPoint"",""coordinates"":[]}"
20071103,2007-11-03,-0.0012676221103036177,280.2660608022432,8.469740058920509E-4,"{""type"":""MultiPoint"",""coordinates"":[]}"
20071104,2007-11-04,-0.0017503777051367856,279.23017018780905,0.0027522005871649267,"{""type"":""MultiPoint"",""coordinates"":[]}"
20071105,2007-11-05,-0.0023094277073877514,276.082881946522,2.704098036237628E-4,"{""type"":""MultiPoint"",""coordinates"":[]}"
20071106,2007-11-06,-0.0013854466204149196,274.9320652682306,0.006475807537965136,"{""type"":""MultiPoint"",""coordinates"":[]}"
20071107,2007-11-07,-0.0018839979668254126,274.9203700760328,0.008930106041071606,"{""type"":""MultiPoint"",""coordinates"":[]}"
20071108,2007-11-08,-0.0015637807347977544,277.17808357197544,0.004523276846795267,"{""type"":""MultiPoint"",""coordinates"":[]}"
20071109,2007-11-09,-0.0023637527024619946,274.5955612017978,0.00921200300130973,"{""type"":""MultiPoint"",""coordinates"":[]}"
20071110,2007-11-10,-0.0018365886526068044,272.8943035139867,0.015044927024439294,"{""type"":""MultiPoint"",""coordinates"":[]}"
20071111,2007-11-11,-0.0012921987148222813,274.7438338675062,0.019618330999817482,"{""type"":""MultiPoint"",""coordinates"":[]}"
20071112,2007-11-12,-0.002249772233087336,272.5194889295828,0.0066769294629742786,"{""type"":""MultiPoint"",""coordinates"":[]}"
20071113,2007-11-13,-0.002057014285700598,272.14829853257737,0.004959889587748888,"{""type"":""MultiPoint"",""coordinates"":[]}"
20071114,2007-11-14,-7.630632382953749E-4,271.4791147599713,0.0070085220252483205,"{""type"":""MultiPoint"",""coordinates"":[]}"
20071115,2007-11-15,-0.001257217941089822,269.0874256033681,0.0038646850824312455,"{""type"":""MultiPoint"",""coordinates"":[]}"
20071116,2007-11-16,-9.287969966024786E-4,267.99856967853634,0.0014447416731836092,"{""type"":""MultiPoint"",""coordinates"":[]}"
20071117,2007-11-17,-5.082913138012887E-4,268.3557066434303,7.548269795878157E-4,"{""type"":""MultiPoint"",""coordinates"":[]}"
20071118,2007-11-18,-6.262999125920193E-4,269.6649965237671,8.385234407141982E-4,"{""type"":""MultiPoint"",""coordinates"":[]}"
20071119,2007-11-19,-5.833409155053324E-4,270.694875870526,3.984067994214618E-6,"{""type"":""MultiPoint"",""coordinates"":[]}"
20071120,2007-11-20,-6.856665890024201E-4,271.8690222068755,5.794616839032532E-5,"{""type"":""MultiPoint"",""coordinates"":[]}"
20071121,2007-11-21,-7.261967439485802E-4,273.04161384682897,2.2055279423653542E-4,"{""type"":""MultiPoint"",""coordinates"":[]}"
20071122,2007-11-22,-5.142493051756894E-4,274.3924498303803,2.570664438338681E-4,"{""type"":""MultiPoint"",""coordinates"":[]}"
20071123,2007-11-23,-4.580365875811188E-4,276.3692334071396,0.001631541908417828,"{""type"":""MultiPoint"",""coordinates"":[]}"
20071124,2007-11-24,-2.6832133139280997E-4,275.8887466059387,0.004745826885020904,"{""type"":""MultiPoint"",""coordinates"":[]}"
20071125,2007-11-25,-9.170704100327968E-4,274.83737013862566,0.005772584426903082,"{""type"":""MultiPoint"",""coordinates"":[]}"
20071126,2007-11-26,-0.0021321710706634373,272.2074054453021,0.007012481105264714,"{""type"":""MultiPoint"",""coordinates"":[]}"
20071127,2007-11-27,-0.0017468309809718547,271.1985031866391,0.002197037962966049,"{""type"":""MultiPoint"",""coordinates"":[]}"
20071128,2007-11-28,-7.758624057123708E-4,269.85104826236716,4.127864402880274E-5,"{""type"":""MultiPoint"",""coordinates"":[]}"
20071129,2007-11-29,-7.884268800319706E-4,270.5875113343571,2.65098268132102E-5,"{""type"":""MultiPoint"",""coordinates"":[]}"
20071130,2007-11-30,-5.502225872363415E-4,273.34527361662106,0.0027359180544273146,"{""type"":""MultiPoint"",""coordinates"":[]}"
20071201,2007-12-01,-5.039944491840299E-4,276.09830950676195,0.0016530418451619934,"{""type"":""MultiPoint"",""coordinates"":[]}"
20071202,2007-12-02,-0.001894116088362387,277.04418562010954,0.0020822572908466438,"{""type"":""MultiPoint"",""coordinates"":[]}"
20071203,2007-12-03,-0.0022665494892809453,276.0768313901286,0.007595878935311331,"{""type"":""MultiPoint"",""coordinates"":[]}"
20071204,2007-12-04,-0.0012507738003602834,273.49556645922104,0.005788484733655472,"{""type"":""MultiPoint"",""coordinates"":[]}"
20071205,2007-12-05,-5.026447311764488E-4,274.8404014675105,0.0013720797786167074,"{""type"":""MultiPoint"",""coordinates"":[]}"
20071206,2007-12-06,-0.001044483422140001,276.7156243471503,0.0023701760807854455,"{""type"":""MultiPoint"",""coordinates"":[]}"
20071207,2007-12-07,-0.0013876584452368766,278.0825982578969,0.007204428109991533,"{""type"":""MultiPoint"",""coordinates"":[]}"
20071208,2007-12-08,-9.925489711351937E-4,274.51345011543367,0.003556824443201089,"{""type"":""MultiPoint"",""coordinates"":[]}"
20071209,2007-12-09,-9.396215522210844E-4,273.9067975352216,0.0036445373669254716,"{""type"":""MultiPoint"",""coordinates"":[]}"
20071210,2007-12-10,-6.533509071285015E-4,273.7683929555426,0.002490836927703797,"{""type"":""MultiPoint"",""coordinates"":[]}"
20071211,2007-12-11,-4.2606372786713144E-4,273.79793979263127,0.008515673302389613,"{""type"":""MultiPoint"",""coordinates"":[]}"
20071212,2007-12-12,-5.641284909535111E-4,273.3689570477325,0.009269219556214786,"{""type"":""MultiPoint"",""coordinates"":[]}"
20071213,2007-12-13,-0.0012489744503817607,272.39685492156855,0.0017494338379375747,"{""type"":""MultiPoint"",""coordinates"":[]}"
20071214,2007-12-14,-0.0014755322289713127,269.61302137575325,0.0016039202877295758,"{""type"":""MultiPoint"",""coordinates"":[]}"
20071215,2007-12-15,-0.0014338850533459778,268.2908035952342,7.355682937857584E-4,"{""type"":""MultiPoint"",""coordinates"":[]}"
20071216,2007-12-16,-0.0012259934682493394,268.2088834966603,3.3124714002412577E-4,"{""type"":""MultiPoint"",""coordinates"":[]}"
20071217,2007-12-17,-0.0014111929433935613,267.5106973037595,7.997984807348687E-5,"{""type"":""MultiPoint"",""coordinates"":[]}"
20071218,2007-12-18,-8.326608970156558E-4,267.2969167769144,5.846293476651562E-5,"{""type"":""MultiPoint"",""coordinates"":[]}"
20071219,2007-12-19,-4.250714976897694E-4,268.0913638185946,9.916729294883235E-6,"{""type"":""MultiPoint"",""coordinates"":[]}"
20071220,2007-12-20,-3.8727171246632944E-4,267.9887691440337,6.61314882068207E-6,"{""type"":""MultiPoint"",""coordinates"":[]}"
20071221,2007-12-21,-3.8459295720642394E-4,268.01624012444404,1.4172042125339932E-5,"{""type"":""MultiPoint"",""coordinates"":[]}"
20071222,2007-12-22,-4.3743027146146273E-4,267.81794167421265,3.331414346049548E-5,"{""type"":""MultiPoint"",""coordinates"":[]}"
20071223,2007-12-23,-4.339549537741909E-4,267.5381561317425,1.9078199146987613E-5,"{""type"":""MultiPoint"",""coordinates"":[]}"
20071224,2007-12-24,-4.1021000784327165E-4,267.85642002732726,2.022256459446607E-4,"{""type"":""MultiPoint"",""coordinates"":[]}"
20071225,2007-12-25,-4.0284696221332475E-4,267.6676519636155,7.002073322312836E-5,"{""type"":""MultiPoint"",""coordinates"":[]}"
20071226,2007-12-26,-3.868485236658904E-4,268.08609831951867,8.833581130848177E-5,"{""type"":""MultiPoint"",""coordinates"":[]}"
20071227,2007-12-27,-3.1660030647404953E-4,268.85948516113024,2.3350816983593094E-5,"{""type"":""MultiPoint"",""coordinates"":[]}"
20071228,2007-12-28,-3.2625239274956076E-4,268.1858190422978,2.609959185553403E-5,"{""type"":""MultiPoint"",""coordinates"":[]}"
20071229,2007-12-29,-7.457970095593721E-4,268.4434136439877,2.7979571023484706E-4,"{""type"":""MultiPoint"",""coordinates"":[]}"
20071230,2007-12-30,-3.072362097272818E-4,270.2149989742119,0.002292811683306745,"{""type"":""MultiPoint"",""coordinates"":[]}"
20071231,2007-12-31,-3.594112308738349E-4,270.52091101067094,0.0030548668637207558,"{""type"":""MultiPoint"",""coordinates"":[]}"
20080101,2008-01-01,-6.065391473966764E-4,268.9066667203947,7.114945926822413E-4,"{""type"":""MultiPoint"",""coordinates"":[]}"
20080102,2008-01-02,-8.12201498511066E-4,266.6884964387407,1.1918568269146777E-4,"{""type"":""MultiPoint"",""coordinates"":[]}"
20080103,2008-01-03,-0.0011822897992314852,267.61750840828773,1.3414457156350862E-4,"{""type"":""MultiPoint"",""coordinates"":[]}"
20080104,2008-01-04,-0.0010019042680347674,268.8467654300581,9.045423230393585E-5,"{""type"":""MultiPoint"",""coordinates"":[]}"
20080105,2008-01-05,-8.457031184800896E-4,270.12110355709916,0.001417435626098615,"{""type"":""MultiPoint"",""coordinates"":[]}"
20080106,2008-01-06,-3.5982215672901945E-4,272.5281868358955,0.006437544694689061,"{""type"":""MultiPoint"",""coordinates"":[]}"
20080107,2008-01-07,-3.7391247012777634E-4,273.4561289521307,0.00594357036075379,"{""type"":""MultiPoint"",""coordinates"":[]}"
20080108,2008-01-08,-8.371895541546505E-4,272.2586815314077,7.700094308773406E-5,"{""type"":""MultiPoint"",""coordinates"":[]}"
20080109,2008-01-09,-5.464176848612018E-4,271.7758005373635,5.364518027030123E-4,"{""type"":""MultiPoint"",""coordinates"":[]}"
20080110,2008-01-10,-4.35692267157391E-4,273.4694692773464,2.841574948463518E-4,"{""type"":""MultiPoint"",""coordinates"":[]}"
20080111,2008-01-11,-7.890991388620411E-4,272.56378423998245,3.903233869418184E-4,"{""type"":""MultiPoint"",""coordinates"":[]}"
20080112,2008-01-12,-3.0430408828686163E-4,274.0816695106817,0.00289255068915237,"{""type"":""MultiPoint"",""coordinates"":[]}"
20080113,2008-01-13,-4.616174415024664E-4,273.2658116442491,5.815399976490422E-4,"{""type"":""MultiPoint"",""coordinates"":[]}"
20080114,2008-01-14,-4.8260724759628784E-4,272.899832875068,9.7387015273353E-5,"{""type"":""MultiPoint"",""coordinates"":[]}"
20080115,2008-01-15,-7.647269213700187E-4,273.1607593428801,1.9053449074951502E-4,"{""type"":""MultiPoint"",""coordinates"":[]}"
20080116,2008-01-16,-5.341712882357475E-4,274.2943155416956,0.001539950508757864,"{""type"":""MultiPoint"",""coordinates"":[]}"
20080117,2008-01-17,-5.456372591417093E-4,274.10048835385055,0.0021827759531575287,"{""type"":""MultiPoint"",""coordinates"":[]}"
20080118,2008-01-18,-0.0012350987856111668,275.607744976811,0.004763680147198437,"{""type"":""MultiPoint"",""coordinates"":[]}"
20080119,2008-01-19,-0.0019571003186570563,278.8745978438114,0.002845827613258167,"{""type"":""MultiPoint"",""coordinates"":[]}"
20080120,2008-01-20,-0.002346864096920033,278.7271392726952,4.316224750159516E-4,"{""type"":""MultiPoint"",""coordinates"":[]}"
20080121,2008-01-21,-0.0024652304542987034,277.3942612331748,3.0446031933441886E-5,"{""type"":""MultiPoint"",""coordinates"":[]}"
20080122,2008-01-22,-0.002049129137265354,274.92789119568,0.007759645802367922,"{""type"":""MultiPoint"",""coordinates"":[]}"
20080123,2008-01-23,-0.0018757578231627199,271.5899370953243,2.8814027130876825E-4,"{""type"":""MultiPoint"",""coordinates"":[]}"
20080124,2008-01-24,-0.0012951372682090446,274.0711095544492,3.277375036493775E-5,"{""type"":""MultiPoint"",""coordinates"":[]}"
20080125,2008-01-25,-0.0013425975799007004,273.8410936204991,0.0014737083945523422,"{""type"":""MultiPoint"",""coordinates"":[]}"
20080126,2008-01-26,-0.002909047120889221,274.05169681436837,1.6480428844493484E-5,"{""type"":""MultiPoint"",""coordinates"":[]}"
20080127,2008-01-27,-0.005697509547910285,276.19704667035785,0.005528123152330009,"{""type"":""MultiPoint"",""coordinates"":[]}"
20080128,2008-01-28,-0.0014703631523897713,275.41361090842923,0.0013677974179753906,"{""type"":""MultiPoint"",""coordinates"":[]}"
20080129,2008-01-29,-0.0010244713682640919,274.89652711286277,2.6907744940335285E-4,"{""type"":""MultiPoint"",""coordinates"":[]}"
20080130,2008-01-30,-0.001056745432751705,273.79520484397557,0.001489172531256971,"{""type"":""MultiPoint"",""coordinates"":[]}"
20080131,2008-01-31,-0.001583874143179684,273.0712354689444,0.0013184831063400024,"{""type"":""MultiPoint"",""coordinates"":[]}"
20080201,2008-02-01,-0.002018345579416058,274.2872446130714,0.0016279033234848754,"{""type"":""MultiPoint"",""coordinates"":[]}"
20080202,2008-02-02,-0.0015884640144842885,272.8931799939593,0.003490311230191599,"{""type"":""MultiPoint"",""coordinates"":[]}"
20080203,2008-02-03,-0.0017812776475212252,271.45073861187524,2.4762410580389157E-5,"{""type"":""MultiPoint"",""coordinates"":[]}"
20080204,2008-02-04,-0.0013719422743214903,274.39698372693067,0.001834421154409571,"{""type"":""MultiPoint"",""coordinates"":[]}"
20080205,2008-02-05,-0.0018260375239673916,275.23930076061885,0.0016291059718885196,"{""type"":""MultiPoint"",""coordinates"":[]}"
20080206,2008-02-06,-0.0023393984155000765,276.76754363295544,0.006082941880509372,"{""type"":""MultiPoint"",""coordinates"":[]}"
20080207,2008-02-07,-0.0024528178760286593,273.90691579511264,0.0027237241015690547,"{""type"":""MultiPoint"",""coordinates"":[]}"
20080208,2008-02-08,-0.0023032503913982955,272.39381727715585,3.47503378466624E-5,"{""type"":""MultiPoint"",""coordinates"":[]}"
20080209,2008-02-09,-0.0022500878626689706,272.68610644873223,9.070345268408505E-7,"{""type"":""MultiPoint"",""coordinates"":[]}"
20080210,2008-02-10,-0.0018809945092974028,272.239603120705,1.6297614887008125E-6,"{""type"":""MultiPoint"",""coordinates"":[]}"
20080211,2008-02-11,-0.002079630891286641,272.13998021906815,5.743025565895724E-7,"{""type"":""MultiPoint"",""coordinates"":[]}"
20080212,2008-02-12,-0.0020785642863097057,272.1692335504246,4.732701316466597E-6,"{""type"":""MultiPoint"",""coordinates"":[]}"
20080213,2008-02-13,-0.002020781977602654,271.56908658288893,7.446789324869667E-6,"{""type"":""MultiPoint"",""coordinates"":[]}"
20080214,2008-02-14,-0.0020870896071523287,271.7904845629343,6.138514101867097E-5,"{""type"":""MultiPoint"",""coordinates"":[]}"
20080215,2008-02-15,-0.00235696542778185,270.69546701420614,6.111406087185229E-4,"{""type"":""MultiPoint"",""coordinates"":[]}"
20080216,2008-02-16,-0.0035959332440395364,268.0471172613084,1.449999082376468E-4,"{""type"":""MultiPoint"",""coordinates"":[]}"
20080217,2008-02-17,-0.0031409052797848344,269.12883368101126,1.824906384274278E-6,"{""type"":""MultiPoint"",""coordinates"":[]}"
20080218,2008-02-18,-0.003937079750231165,272.3654649023284,8.816997347348448E-5,"{""type"":""MultiPoint"",""coordinates"":[]}"
20080219,2008-02-19,-0.002413663364683036,274.343188315091,7.70038392627543E-5,"{""type"":""MultiPoint"",""coordinates"":[]}"
20080220,2008-02-20,-0.002630820822963941,274.3904552715253,3.2409850428826906E-4,"{""type"":""MultiPoint"",""coordinates"":[]}"
20080221,2008-02-21,-8.205166063166938E-4,276.01616540081176,0.00191106151715083,"{""type"":""MultiPoint"",""coordinates"":[]}"
20080222,2008-02-22,-0.002885947826964542,278.8053449131173,6.997663813938755E-4,"{""type"":""MultiPoint"",""coordinates"":[]}"
20080223,2008-02-23,-0.003506227281350869,278.9452742001756,4.917286080028787E-4,"{""type"":""MultiPoint"",""coordinates"":[]}"
20080224,2008-02-24,-0.0029198159979875547,279.21764859966754,1.2904550704446553E-6,"{""type"":""MultiPoint"",""coordinates"":[]}"
20080225,2008-02-25,-0.0030547659531089343,278.94481273242803,2.411158335429872E-5,"{""type"":""MultiPoint"",""coordinates"":[]}"
20080226,2008-02-26,-0.0036667735758004394,279.1673227130066,5.573143721227278E-4,"{""type"":""MultiPoint"",""coordinates"":[]}"
20080227,2008-02-27,-0.0032604652590212595,278.37026382297057,0.003331171228967531,"{""type"":""MultiPoint"",""coordinates"":[]}"
20080228,2008-02-28,-0.0032787832337902944,276.8672967164784,7.00529438747601E-5,"{""type"":""MultiPoint"",""coordinates"":[]}"
20080229,2008-02-29,-0.001501722144610929,278.00120158223916,0.007754929627215733,"{""type"":""MultiPoint"",""coordinates"":[]}"
20080301,2008-03-01,-0.005278223346440517,278.7768291836705,0.01606504001567311,"{""type"":""MultiPoint"",""coordinates"":[]}"
20080302,2008-03-02,-0.004004696852697416,278.50480074195457,0.006826734607858166,"{""type"":""MultiPoint"",""coordinates"":[]}"
20080303,2008-03-03,-0.003461772766460705,279.05600872266814,0.005978957570702811,"{""type"":""MultiPoint"",""coordinates"":[]}"
20080304,2008-03-04,-0.0030395013203069715,273.64589330377913,0.002455820469184813,"{""type"":""MultiPoint"",""coordinates"":[]}"
20080305,2008-03-05,-0.004243576079660123,271.0253264359637,0.0019869424509728183,"{""type"":""MultiPoint"",""coordinates"":[]}"
20080306,2008-03-06,-0.003357781594928193,270.1381546781136,2.9256902222687006E-6,"{""type"":""MultiPoint"",""coordinates"":[]}"
20080307,2008-03-07,-0.002718361442536754,273.0760999587658,2.6820308094719107E-4,"{""type"":""MultiPoint"",""coordinates"":[]}"
20080308,2008-03-08,-0.0021564145807286567,274.7117609312986,9.274554803176065E-4,"{""type"":""MultiPoint"",""coordinates"":[]}"
20080309,2008-03-09,-0.0034184192549680963,276.0501733631569,5.2922490616388206E-5,"{""type"":""MultiPoint"",""coordinates"":[]}"
20080310,2008-03-10,-0.004902455603649891,277.6400324527344,4.509138859905288E-4,"{""type"":""MultiPoint"",""coordinates"":[]}"
20080311,2008-03-11,-0.0045503392583771595,277.31107724745675,0.0035050766457455267,"{""type"":""MultiPoint"",""coordinates"":[]}"
20080312,2008-03-12,-0.004537788886487669,278.5459379033935,0.012157023124953736,"{""type"":""MultiPoint"",""coordinates"":[]}"
20080313,2008-03-13,-0.005515305673235959,275.7975792265836,0.003264702403886126,"{""type"":""MultiPoint"",""coordinates"":[]}"
20080314,2008-03-14,-0.0013223014252602217,277.08945545066103,0.01177686098371933,"{""type"":""MultiPoint"",""coordinates"":[]}"
20080315,2008-03-15,-0.00394856178891442,278.9734701311413,0.0010903731163749895,"{""type"":""MultiPoint"",""coordinates"":[]}"
20080316,2008-03-16,-0.0020893456372363933,278.47463628207004,0.0057919090256807765,"{""type"":""MultiPoint"",""coordinates"":[]}"
20080317,2008-03-17,-0.0027365534293354032,276.48983434513434,0.005889719814854057,"{""type"":""MultiPoint"",""coordinates"":[]}"
20080318,2008-03-18,-0.005599275007450625,273.1082082408595,0.0015479259060382428,"{""type"":""MultiPoint"",""coordinates"":[]}"
20080319,2008-03-19,-0.004263124958271861,272.29462017230657,0.001762252726659586,"{""type"":""MultiPoint"",""coordinates"":[]}"
20080320,2008-03-20,-0.003779219244509505,271.6878414421067,0.0024675319770952877,"{""type"":""MultiPoint"",""coordinates"":[]}"
20080321,2008-03-21,-0.00284657883296489,273.1931649138895,0.009518492284570523,"{""type"":""MultiPoint"",""coordinates"":[]}"
20080322,2008-03-22,-0.004462978004506372,273.3393550090134,0.0014222417965934376,"{""type"":""MultiPoint"",""coordinates"":[]}"
20080323,2008-03-23,-0.002875374965319694,272.4084073039719,0.0034128181754431845,"{""type"":""MultiPoint"",""coordinates"":[]}"
20080324,2008-03-24,-0.0037426949154124724,270.79532760328874,0.0028010112220725374,"{""type"":""MultiPoint"",""coordinates"":[]}"
20080325,2008-03-25,-0.0035160239038942325,269.97588280268053,0.00468913034312492,"{""type"":""MultiPoint"",""coordinates"":[]}"
20080326,2008-03-26,-0.004277671469118491,272.1161570461822,0.002619190956893008,"{""type"":""MultiPoint"",""coordinates"":[]}"
20080327,2008-03-27,-0.0027481869719940973,274.44744493711096,0.0017510305661674994,"{""type"":""MultiPoint"",""coordinates"":[]}"
20080328,2008-03-28,-0.0034475326836322633,276.41265225759116,9.990892613971087E-4,"{""type"":""MultiPoint"",""coordinates"":[]}"
20080329,2008-03-29,-0.00600168393409791,277.72345914425125,0.0015027621537771106,"{""type"":""MultiPoint"",""coordinates"":[]}"
20080330,2008-03-30,-0.006634416920710591,279.130802626659,2.8334286671830012E-6,"{""type"":""MultiPoint"",""coordinates"":[]}"
20080331,2008-03-31,-0.005131552955602076,280.0217024466577,8.020005897855063E-4,"{""type"":""MultiPoint"",""coordinates"":[]}"
20080401,2008-04-01,-0.0037085895937766706,279.96928622616593,0.00193819368447417,"{""type"":""MultiPoint"",""coordinates"":[]}"
20080402,2008-04-02,-0.0032003336669314372,278.0206554040764,0.010172572623020824,"{""type"":""MultiPoint"",""coordinates"":[]}"
20080403,2008-04-03,-0.0026686974687229748,276.0205889151781,0.007337253377340245,"{""type"":""MultiPoint"",""coordinates"":[]}"
20080404,2008-04-04,-0.003909784340465539,276.64893344498597,0.002010541602732047,"{""type"":""MultiPoint"",""coordinates"":[]}"
20080405,2008-04-05,-0.004623930367764804,276.4921589277213,0.0013239800766513125,"{""type"":""MultiPoint"",""coordinates"":[]}"
20080406,2008-04-06,-0.003517032348622463,276.2508868191949,0.00471810164852965,"{""type"":""MultiPoint"",""coordinates"":[]}"
20080407,2008-04-07,-0.005348603599322674,274.17195615163786,0.005848748184088673,"{""type"":""MultiPoint"",""coordinates"":[]}"
20080408,2008-04-08,-0.005166994139108816,275.58244115367245,5.5393944899402445E-5,"{""type"":""MultiPoint"",""coordinates"":[]}"
20080409,2008-04-09,-0.005404321623806046,280.18862289435503,8.771362480479875E-4,"{""type"":""MultiPoint"",""coordinates"":[]}"
20080410,2008-04-10,-0.004508997832470057,282.145222967639,0.0020038026239342054,"{""type"":""MultiPoint"",""coordinates"":[]}"
20080411,2008-04-11,-0.00525979703405863,283.3056148414196,0.005476485613371926,"{""type"":""MultiPoint"",""coordinates"":[]}"
20080412,2008-04-12,-0.005073293539983997,278.8113346643297,0.003104168892077368,"{""type"":""MultiPoint"",""coordinates"":[]}"
20080413,2008-04-13,-0.006224733108022487,279.5594974292765,5.37148904569501E-4,"{""type"":""MultiPoint"",""coordinates"":[]}"
20080414,2008-04-14,-0.006287841537118893,279.613469627365,0.0032834964172184663,"{""type"":""MultiPoint"",""coordinates"":[]}"
20080415,2008-04-15,-0.003174393167074982,277.6120322334361,0.007039291660849736,"{""type"":""MultiPoint"",""coordinates"":[]}"
20080416,2008-04-16,-0.00387844468285537,276.404903132973,0.00462810993007297,"{""type"":""MultiPoint"",""coordinates"":[]}"
20080417,2008-04-17,-0.0052624336443297115,277.33120275853014,0.0011917652684156877,"{""type"":""MultiPoint"",""coordinates"":[]}"
20080418,2008-04-18,-0.005340579411361374,280.02100503117947,9.740477597532961E-4,"{""type"":""MultiPoint"",""coordinates"":[]}"
20080419,2008-04-19,-0.004162253382748301,280.6433218763717,0.005603399265136264,"{""type"":""MultiPoint"",""coordinates"":[]}"
20080420,2008-04-20,-0.006534862835285975,281.57758694845114,2.5122358145328295E-4,"{""type"":""MultiPoint"",""coordinates"":[]}"
20080421,2008-04-21,-0.005108376042223465,282.45545919265453,0.009092142176241201,"{""type"":""MultiPoint"",""coordinates"":[]}"
20080422,2008-04-22,-0.00259739378665584,280.39686073532283,0.01634636489964702,"{""type"":""MultiPoint"",""coordinates"":[]}"
20080423,2008-04-23,-0.004140207477802014,280.27712857636726,0.004760980648044217,"{""type"":""MultiPoint"",""coordinates"":[]}"
20080424,2008-04-24,-0.005675417435317394,280.7111554143206,0.002327721275179529,"{""type"":""MultiPoint"",""coordinates"":[]}"
20080425,2008-04-25,-0.004212979092278507,280.0130895407994,0.007259651772457528,"{""type"":""MultiPoint"",""coordinates"":[]}"
20080426,2008-04-26,-0.005827568162883019,280.75185539147463,0.0013390819175618904,"{""type"":""MultiPoint"",""coordinates"":[]}"
20080427,2008-04-27,-0.00833375697988136,282.52347359230424,2.50590775839176E-5,"{""type"":""MultiPoint"",""coordinates"":[]}"
20080428,2008-04-28,-0.007396057799141535,284.24783619680534,0.0022765720819645087,"{""type"":""MultiPoint"",""coordinates"":[]}"
20080429,2008-04-29,-0.003236137030489024,281.31218812055357,0.009618549749300324,"{""type"":""MultiPoint"",""coordinates"":[]}"
20080430,2008-04-30,-0.006707580764451945,282.1937157374103,0.002301118998170982,"{""type"":""MultiPoint"",""coordinates"":[]}"
20080501,2008-05-01,-0.005155196852211199,281.47417430563723,0.002408554593010782,"{""type"":""MultiPoint"",""coordinates"":[]}"
20080502,2008-05-02,-0.007677503430192215,282.3062071762243,0.0011676673408505566,"{""type"":""MultiPoint"",""coordinates"":[]}"
20080503,2008-05-03,-0.00650478610795891,282.5788196229589,0.0012014991389385304,"{""type"":""MultiPoint"",""coordinates"":[]}"
20080504,2008-05-04,-0.007742070914151372,282.6713658254658,7.489987105917219E-4,"{""type"":""MultiPoint"",""coordinates"":[]}"
20080505,2008-05-05,-0.006085927932058671,282.22289231540515,0.002675883276682399,"{""type"":""MultiPoint"",""coordinates"":[]}"
20080506,2008-05-06,-0.007348339337496195,283.3910384469872,0.0018382059612625434,"{""type"":""MultiPoint"",""coordinates"":[]}"
20080507,2008-05-07,-0.008950461741211965,283.3084641916379,3.6735095249726055E-5,"{""type"":""MultiPoint"",""coordinates"":[]}"
20080508,2008-05-08,-0.009070869887959609,284.4281205234083,8.168487111278485E-5,"{""type"":""MultiPoint"",""coordinates"":[]}"
20080509,2008-05-09,-0.00997058128715484,285.40383701849674,1.2593475077832668E-4,"{""type"":""MultiPoint"",""coordinates"":[]}"
20080510,2008-05-10,-0.010316835976489407,285.20123462038134,5.099724481338876E-4,"{""type"":""MultiPoint"",""coordinates"":[]}"
20080511,2008-05-11,-0.009918847647770327,285.2908438911807,6.766135165873915E-4,"{""type"":""MultiPoint"",""coordinates"":[]}"
20080512,2008-05-12,-0.010090648908762852,286.0761333907708,1.7945474278031757E-4,"{""type"":""MultiPoint"",""coordinates"":[]}"
20080513,2008-05-13,-0.010096071138344924,286.90498806266345,2.8896344727742543E-4,"{""type"":""MultiPoint"",""coordinates"":[]}"
20080514,2008-05-14,-0.008704150684207598,286.8762594816993,7.382926735906093E-4,"{""type"":""MultiPoint"",""coordinates"":[]}"
20080515,2008-05-15,-0.008716647152007085,287.60256499962975,0.0015620657180764577,"{""type"":""MultiPoint"",""coordinates"":[]}"
20080516,2008-05-16,-0.006537650882599733,287.1447041471844,0.003196322055710137,"{""type"":""MultiPoint"",""coordinates"":[]}"
20080517,2008-05-17,-0.005746230234381018,287.5174269008731,0.0057012246301636075,"{""type"":""MultiPoint"",""coordinates"":[]}"
20080518,2008-05-18,-0.00222193570598643,284.71850608191363,0.018881009534636527,"{""type"":""MultiPoint"",""coordinates"":[]}"
20080519,2008-05-19,-0.00358462877764282,283.0470182352214,0.006284458122536611,"{""type"":""MultiPoint"",""coordinates"":[]}"
20080520,2008-05-20,-0.0035783570342497483,280.8730784196453,0.007904744963945663,"{""type"":""MultiPoint"",""coordinates"":[]}"
20080521,2008-05-21,-0.0026635151494176276,281.35063186000696,0.0035780741354362487,"{""type"":""MultiPoint"",""coordinates"":[]}"
20080522,2008-05-22,-0.003499960022549259,282.9512624227216,0.0016668055849540352,"{""type"":""MultiPoint"",""coordinates"":[]}"
20080523,2008-05-23,-0.004824039574799534,284.2336432331038,0.0017034901771781558,"{""type"":""MultiPoint"",""coordinates"":[]}"
20080524,2008-05-24,-0.007540361875610068,286.0410243213802,8.882478661854091E-4,"{""type"":""MultiPoint"",""coordinates"":[]}"
20080525,2008-05-25,-0.0066781808187800305,287.1601473981543,0.0013559784654034036,"{""type"":""MultiPoint"",""coordinates"":[]}"
20080526,2008-05-26,-0.005971490340427406,288.78825223915084,2.3194723022991584E-4,"{""type"":""MultiPoint"",""coordinates"":[]}"
20080527,2008-05-27,-0.01042205258845165,292.16428165774727,3.5101062527678966E-5,"{""type"":""MultiPoint"",""coordinates"":[]}"
20080528,2008-05-28,-0.00966203188577639,292.80483218554457,2.0827614770858153E-4,"{""type"":""MultiPoint"",""coordinates"":[]}"
20080529,2008-05-29,-0.010803720210040382,292.48197541518067,6.216387045100542E-4,"{""type"":""MultiPoint"",""coordinates"":[]}"
20080530,2008-05-30,-0.010546935556162033,292.0021169292039,0.002543575245779826,"{""type"":""MultiPoint"",""coordinates"":[]}"
20080531,2008-05-31,-0.00789800095033979,290.827521396463,0.002471575998352907,"{""type"":""MultiPoint"",""coordinates"":[]}"
20080601,2008-06-01,-0.00798302564945528,290.88483186873594,0.002060844998297166,"{""type"":""MultiPoint"",""coordinates"":[]}"
20080602,2008-06-02,-0.009607158172136681,291.4935258976025,0.003191623274946954,"{""type"":""MultiPoint"",""coordinates"":[]}"
20080603,2008-06-03,-0.005332605421579775,289.1982492327407,0.007811027879386162,"{""type"":""MultiPoint"",""coordinates"":[]}"
20080604,2008-06-04,-0.00398442364923883,288.46093522969346,0.013305470177542935,"{""type"":""MultiPoint"",""coordinates"":[]}"
20080605,2008-06-05,-0.004064965688242037,287.7175706046237,0.0091741916944906,"{""type"":""MultiPoint"",""coordinates"":[]}"
20080606,2008-06-06,-0.005424128609304807,287.69223081578957,0.006046703735297681,"{""type"":""MultiPoint"",""coordinates"":[]}"
20080607,2008-06-07,-0.004451220471093802,287.2436658545057,0.009784650120675427,"{""type"":""MultiPoint"",""coordinates"":[]}"
20080608,2008-06-08,-0.005318224329703009,287.5344243728812,0.005214320134550892,"{""type"":""MultiPoint"",""coordinates"":[]}"
20080609,2008-06-09,-0.006956295485521526,288.772665110599,0.0020083705060501603,"{""type"":""MultiPoint"",""coordinates"":[]}"
20080610,2008-06-10,-0.007797514274087137,290.20276320011817,0.001601628203323658,"{""type"":""MultiPoint"",""coordinates"":[]}"
20080611,2008-06-11,-0.0052080244451718945,288.4526562742852,0.01136030622955886,"{""type"":""MultiPoint"",""coordinates"":[]}"
20080612,2008-06-12,-0.006366647323267443,286.44760117289417,0.002755683850425156,"{""type"":""MultiPoint"",""coordinates"":[]}"
20080613,2008-06-13,-0.006215037570462511,283.40014621067974,0.003424184098410318,"{""type"":""MultiPoint"",""coordinates"":[]}"
20080614,2008-06-14,-0.006943454201252606,283.4543317067757,7.741381718724096E-4,"{""type"":""MultiPoint"",""coordinates"":[]}"
20080615,2008-06-15,-0.007350973652146639,284.3447094029852,0.0018131479045227928,"{""type"":""MultiPoint"",""coordinates"":[]}"
20080616,2008-06-16,-0.005931977623174766,285.2831108893688,0.003092544448124582,"{""type"":""MultiPoint"",""coordinates"":[]}"
20080617,2008-06-17,-0.00350348574870118,285.93785513417737,0.005209585235010056,"{""type"":""MultiPoint"",""coordinates"":[]}"
20080618,2008-06-18,-0.0061656753895455,287.7427336109589,0.0019234210398045824,"{""type"":""MultiPoint"",""coordinates"":[]}"
20080619,2008-06-19,-0.008900262874009236,289.6587625847771,2.590190594452729E-4,"{""type"":""MultiPoint"",""coordinates"":[]}"
20080620,2008-06-20,-0.009088537481308922,290.39386601062944,8.673303919761357E-4,"{""type"":""MultiPoint"",""coordinates"":[]}"
20080621,2008-06-21,-0.009248305602808309,291.6511857161627,3.265851496486944E-4,"{""type"":""MultiPoint"",""coordinates"":[]}"
20080622,2008-06-22,-0.010674070096281664,294.2587808861725,2.857343676728543E-4,"{""type"":""MultiPoint"",""coordinates"":[]}"
20080623,2008-06-23,-0.00910772446637079,294.02948485696174,0.003787384155666787,"{""type"":""MultiPoint"",""coordinates"":[]}"
20080624,2008-06-24,-0.007565993640139897,292.7820408108402,0.0030231942553054234,"{""type"":""MultiPoint"",""coordinates"":[]}"
20080625,2008-06-25,-0.009753056684672369,293.9297211928918,0.006412149664658299,"{""type"":""MultiPoint"",""coordinates"":[]}"
20080626,2008-06-26,-0.005642149645952084,291.6831093374124,0.0054887234666151355,"{""type"":""MultiPoint"",""coordinates"":[]}"
20080627,2008-06-27,-0.009054499404260218,291.0094967099263,0.0033831970730380514,"{""type"":""MultiPoint"",""coordinates"":[]}"
20080628,2008-06-28,-0.009164680748832064,290.28322772161255,2.3405342732562892E-4,"{""type"":""MultiPoint"",""coordinates"":[]}"
20080629,2008-06-29,-0.009707752859987564,292.3184234684078,7.470734792882219E-4,"{""type"":""MultiPoint"",""coordinates"":[]}"
20080630,2008-06-30,-0.006815939693760628,291.57885470805076,0.0058662856957862955,"{""type"":""MultiPoint"",""coordinates"":[]}"
20080701,2008-07-01,-0.010108476419578977,292.31127536388294,7.645516740014103E-4,"{""type"":""MultiPoint"",""coordinates"":[]}"
20080702,2008-07-02,-0.009296314622047523,293.21387505089547,0.00191778441176084,"{""type"":""MultiPoint"",""coordinates"":[]}"
20080703,2008-07-03,-0.009175146546752022,292.98080413302046,0.011458765944092479,"{""type"":""MultiPoint"",""coordinates"":[]}"
20080704,2008-07-04,-0.00813502976962937,289.0351197644399,0.005296127384359365,"{""type"":""MultiPoint"",""coordinates"":[]}"
20080705,2008-07-05,-0.010450146409771663,289.52309637891176,2.476363963714711E-4,"{""type"":""MultiPoint"",""coordinates"":[]}"
20080706,2008-07-06,-0.008938361541887705,291.2955098946956,0.00671243887271233,"{""type"":""MultiPoint"",""coordinates"":[]}"
20080707,2008-07-07,-0.00419780106903663,288.28218760248205,0.01138171279621403,"{""type"":""MultiPoint"",""coordinates"":[]}"
20080708,2008-07-08,-0.009370489472517007,287.7195155177715,0.002719597101812597,"{""type"":""MultiPoint"",""coordinates"":[]}"
20080709,2008-07-09,-0.008993699389084647,287.70327663419806,0.001153973127062456,"{""type"":""MultiPoint"",""coordinates"":[]}"
20080710,2008-07-10,-0.009238961365942265,290.51265853910314,4.7343522045972634E-4,"{""type"":""MultiPoint"",""coordinates"":[]}"
20080711,2008-07-11,-0.010078464338292256,293.1286191356619,0.002895806858418707,"{""type"":""MultiPoint"",""coordinates"":[]}"
20080712,2008-07-12,-0.005141224194232858,290.410807172882,0.01131933670551965,"{""type"":""MultiPoint"",""coordinates"":[]}"
20080713,2008-07-13,-0.0036966522123274073,288.15507811638463,0.013916919658545527,"{""type"":""MultiPoint"",""coordinates"":[]}"
20080714,2008-07-14,-0.0035792352164737825,286.05555582506383,0.010407853270627354,"{""type"":""MultiPoint"",""coordinates"":[]}"
20080715,2008-07-15,-0.008581703552125532,288.0597178138043,9.114482288416164E-4,"{""type"":""MultiPoint"",""coordinates"":[]}"
20080716,2008-07-16,-0.010486950071100894,290.6768352771315,1.77246871742474E-4,"{""type"":""MultiPoint"",""coordinates"":[]}"
20080717,2008-07-17,-0.0024180891662245584,287.17514118810374,0.00929897136131452,"{""type"":""MultiPoint"",""coordinates"":[]}"
20080718,2008-07-18,-0.006088753756683828,287.3494804414409,0.0034692063092942177,"{""type"":""MultiPoint"",""coordinates"":[]}"
20080719,2008-07-19,-0.009998502115251273,290.03310510424006,9.093737343293029E-4,"{""type"":""MultiPoint"",""coordinates"":[]}"
20080720,2008-07-20,-0.006594805967406122,289.74683994540715,0.011274357474863063,"{""type"":""MultiPoint"",""coordinates"":[]}"
20080721,2008-07-21,-0.009034126710959598,286.0038416861165,0.0025714420396578974,"{""type"":""MultiPoint"",""coordinates"":[]}"
20080722,2008-07-22,-0.005442712529464441,284.4200918636136,0.007353617894478679,"{""type"":""MultiPoint"",""coordinates"":[]}"
20080723,2008-07-23,-0.00544707489233953,285.6399227603415,0.008799866777699322,"{""type"":""MultiPoint"",""coordinates"":[]}"
20080724,2008-07-24,-0.005645850151266209,287.5969800867334,0.002950323995135404,"{""type"":""MultiPoint"",""coordinates"":[]}"
20080725,2008-07-25,-0.005903572972782498,290.4251723480414,0.0032048610433982553,"{""type"":""MultiPoint"",""coordinates"":[]}"
20080726,2008-07-26,-0.0070400590190224125,291.88928671121687,0.004293183841836189,"{""type"":""MultiPoint"",""coordinates"":[]}"
20080727,2008-07-27,-0.008674148835069579,292.2945661938458,0.0020168246496972547,"{""type"":""MultiPoint"",""coordinates"":[]}"
20080728,2008-07-28,-0.009554065308305045,292.59961990310853,0.00120460948252112,"{""type"":""MultiPoint"",""coordinates"":[]}"
20080729,2008-07-29,-0.008142707123555732,292.91785729045233,0.0024402703592278324,"{""type"":""MultiPoint"",""coordinates"":[]}"
20080730,2008-07-30,-0.008734151177343878,293.4829566712637,0.0015536188562215345,"{""type"":""MultiPoint"",""coordinates"":[]}"
20080731,2008-07-31,-0.008597275603191824,293.3407738893118,0.0018070984392731034,"{""type"":""MultiPoint"",""coordinates"":[]}"
20080801,2008-08-01,-0.007693664481485746,293.0016365629358,0.005961664964821093,"{""type"":""MultiPoint"",""coordinates"":[]}"
20080802,2008-08-02,-0.005033601801777977,291.660027316454,0.00797251898982888,"{""type"":""MultiPoint"",""coordinates"":[]}"
20080803,2008-08-03,-0.008400838911394011,292.1945038103818,8.641165000404086E-4,"{""type"":""MultiPoint"",""coordinates"":[]}"
20080804,2008-08-04,-0.0074502869771107426,291.8968501675157,0.0034610987001825974,"{""type"":""MultiPoint"",""coordinates"":[]}"
20080805,2008-08-05,-0.0074254131399046725,290.116338985746,0.003506462594416501,"{""type"":""MultiPoint"",""coordinates"":[]}"
20080806,2008-08-06,-0.008675622317611419,291.5814355857276,2.566816066450097E-4,"{""type"":""MultiPoint"",""coordinates"":[]}"
20080807,2008-08-07,-0.010512132992054867,293.44186196684376,0.004678576523085619,"{""type"":""MultiPoint"",""coordinates"":[]}"
20080808,2008-08-08,-0.007212157955774585,290.43199557001515,0.011606583964774453,"{""type"":""MultiPoint"",""coordinates"":[]}"
20080809,2008-08-09,-0.006518064077558284,287.8676984376544,0.005048772235872263,"{""type"":""MultiPoint"",""coordinates"":[]}"
20080810,2008-08-10,-0.009264654229027646,290.15706316964514,6.888293060941518E-5,"{""type"":""MultiPoint"",""coordinates"":[]}"
20080811,2008-08-11,-0.008796769812389311,291.93639060537913,0.003150906632280968,"{""type"":""MultiPoint"",""coordinates"":[]}"
20080812,2008-08-12,-0.008638086054261912,292.51871943601736,0.0046491011043462635,"{""type"":""MultiPoint"",""coordinates"":[]}"
20080813,2008-08-13,-0.005797553419155351,289.2860318634442,0.0028962096249778965,"{""type"":""MultiPoint"",""coordinates"":[]}"
20080814,2008-08-14,-0.006170583241572488,290.54676897026366,0.0033004315490359395,"{""type"":""MultiPoint"",""coordinates"":[]}"
20080815,2008-08-15,-0.0026504807436792802,287.48573214205453,0.023703302283010902,"{""type"":""MultiPoint"",""coordinates"":[]}"
20080816,2008-08-16,-0.004168434330740876,284.5031819113354,0.012719809462953851,"{""type"":""MultiPoint"",""coordinates"":[]}"
20080817,2008-08-17,-0.0066644474081867635,286.74910023310207,4.8063043671595914E-4,"{""type"":""MultiPoint"",""coordinates"":[]}"
20080818,2008-08-18,-0.00858885655184106,289.477036430507,7.478387122685737E-5,"{""type"":""MultiPoint"",""coordinates"":[]}"
20080819,2008-08-19,-0.009398758012394837,291.90619390160197,0.0035171480302424807,"{""type"":""MultiPoint"",""coordinates"":[]}"
20080820,2008-08-20,-0.005040587555097452,288.94857356798445,0.005255388543347232,"{""type"":""MultiPoint"",""coordinates"":[]}"
20080821,2008-08-21,-0.006276810603812847,289.7146687096453,8.170842342211822E-5,"{""type"":""MultiPoint"",""coordinates"":[]}"
20080822,2008-08-22,-0.0070209470622847655,290.9805708166786,0.008204643892947446,"{""type"":""MultiPoint"",""coordinates"":[]}"
20080823,2008-08-23,-0.005564065834514534,287.320086742443,0.0059860542192464086,"{""type"":""MultiPoint"",""coordinates"":[]}"
20080824,2008-08-24,-0.0076224358831193904,286.30269834096924,5.93695423058522E-4,"{""type"":""MultiPoint"",""coordinates"":[]}"
20080825,2008-08-25,-0.006447846287095629,287.6428002781049,9.270367434225142E-4,"{""type"":""MultiPoint"",""coordinates"":[]}"
20080826,2008-08-26,-0.006246813647203301,289.40791295751467,4.253078650274647E-4,"{""type"":""MultiPoint"",""coordinates"":[]}"
20080827,2008-08-27,-0.0066818644545471925,290.1926091738708,2.092206375419259E-4,"{""type"":""MultiPoint"",""coordinates"":[]}"
20080828,2008-08-28,-0.0066497209110474905,290.56720134263287,5.902664138384063E-4,"{""type"":""MultiPoint"",""coordinates"":[]}"
20080829,2008-08-29,-0.006451490384495733,289.3763462192443,4.7748609053729576E-4,"{""type"":""MultiPoint"",""coordinates"":[]}"
20080830,2008-08-30,-0.007697927627788744,289.19735111287577,2.3701620663162806E-4,"{""type"":""MultiPoint"",""coordinates"":[]}"
20080831,2008-08-31,-0.008039629875821377,289.6835429403438,2.30769494104341E-4,"{""type"":""MultiPoint"",""coordinates"":[]}"
20080901,2008-09-01,-0.004589757323789056,289.45644068158646,0.006822970388592614,"{""type"":""MultiPoint"",""coordinates"":[]}"
20080902,2008-09-02,-0.00642810193701022,290.24924729005585,4.1803439696582194E-4,"{""type"":""MultiPoint"",""coordinates"":[]}"
20080903,2008-09-03,-0.008181334160008337,291.8290525794842,0.0027490885021372413,"{""type"":""MultiPoint"",""coordinates"":[]}"
20080904,2008-09-04,-0.005558336685427955,290.076918311497,0.004763855770637131,"{""type"":""MultiPoint"",""coordinates"":[]}"
20080905,2008-09-05,-0.007520158315755091,291.7018909162338,6.163550493200523E-4,"{""type"":""MultiPoint"",""coordinates"":[]}"
20080906,2008-09-06,-0.007673251493124831,292.52871027639463,0.0031700891076337275,"{""type"":""MultiPoint"",""coordinates"":[]}"
20080907,2008-09-07,-0.0034147844585795625,288.1015088139082,0.008081693416507814,"{""type"":""MultiPoint"",""coordinates"":[]}"
20080908,2008-09-08,-0.006083904558030803,287.29532307727453,9.69280918531145E-4,"{""type"":""MultiPoint"",""coordinates"":[]}"
20080909,2008-09-09,-0.007258297598509222,288.62731045833414,1.3072947299525578E-5,"{""type"":""MultiPoint"",""coordinates"":[]}"
20080910,2008-09-10,-0.006076750398159179,290.675046311021,0.0018290517461476267,"{""type"":""MultiPoint"",""coordinates"":[]}"
20080911,2008-09-11,-0.006016695879749042,291.12255945266315,0.002197881969977683,"{""type"":""MultiPoint"",""coordinates"":[]}"
20080912,2008-09-12,-0.003989321048101378,288.87693491018655,0.009781325067416703,"{""type"":""MultiPoint"",""coordinates"":[]}"
20080913,2008-09-13,-0.006256106498972393,284.515938765557,0.0042843439707839085,"{""type"":""MultiPoint"",""coordinates"":[]}"
20080914,2008-09-14,-0.0038270256878906047,280.9438420346672,0.007014273345324057,"{""type"":""MultiPoint"",""coordinates"":[]}"
20080915,2008-09-15,-0.002335544505750436,279.2108503721313,0.013197264211045287,"{""type"":""MultiPoint"",""coordinates"":[]}"
20080916,2008-09-16,-0.0032639428520519426,278.9284718386016,0.007140089714891334,"{""type"":""MultiPoint"",""coordinates"":[]}"
20080917,2008-09-17,-0.004800367134742484,279.39498081774775,4.284860605706262E-4,"{""type"":""MultiPoint"",""coordinates"":[]}"
20080918,2008-09-18,-0.0056389481142525,280.44115018944547,1.683635494511427E-4,"{""type"":""MultiPoint"",""coordinates"":[]}"
20080919,2008-09-19,-0.005416402679184996,281.19884877693454,4.6794005662589345E-4,"{""type"":""MultiPoint"",""coordinates"":[]}"
20080920,2008-09-20,-0.0042184473511394215,280.31334903925165,0.0017741592446921558,"{""type"":""MultiPoint"",""coordinates"":[]}"
20080921,2008-09-21,-0.0035210180378277365,280.34972076197477,0.0022712734682295943,"{""type"":""MultiPoint"",""coordinates"":[]}"
20080922,2008-09-22,-0.0026901310041785417,280.24284294025983,0.0026928269575527595,"{""type"":""MultiPoint"",""coordinates"":[]}"
20080923,2008-09-23,-0.0037020021060771525,280.6793044700756,6.836103744955125E-4,"{""type"":""MultiPoint"",""coordinates"":[]}"
20080924,2008-09-24,-0.00327905939758416,280.8548687435346,0.0022887413539984356,"{""type"":""MultiPoint"",""coordinates"":[]}"
20080925,2008-09-25,-0.0019722050077454626,280.94056172945767,0.005416208452239948,"{""type"":""MultiPoint"",""coordinates"":[]}"
20080926,2008-09-26,-0.004329440282542264,281.1141605544415,0.001427737660912183,"{""type"":""MultiPoint"",""coordinates"":[]}"
20080927,2008-09-27,-0.004585601760726493,281.56621458680604,4.8162501641578015E-4,"{""type"":""MultiPoint"",""coordinates"":[]}"
20080928,2008-09-28,-0.004342329144169104,281.26550144374596,9.108294344927751E-6,"{""type"":""MultiPoint"",""coordinates"":[]}"
20080929,2008-09-29,-0.0050995634027469665,282.04649476650263,9.143394860282717E-5,"{""type"":""MultiPoint"",""coordinates"":[]}"
20080930,2008-09-30,-0.004670812651251242,282.8140976865595,0.0027554937956899765,"{""type"":""MultiPoint"",""coordinates"":[]}"
20081001,2008-10-01,-0.005139089498299664,283.6693669794818,0.0024390903412915927,"{""type"":""MultiPoint"",""coordinates"":[]}"
20081002,2008-10-02,-0.003491573073759229,283.3614363167511,0.003925404975166808,"{""type"":""MultiPoint"",""coordinates"":[]}"
20081003,2008-10-03,-0.0015438201093247103,279.4758773689692,0.009014667597265373,"{""type"":""MultiPoint"",""coordinates"":[]}"
20081004,2008-10-04,-0.002849504962707931,277.7827266719434,0.0030025473041693494,"{""type"":""MultiPoint"",""coordinates"":[]}"
20081005,2008-10-05,-0.005223056186893325,279.235164811361,4.265892221482335E-5,"{""type"":""MultiPoint"",""coordinates"":[]}"
20081006,2008-10-06,-0.004340031749595749,283.5120143452599,0.0017816629516774335,"{""type"":""MultiPoint"",""coordinates"":[]}"
20081007,2008-10-07,-0.0023446851344982936,283.9023913932415,0.0014894338147057567,"{""type"":""MultiPoint"",""coordinates"":[]}"
20081008,2008-10-08,-0.0033443009520204114,283.7982389284531,2.789024331290375E-4,"{""type"":""MultiPoint"",""coordinates"":[]}"
20081009,2008-10-09,-0.002554119709039626,283.9400488561495,5.946253852070408E-4,"{""type"":""MultiPoint"",""coordinates"":[]}"
20081010,2008-10-10,-0.0029459717506017556,284.1027341997612,2.2749160886298742E-4,"{""type"":""MultiPoint"",""coordinates"":[]}"
20081011,2008-10-11,-0.0036078357485496994,283.911597928004,1.3724273925066347E-5,"{""type"":""MultiPoint"",""coordinates"":[]}"
20081012,2008-10-12,-0.004017535855318451,283.8076223485862,1.3345357489126778E-5,"{""type"":""MultiPoint"",""coordinates"":[]}"
20081013,2008-10-13,-0.0042375045134675415,284.58595486932165,6.841921587165863E-5,"{""type"":""MultiPoint"",""coordinates"":[]}"
20081014,2008-10-14,-0.002620055301320933,285.38649837040816,0.0019081101588440382,"{""type"":""MultiPoint"",""coordinates"":[]}"
20081015,2008-10-15,-0.0023231425540958194,285.1742386550978,0.001505989558714978,"{""type"":""MultiPoint"",""coordinates"":[]}"
20081016,2008-10-16,-0.0018652337001085401,284.00450441739514,0.013095628765500099,"{""type"":""MultiPoint"",""coordinates"":[]}"
20081017,2008-10-17,-0.004660568109701519,279.28005817130605,0.0013671083294618954,"{""type"":""MultiPoint"",""coordinates"":[]}"
20081018,2008-10-18,-0.003677735865726133,279.1810653582422,5.214106857356695E-6,"{""type"":""MultiPoint"",""coordinates"":[]}"
20081019,2008-10-19,-0.0030863246316543687,280.0641827439999,3.2458889209167626E-6,"{""type"":""MultiPoint"",""coordinates"":[]}"
20081020,2008-10-20,-0.0034228336800557423,281.6314340755337,1.6118187270713556E-6,"{""type"":""MultiPoint"",""coordinates"":[]}"
20081021,2008-10-21,-0.0032541788210314576,283.12242877429486,3.644654524327777E-4,"{""type"":""MultiPoint"",""coordinates"":[]}"
20081022,2008-10-22,-0.002387012400805858,281.80218073628134,0.0031604974547367456,"{""type"":""MultiPoint"",""coordinates"":[]}"
20081023,2008-10-23,-0.002554894010571936,278.3137870180994,0.0015191900323666095,"{""type"":""MultiPoint"",""coordinates"":[]}"
20081024,2008-10-24,-0.0024474962969232325,279.1072448883733,2.8351537983523137E-5,"{""type"":""MultiPoint"",""coordinates"":[]}"
20081025,2008-10-25,-0.0023451600414923887,279.0084737290435,7.614388530588945E-5,"{""type"":""MultiPoint"",""coordinates"":[]}"
20081026,2008-10-26,-0.0031422266045275098,279.0882333750475,4.2341602015432945E-6,"{""type"":""MultiPoint"",""coordinates"":[]}"
20081027,2008-10-27,-0.002201282686223796,280.59207093917394,0.0012424214041934533,"{""type"":""MultiPoint"",""coordinates"":[]}"
20081028,2008-10-28,-0.0011226039612466895,280.39549587021367,0.006231391091343915,"{""type"":""MultiPoint"",""coordinates"":[]}"
20081029,2008-10-29,-9.555814649704863E-4,279.3602505207317,0.010307369953181435,"{""type"":""MultiPoint"",""coordinates"":[]}"
20081030,2008-10-30,-0.002954175581985244,278.0564573258168,0.005005543631617817,"{""type"":""MultiPoint"",""coordinates"":[]}"
20081031,2008-10-31,-0.002148107354804296,278.25859512171894,8.894858016448697E-4,"{""type"":""MultiPoint"",""coordinates"":[]}"
20081101,2008-11-01,-0.0021578324762788564,281.692008418562,1.304378126733799E-4,"{""type"":""MultiPoint"",""coordinates"":[]}"
20081102,2008-11-02,-0.001563952154329552,281.84943429225564,1.925483732165476E-4,"{""type"":""MultiPoint"",""coordinates"":[]}"
20081103,2008-11-03,-0.002343907658306901,282.77227746372097,8.262263378612152E-4,"{""type"":""MultiPoint"",""coordinates"":[]}"
20081104,2008-11-04,-0.002283858059365826,282.7683889197068,0.0013459794948963548,"{""type"":""MultiPoint"",""coordinates"":[]}"
20081105,2008-11-05,-0.0030519200395482298,283.81246016507066,2.3175260326957907E-4,"{""type"":""MultiPoint"",""coordinates"":[]}"
20081106,2008-11-06,-0.0021209406652778003,281.92857300680214,1.6130766608350911E-4,"{""type"":""MultiPoint"",""coordinates"":[]}"
20081107,2008-11-07,-0.0015588955574287974,281.2810005832801,0.0010104579675235576,"{""type"":""MultiPoint"",""coordinates"":[]}"
20081108,2008-11-08,-0.0011173284959623618,279.77336501139246,0.003505583132580137,"{""type"":""MultiPoint"",""coordinates"":[]}"
20081109,2008-11-09,-0.0020958867520807865,279.51396814392945,2.630400327627015E-4,"{""type"":""MultiPoint"",""coordinates"":[]}"
20081110,2008-11-10,-0.002478301299111689,280.1762723798624,4.131730030926979E-5,"{""type"":""MultiPoint"",""coordinates"":[]}"
20081111,2008-11-11,-0.002328157128891298,279.5567071496298,3.887122756818507E-4,"{""type"":""MultiPoint"",""coordinates"":[]}"
20081112,2008-11-12,-8.282912759602881E-4,278.3994479213659,0.004282484742019679,"{""type"":""MultiPoint"",""coordinates"":[]}"
20081113,2008-11-13,-6.846310419684049E-4,277.2285742523185,0.006833903736718436,"{""type"":""MultiPoint"",""coordinates"":[]}"
20081114,2008-11-14,-0.001027278914344607,277.0394943993812,1.9170385759467674E-4,"{""type"":""MultiPoint"",""coordinates"":[]}"
20081115,2008-11-15,-0.0015787701545861906,276.7515498887104,1.5163052402070439E-5,"{""type"":""MultiPoint"",""coordinates"":[]}"
20081116,2008-11-16,-0.001588400283024359,277.5822062271035,0.0029620207908284137,"{""type"":""MultiPoint"",""coordinates"":[]}"
20081117,2008-11-17,-0.0017799326758786383,275.0947656378895,0.0025245464619303975,"{""type"":""MultiPoint"",""coordinates"":[]}"
20081118,2008-11-18,-0.00155625570533856,273.1910805406141,6.68426147229708E-5,"{""type"":""MultiPoint"",""coordinates"":[]}"
20081119,2008-11-19,-0.0014326822165621317,275.77333333303835,0.0020563751625292856,"{""type"":""MultiPoint"",""coordinates"":[]}"
20081120,2008-11-20,-0.0033973058674809987,277.60513009837433,0.0031379443109816087,"{""type"":""MultiPoint"",""coordinates"":[]}"
20081121,2008-11-21,-0.001624372802159071,274.93159566256855,0.021296823309736174,"{""type"":""MultiPoint"",""coordinates"":[]}"
20081122,2008-11-22,-0.002483194829702613,269.7230520604379,0.006268934245066592,"{""type"":""MultiPoint"",""coordinates"":[]}"
20081123,2008-11-23,-0.002435310194033094,268.59292318971893,0.002430520491858077,"{""type"":""MultiPoint"",""coordinates"":[]}"
20081124,2008-11-24,-0.0011131920637336959,270.536386066938,0.002395783377533056,"{""type"":""MultiPoint"",""coordinates"":[]}"
20081125,2008-11-25,-8.54084236139617E-4,270.2517619623076,7.716121794920963E-4,"{""type"":""MultiPoint"",""coordinates"":[]}"
20081126,2008-11-26,-0.0011365209518303158,270.22096538105035,6.967891933505014E-4,"{""type"":""MultiPoint"",""coordinates"":[]}"
20081127,2008-11-27,-9.416028514348747E-4,270.73114775022526,1.39677180149518E-4,"{""type"":""MultiPoint"",""coordinates"":[]}"
20081128,2008-11-28,-0.00121486569941934,270.24270777508065,7.22133875634594E-4,"{""type"":""MultiPoint"",""coordinates"":[]}"
20081129,2008-11-29,-8.261256416539812E-4,271.80671417840296,7.336683627307029E-4,"{""type"":""MultiPoint"",""coordinates"":[]}"
20081130,2008-11-30,-6.888630734206714E-4,273.8912337143639,0.0010725426811966736,"{""type"":""MultiPoint"",""coordinates"":[]}"
20081201,2008-12-01,-9.447245367272878E-4,274.6666253326295,0.004875845363655583,"{""type"":""MultiPoint"",""coordinates"":[]}"
20081202,2008-12-02,-9.800145624667014E-4,273.1074768941213,9.962625638382364E-4,"{""type"":""MultiPoint"",""coordinates"":[]}"
20081203,2008-12-03,-0.0010356638933970504,272.06407845484375,4.6169703590984835E-4,"{""type"":""MultiPoint"",""coordinates"":[]}"
20081204,2008-12-04,-8.504047556475014E-4,272.11856912714177,3.700946907770655E-4,"{""type"":""MultiPoint"",""coordinates"":[]}"
20081205,2008-12-05,-6.046333839759613E-4,273.4635557043936,0.004072631721928402,"{""type"":""MultiPoint"",""coordinates"":[]}"
20081206,2008-12-06,-8.576781950432259E-4,273.3542051159954,0.003425185855796186,"{""type"":""MultiPoint"",""coordinates"":[]}"
20081207,2008-12-07,-6.084838384752444E-4,272.7164521897076,0.00435743505989235,"{""type"":""MultiPoint"",""coordinates"":[]}"
20081208,2008-12-08,-7.272341779245211E-4,271.46137938064044,5.336698064785638E-4,"{""type"":""MultiPoint"",""coordinates"":[]}"
20081209,2008-12-09,-4.780204329241807E-4,270.290701593591,1.1962433515639067E-4,"{""type"":""MultiPoint"",""coordinates"":[]}"
20081210,2008-12-10,-5.356421301331727E-4,271.2685041978065,0.002140262090716943,"{""type"":""MultiPoint"",""coordinates"":[]}"
20081211,2008-12-11,-7.28274269436586E-4,272.60504348612744,0.0045147744818927315,"{""type"":""MultiPoint"",""coordinates"":[]}"
20081212,2008-12-12,-6.474866570339941E-4,271.8292005882729,0.0047741913704016726,"{""type"":""MultiPoint"",""coordinates"":[]}"
20081213,2008-12-13,-5.65772253447356E-4,271.8688150660732,4.023044952405996E-4,"{""type"":""MultiPoint"",""coordinates"":[]}"
20081214,2008-12-14,-8.012213445573752E-4,273.00090562460525,2.832938338645458E-4,"{""type"":""MultiPoint"",""coordinates"":[]}"
20081215,2008-12-15,-7.301721778568104E-4,274.237757206401,1.5914245925630595E-4,"{""type"":""MultiPoint"",""coordinates"":[]}"
20081216,2008-12-16,-4.8016464332406957E-4,274.2372140331941,2.676711037967069E-4,"{""type"":""MultiPoint"",""coordinates"":[]}"
20081217,2008-12-17,-5.063743489807172E-4,273.68161642109385,0.003862016456976906,"{""type"":""MultiPoint"",""coordinates"":[]}"
20081218,2008-12-18,-5.409601074060688E-4,272.4587512376437,0.006720496465444597,"{""type"":""MultiPoint"",""coordinates"":[]}"
20081219,2008-12-19,-5.992156588917176E-4,272.8251027198231,0.006921363132888629,"{""type"":""MultiPoint"",""coordinates"":[]}"
20081220,2008-12-20,-6.699947809491967E-4,273.7719905043535,0.012195881501836993,"{""type"":""MultiPoint"",""coordinates"":[]}"
20081221,2008-12-21,-7.19695521311737E-4,275.50002193901145,0.0086360322185718,"{""type"":""MultiPoint"",""coordinates"":[]}"
20081222,2008-12-22,-7.504730970938376E-4,276.58250772756463,0.003383330262463411,"{""type"":""MultiPoint"",""coordinates"":[]}"
20081223,2008-12-23,-0.0013840072281756416,275.07098746500975,0.0011571410511885033,"{""type"":""MultiPoint"",""coordinates"":[]}"
20081224,2008-12-24,-5.746547107919297E-4,274.3641527590666,0.002183056828296007,"{""type"":""MultiPoint"",""coordinates"":[]}"
20081225,2008-12-25,-0.0013207039319983148,271.7993546809327,0.002489230715368616,"{""type"":""MultiPoint"",""coordinates"":[]}"
20081226,2008-12-26,-0.0019710256789715395,268.6956200272074,1.3300422503620114E-4,"{""type"":""MultiPoint"",""coordinates"":[]}"
20081227,2008-12-27,-0.0016873784015937177,268.1347589690259,1.1012000608909816E-4,"{""type"":""MultiPoint"",""coordinates"":[]}"
20081228,2008-12-28,-0.001355415443345776,266.9922318229692,1.883692239095107E-5,"{""type"":""MultiPoint"",""coordinates"":[]}"
20081229,2008-12-29,-8.885220648833154E-4,266.88992218038175,1.0465527557026526E-5,"{""type"":""MultiPoint"",""coordinates"":[]}"
20081230,2008-12-30,-8.825894796461317E-4,267.22327604801507,4.512068542193609E-6,"{""type"":""MultiPoint"",""coordinates"":[]}"
20081231,2008-12-31,-7.521467270723271E-4,267.5375282015697,3.0743636672409745E-4,"{""type"":""MultiPoint"",""coordinates"":[]}"
20090101,2009-01-01,-5.93986233760571E-4,268.7475396787106,0.001114038529484824,"{""type"":""MultiPoint"",""coordinates"":[]}"
20090102,2009-01-02,-7.263868701435318E-4,267.9932673783663,4.6772013643533913E-4,"{""type"":""MultiPoint"",""coordinates"":[]}"
20090103,2009-01-03,-8.048460797598876E-4,266.04430416387976,6.921325011199453E-5,"{""type"":""MultiPoint"",""coordinates"":[]}"
20090104,2009-01-04,-0.0010052954085312052,266.63822530221546,5.36625668839473E-4,"{""type"":""MultiPoint"",""coordinates"":[]}"
20090105,2009-01-05,-8.545124366435502E-4,267.70530257052894,0.0019363817725595188,"{""type"":""MultiPoint"",""coordinates"":[]}"
20090106,2009-01-06,-9.144134229853196E-4,266.17614071313966,4.3464947911623313E-4,"{""type"":""MultiPoint"",""coordinates"":[]}"
20090107,2009-01-07,-6.866687973667721E-4,265.62457004388784,1.434376008408031E-4,"{""type"":""MultiPoint"",""coordinates"":[]}"
20090108,2009-01-08,-8.878422570055084E-4,264.68266030009295,5.339507441939889E-5,"{""type"":""MultiPoint"",""coordinates"":[]}"
20090109,2009-01-09,-6.059462014854921E-4,263.61911948861865,2.47663397756689E-6,"{""type"":""MultiPoint"",""coordinates"":[]}"
20090110,2009-01-10,-7.308066047526082E-4,264.1229921753531,3.45472564990621E-6,"{""type"":""MultiPoint"",""coordinates"":[]}"
20090111,2009-01-11,-6.161987430148538E-4,264.2654709818197,5.21951162789292E-6,"{""type"":""MultiPoint"",""coordinates"":[]}"
20090112,2009-01-12,-7.625194142562021E-4,265.6305541607291,3.0558345615196355E-5,"{""type"":""MultiPoint"",""coordinates"":[]}"
20090113,2009-01-13,-8.034139787186624E-4,266.3233023723951,1.8153620232238575E-5,"{""type"":""MultiPoint"",""coordinates"":[]}"
20090114,2009-01-14,-5.284083625154635E-4,267.7598434996169,0.0019562064990118924,"{""type"":""MultiPoint"",""coordinates"":[]}"
20090115,2009-01-15,-6.054571123879605E-4,269.3767821073394,1.5760345202988483E-4,"{""type"":""MultiPoint"",""coordinates"":[]}"
20090116,2009-01-16,-6.58179368333788E-4,269.6121650692591,4.736309557499303E-5,"{""type"":""MultiPoint"",""coordinates"":[]}"
20090117,2009-01-17,-7.95644613536168E-4,269.4990373488499,8.628204876379733E-5,"{""type"":""MultiPoint"",""coordinates"":[]}"
20090118,2009-01-18,-8.229155072209193E-4,270.96048097682836,0.0019719386825618954,"{""type"":""MultiPoint"",""coordinates"":[]}"
20090119,2009-01-19,-9.61841680279136E-4,272.5678107373665,0.0012499445034436603,"{""type"":""MultiPoint"",""coordinates"":[]}"
20090120,2009-01-20,-2.036626680340524E-4,273.20492831923906,0.00617894454101828,"{""type"":""MultiPoint"",""coordinates"":[]}"
20090121,2009-01-21,-2.2082383755909045E-4,272.7138284560349,0.004927970724845073,"{""type"":""MultiPoint"",""coordinates"":[]}"
20090122,2009-01-22,-7.692303229615629E-4,271.394308162338,0.0011972371978483192,"{""type"":""MultiPoint"",""coordinates"":[]}"
20090123,2009-01-23,-0.0011857559033923348,272.05222984011976,0.0049483236589846855,"{""type"":""MultiPoint"",""coordinates"":[]}"
20090124,2009-01-24,-0.0014717218501794586,272.2534534872929,5.41785786130774E-4,"{""type"":""MultiPoint"",""coordinates"":[]}"
20090125,2009-01-25,-0.0010776000873658634,271.05746913867677,4.4802437604490544E-4,"{""type"":""MultiPoint"",""coordinates"":[]}"
20090126,2009-01-26,-9.175364969742556E-4,270.6334149941243,5.73803007975692E-5,"{""type"":""MultiPoint"",""coordinates"":[]}"
20090127,2009-01-27,-4.6421290239028184E-4,270.78422551807785,0.0020010586335137853,"{""type"":""MultiPoint"",""coordinates"":[]}"
20090128,2009-01-28,-9.906060083337855E-4,270.7688683063217,0.003921616975978491,"{""type"":""MultiPoint"",""coordinates"":[]}"
20090129,2009-01-29,-0.0012537721505409202,270.2453205473711,0.0018081576881857995,"{""type"":""MultiPoint"",""coordinates"":[]}"
20090130,2009-01-30,-0.0013667428639629734,269.66010044137835,1.353911808034205E-4,"{""type"":""MultiPoint"",""coordinates"":[]}"
20090131,2009-01-31,-0.0013956075643912905,268.4436889387986,4.058192923653848E-4,"{""type"":""MultiPoint"",""coordinates"":[]}"
20090201,2009-02-01,-0.0017153026646872143,268.1320422128067,6.321347475986342E-4,"{""type"":""MultiPoint"",""coordinates"":[]}"
20090202,2009-02-02,-0.001562509367946727,271.98884514718316,8.088884466760567E-4,"{""type"":""MultiPoint"",""coordinates"":[]}"
20090203,2009-02-03,-0.0011855703876631314,273.7577444563844,7.672027376483467E-4,"{""type"":""MultiPoint"",""coordinates"":[]}"
20090204,2009-02-04,-0.0011096752140876275,273.3133664402676,2.1303741710464595E-4,"{""type"":""MultiPoint"",""coordinates"":[]}"
20090205,2009-02-05,-0.001126114148049283,273.10451552131326,1.927623235195785E-4,"{""type"":""MultiPoint"",""coordinates"":[]}"
20090206,2009-02-06,-8.00758113246728E-4,274.3647291341636,0.001276061313966658,"{""type"":""MultiPoint"",""coordinates"":[]}"
20090207,2009-02-07,-0.0013451851322776956,275.4721884739307,0.0017154724287101431,"{""type"":""MultiPoint"",""coordinates"":[]}"
20090208,2009-02-08,-8.44093252393123E-4,272.8052153312608,0.009159916670561125,"{""type"":""MultiPoint"",""coordinates"":[]}"
20090209,2009-02-09,-0.0022851305867198713,271.20612476373,8.126681153985557E-4,"{""type"":""MultiPoint"",""coordinates"":[]}"
20090210,2009-02-10,-0.002813692122079872,273.5799339143588,0.005206685203010523,"{""type"":""MultiPoint"",""coordinates"":[]}"
20090211,2009-02-11,-0.002448199154976443,271.2040511739525,0.004788076745619177,"{""type"":""MultiPoint"",""coordinates"":[]}"
20090212,2009-02-12,-0.0017801305444308322,269.0229512132161,0.0034811129464590936,"{""type"":""MultiPoint"",""coordinates"":[]}"
20090213,2009-02-13,-0.0018406961431644605,267.57886437537957,0.002380595747060473,"{""type"":""MultiPoint"",""coordinates"":[]}"
20090214,2009-02-14,-0.001742189343765299,268.0743212464188,0.0030183583765058335,"{""type"":""MultiPoint"",""coordinates"":[]}"
20090215,2009-02-15,-0.0020138832820356385,266.7533457029089,7.432659298483053E-4,"{""type"":""MultiPoint"",""coordinates"":[]}"
20090216,2009-02-16,-0.0016067024327565689,269.11292173400915,0.003348318401526069,"{""type"":""MultiPoint"",""coordinates"":[]}"
20090217,2009-02-17,-9.96708643678582E-4,269.48361025487804,0.013779936384922305,"{""type"":""MultiPoint"",""coordinates"":[]}"
20090218,2009-02-18,-0.0014401766657355557,264.94795021385124,8.841058448973397E-4,"{""type"":""MultiPoint"",""coordinates"":[]}"
20090219,2009-02-19,-0.001422039499652984,264.60658916109446,2.545123427652478E-4,"{""type"":""MultiPoint"",""coordinates"":[]}"
20090220,2009-02-20,-9.469923507835297E-4,268.283536281198,0.005047924618741042,"{""type"":""MultiPoint"",""coordinates"":[]}"
20090221,2009-02-21,-0.0010160964420475197,270.99701938569973,0.004666931537024338,"{""type"":""MultiPoint"",""coordinates"":[]}"
20090222,2009-02-22,-9.058425894006248E-4,271.29627527945905,0.007458234679036985,"{""type"":""MultiPoint"",""coordinates"":[]}"
20090223,2009-02-23,-0.0013828050988215553,272.78343157414344,0.008530307524277888,"{""type"":""MultiPoint"",""coordinates"":[]}"
20090224,2009-02-24,-0.0010799234619875697,271.6672574674554,0.006234632559624556,"{""type"":""MultiPoint"",""coordinates"":[]}"
20090225,2009-02-25,-0.002133478563673906,271.01129559336385,1.0030471462793978E-4,"{""type"":""MultiPoint"",""coordinates"":[]}"
20090226,2009-02-26,-0.0016521259662204844,272.67821524989296,0.002356546165416612,"{""type"":""MultiPoint"",""coordinates"":[]}"
20090227,2009-02-27,-0.0013051218308356759,274.2597812919164,0.007719817209640395,"{""type"":""MultiPoint"",""coordinates"":[]}"
20090228,2009-02-28,-0.001415815684347942,275.7346467394443,0.0013926157643157386,"{""type"":""MultiPoint"",""coordinates"":[]}"
20090301,2009-03-01,-0.0023597583764766645,275.60904210097226,2.071784443691104E-4,"{""type"":""MultiPoint"",""coordinates"":[]}"
20090302,2009-03-02,-8.948360249113885E-4,275.5653258737577,0.0035516203355267354,"{""type"":""MultiPoint"",""coordinates"":[]}"
20090303,2009-03-03,-0.001311790064796369,275.9017718229843,0.0020695788429953006,"{""type"":""MultiPoint"",""coordinates"":[]}"
20090304,2009-03-04,-0.0034418077856081574,276.4816296178094,6.547787331197925E-4,"{""type"":""MultiPoint"",""coordinates"":[]}"
20090305,2009-03-05,-0.0013835091535657439,276.3258020620959,0.006404731824021873,"{""type"":""MultiPoint"",""coordinates"":[]}"
20090306,2009-03-06,-0.0012673767859372098,274.9878831682806,0.0068651535847917755,"{""type"":""MultiPoint"",""coordinates"":[]}"
20090307,2009-03-07,-0.0021429869087639516,273.67784840604224,0.0075208439087592295,"{""type"":""MultiPoint"",""coordinates"":[]}"
20090308,2009-03-08,-0.004113778152451893,274.80732349231954,0.0015365521046523712,"{""type"":""MultiPoint"",""coordinates"":[]}"
20090309,2009-03-09,-0.00288340988337604,274.0808171097004,0.006881423699164661,"{""type"":""MultiPoint"",""coordinates"":[]}"
20090310,2009-03-10,-0.003522534818875046,274.12451196300464,0.0048504640589901536,"{""type"":""MultiPoint"",""coordinates"":[]}"
20090311,2009-03-11,-0.00200170565733257,273.61203647433456,0.00923539892897702,"{""type"":""MultiPoint"",""coordinates"":[]}"
20090312,2009-03-12,-0.0028600033395776983,273.62983872718195,0.006498931737118259,"{""type"":""MultiPoint"",""coordinates"":[]}"
20090313,2009-03-13,-0.0022365219398723653,276.0512741754728,0.008158063002688872,"{""type"":""MultiPoint"",""coordinates"":[]}"
20090314,2009-03-14,-0.0032284778885932363,276.52762597466403,1.0229059880854475E-4,"{""type"":""MultiPoint"",""coordinates"":[]}"
20090315,2009-03-15,-0.0017599955122384863,276.70899622658175,0.006313383103236495,"{""type"":""MultiPoint"",""coordinates"":[]}"
20090316,2009-03-16,-0.0028014767981955208,276.58340741252243,0.0012768274579587797,"{""type"":""MultiPoint"",""coordinates"":[]}"
20090317,2009-03-17,-0.003191655808082785,276.51674187438425,9.66771548233871E-4,"{""type"":""MultiPoint"",""coordinates"":[]}"
20090318,2009-03-18,-0.0063749491645669065,275.24068426215126,7.20398248933334E-4,"{""type"":""MultiPoint"",""coordinates"":[]}"
20090319,2009-03-19,-0.0035789545260625734,273.3685137236782,0.003615139794725543,"{""type"":""MultiPoint"",""coordinates"":[]}"
20090320,2009-03-20,-0.0038621838288763967,270.97623609756175,0.0015006044334540747,"{""type"":""MultiPoint"",""coordinates"":[]}"
20090321,2009-03-21,-0.0035677639006479857,270.90369346781966,3.283463142073166E-4,"{""type"":""MultiPoint"",""coordinates"":[]}"
20090322,2009-03-22,-0.0057214903901254745,273.62897357137984,3.5546177091044155E-4,"{""type"":""MultiPoint"",""coordinates"":[]}"
20090323,2009-03-23,-0.005636363953100085,276.38870551879285,0.004892154572846703,"{""type"":""MultiPoint"",""coordinates"":[]}"
20090324,2009-03-24,-0.0044156483676702505,273.5741180617125,0.009937178663897595,"{""type"":""MultiPoint"",""coordinates"":[]}"
20090325,2009-03-25,-0.004018285648641508,271.97233122061493,0.005238032839772799,"{""type"":""MultiPoint"",""coordinates"":[]}"
20090326,2009-03-26,-0.0033052566885453803,274.54890478629625,0.006866870303947253,"{""type"":""MultiPoint"",""coordinates"":[]}"
20090327,2009-03-27,-0.0036925811798774653,277.32486300252015,0.005059681204423834,"{""type"":""MultiPoint"",""coordinates"":[]}"
20090328,2009-03-28,-0.004694396955322109,278.6797804283964,0.0029523327118608756,"{""type"":""MultiPoint"",""coordinates"":[]}"
20090329,2009-03-29,-0.0012833748495056003,276.51974645479703,0.010806070333462352,"{""type"":""MultiPoint"",""coordinates"":[]}"
20090330,2009-03-30,-0.003146462602024684,276.46469776600907,0.004733509728180362,"{""type"":""MultiPoint"",""coordinates"":[]}"
20090331,2009-03-31,-0.004317727583643601,277.37268467035545,5.392113098214758E-5,"{""type"":""MultiPoint"",""coordinates"":[]}"
20090401,2009-04-01,-0.004777328352015844,280.2090105859835,1.0754819826512155E-4,"{""type"":""MultiPoint"",""coordinates"":[]}"
20090402,2009-04-02,-0.0067205517299925984,281.9517047968998,2.3396407468924236E-4,"{""type"":""MultiPoint"",""coordinates"":[]}"
20090403,2009-04-03,-0.005933992474872238,282.62796099252074,6.478964621568345E-5,"{""type"":""MultiPoint"",""coordinates"":[]}"
20090404,2009-04-04,-0.004726501364228637,283.1162390162248,0.001200350247999038,"{""type"":""MultiPoint"",""coordinates"":[]}"
20090405,2009-04-05,-0.004883142182688455,283.00847957642844,0.0019952506477781164,"{""type"":""MultiPoint"",""coordinates"":[]}"
20090406,2009-04-06,-0.00585528323633503,282.9826661004937,2.5676896805508384E-4,"{""type"":""MultiPoint"",""coordinates"":[]}"
20090407,2009-04-07,-0.006630342479988856,283.69621779743426,1.8488484957328533E-4,"{""type"":""MultiPoint"",""coordinates"":[]}"
20090408,2009-04-08,-0.006235346046606944,283.67297876987647,4.2393004940834454E-4,"{""type"":""MultiPoint"",""coordinates"":[]}"
20090409,2009-04-09,-0.006081797316868144,283.78225116391275,2.465717016064987E-4,"{""type"":""MultiPoint"",""coordinates"":[]}"
20090410,2009-04-10,-0.0075753726651559255,284.41641482621185,3.118404833356795E-5,"{""type"":""MultiPoint"",""coordinates"":[]}"
20090411,2009-04-11,-0.0076191369098522,284.31265293759003,1.3728944145808716E-5,"{""type"":""MultiPoint"",""coordinates"":[]}"
20090412,2009-04-12,-0.00774476450015847,284.330260821378,1.2785119621734753E-5,"{""type"":""MultiPoint"",""coordinates"":[]}"
20090413,2009-04-13,-0.007422008211855247,283.7946893193994,3.6240515115767177E-4,"{""type"":""MultiPoint"",""coordinates"":[]}"
20090414,2009-04-14,-0.0076150581705271584,283.5593760337065,1.371435892672289E-4,"{""type"":""MultiPoint"",""coordinates"":[]}"
20090415,2009-04-15,-0.008523494564017131,284.1267031562478,3.140766744458254E-5,"{""type"":""MultiPoint"",""coordinates"":[]}"
20090416,2009-04-16,-0.008171864861153025,284.32590838530695,0.0014417433361033844,"{""type"":""MultiPoint"",""coordinates"":[]}"
20090417,2009-04-17,-0.0046068912321401735,280.65473117896096,0.007715497048071771,"{""type"":""MultiPoint"",""coordinates"":[]}"
20090418,2009-04-18,-0.005431263810298155,280.7478025059359,0.003660932727904021,"{""type"":""MultiPoint"",""coordinates"":[]}"
20090419,2009-04-19,-0.0078668213528428,282.5127286709395,3.677448223057148E-4,"{""type"":""MultiPoint"",""coordinates"":[]}"
20090420,2009-04-20,-0.007657892001510915,284.0747772194323,0.0010174297876894003,"{""type"":""MultiPoint"",""coordinates"":[]}"
20090421,2009-04-21,-0.008636073419648223,284.037140911955,4.656669918330107E-4,"{""type"":""MultiPoint"",""coordinates"":[]}"
20090422,2009-04-22,-0.008233119104325974,283.2959445585838,0.0011114647275427554,"{""type"":""MultiPoint"",""coordinates"":[]}"
20090423,2009-04-23,-0.00467073250815065,279.48503284075656,0.004905247626746411,"{""type"":""MultiPoint"",""coordinates"":[]}"
20090424,2009-04-24,-0.00736487758205882,281.07493360055014,3.611653009739383E-4,"{""type"":""MultiPoint"",""coordinates"":[]}"
20090425,2009-04-25,-0.00923756113278433,283.8373077178555,1.2618524645865233E-5,"{""type"":""MultiPoint"",""coordinates"":[]}"
20090426,2009-04-26,-0.011185154251505883,284.8815005942267,1.1289589874646971E-4,"{""type"":""MultiPoint"",""coordinates"":[]}"
20090427,2009-04-27,-0.009288719256999142,285.0356034135978,0.0010621039547369586,"{""type"":""MultiPoint"",""coordinates"":[]}"
20090428,2009-04-28,-0.008338733644301433,283.97418795577244,0.0038610308355187554,"{""type"":""MultiPoint"",""coordinates"":[]}"
20090429,2009-04-29,-0.0030896399282396773,280.67618391253245,0.010147669017012572,"{""type"":""MultiPoint"",""coordinates"":[]}"
20090430,2009-04-30,-0.003782714401273918,281.45876918500954,0.004720517626829943,"{""type"":""MultiPoint"",""coordinates"":[]}"
20090501,2009-05-01,-0.006197671864278111,283.6844081910386,0.0049462290021773875,"{""type"":""MultiPoint"",""coordinates"":[]}"
20090502,2009-05-02,-0.006398004821075397,283.3483021596654,0.00474087989542601,"{""type"":""MultiPoint"",""coordinates"":[]}"
20090503,2009-05-03,-0.00712625254853936,284.2341162124037,9.157875312602415E-4,"{""type"":""MultiPoint"",""coordinates"":[]}"
20090504,2009-05-04,-0.004143391013306803,281.237575049325,0.007259020040011784,"{""type"":""MultiPoint"",""coordinates"":[]}"
20090505,2009-05-05,-0.006725928794117379,280.15476457375075,0.0014266156478371203,"{""type"":""MultiPoint"",""coordinates"":[]}"
20090506,2009-05-06,-0.0042036163526938935,281.9241744893003,0.006838469045270057,"{""type"":""MultiPoint"",""coordinates"":[]}"
20090507,2009-05-07,-0.007832835474874891,284.67175571679525,2.4270693721878918E-4,"{""type"":""MultiPoint"",""coordinates"":[]}"
20090508,2009-05-08,-0.008257907630431863,286.62763166065383,0.002287900300184225,"{""type"":""MultiPoint"",""coordinates"":[]}"
20090509,2009-05-09,-0.007713849907332599,287.62219606781025,0.001358757224912146,"{""type"":""MultiPoint"",""coordinates"":[]}"
20090510,2009-05-10,-0.0069567175437383255,288.34426942437824,0.0019113647073024458,"{""type"":""MultiPoint"",""coordinates"":[]}"
20090511,2009-05-11,-0.006465678818132892,287.55117286248475,0.005110613596576204,"{""type"":""MultiPoint"",""coordinates"":[]}"
20090512,2009-05-12,-0.0041821208973775855,284.54556609304143,0.005087484190262875,"{""type"":""MultiPoint"",""coordinates"":[]}"
20090513,2009-05-13,-0.005531577264762897,284.44533528943043,0.004910479547399848,"{""type"":""MultiPoint"",""coordinates"":[]}"
20090514,2009-05-14,-0.00364800428801308,283.7192516321518,0.008193115383298923,"{""type"":""MultiPoint"",""coordinates"":[]}"
20090515,2009-05-15,-0.00573402080375084,285.28476872320414,0.003214108166523542,"{""type"":""MultiPoint"",""coordinates"":[]}"
20090516,2009-05-16,-0.004956497295063693,285.05524681678594,0.002059210976445747,"{""type"":""MultiPoint"",""coordinates"":[]}"
20090517,2009-05-17,-0.009146183134169917,288.25205801527494,5.023775813353146E-4,"{""type"":""MultiPoint"",""coordinates"":[]}"
20090518,2009-05-18,-0.005092888299282632,287.6301908173944,0.006947585090564778,"{""type"":""MultiPoint"",""coordinates"":[]}"
20090519,2009-05-19,-0.005834684397078594,287.34971598811694,0.0036216127657431253,"{""type"":""MultiPoint"",""coordinates"":[]}"
20090520,2009-05-20,-0.009111015867118925,288.88096751263475,1.462359547721475E-4,"{""type"":""MultiPoint"",""coordinates"":[]}"
20090521,2009-05-21,-0.008190583704455247,290.00725654589127,0.0020041500044970747,"{""type"":""MultiPoint"",""coordinates"":[]}"
20090522,2009-05-22,-0.0055989397538500265,288.43610300736805,0.007228006124027445,"{""type"":""MultiPoint"",""coordinates"":[]}"
20090523,2009-05-23,-0.009582496633745908,287.7587363007739,1.7900718974543967E-4,"{""type"":""MultiPoint"",""coordinates"":[]}"
20090524,2009-05-24,-0.008868718954971558,290.4031165453474,0.004435098153003156,"{""type"":""MultiPoint"",""coordinates"":[]}"
20090525,2009-05-25,-0.009713114908704874,292.1042377494307,7.826050232414884E-4,"{""type"":""MultiPoint"",""coordinates"":[]}"
20090526,2009-05-26,-0.0095651115351096,291.3664658024836,0.012498231670718903,"{""type"":""MultiPoint"",""coordinates"":[]}"
20090527,2009-05-27,-0.007974395706755625,285.24080104111897,0.007028336109224233,"{""type"":""MultiPoint"",""coordinates"":[]}"
20090528,2009-05-28,-0.0062133730769091565,283.88829868590193,0.004412926072492301,"{""type"":""MultiPoint"",""coordinates"":[]}"
20090529,2009-05-29,-0.00812267003187024,281.6510118403977,0.006130188140491186,"{""type"":""MultiPoint"",""coordinates"":[]}"
20090530,2009-05-30,-0.005085975678433047,282.04872197157147,0.007881960377000577,"{""type"":""MultiPoint"",""coordinates"":[]}"
20090531,2009-05-31,-0.007321358329302179,283.38469783185366,0.002395377802789144,"{""type"":""MultiPoint"",""coordinates"":[]}"
20090601,2009-06-01,-0.0064897078012811195,284.84801242174143,0.0016144969730571143,"{""type"":""MultiPoint"",""coordinates"":[]}"
20090602,2009-06-02,-0.006400093808707975,285.8652544387705,0.0034577385661165626,"{""type"":""MultiPoint"",""coordinates"":[]}"
20090603,2009-06-03,-0.011394831967424282,285.440212064617,0.0011781101531634047,"{""type"":""MultiPoint"",""coordinates"":[]}"
20090604,2009-06-04,-0.007218931326274826,283.0290689217472,0.0011735602414203155,"{""type"":""MultiPoint"",""coordinates"":[]}"
20090605,2009-06-05,-0.009043552184783596,284.5176935643686,6.706173376413758E-4,"{""type"":""MultiPoint"",""coordinates"":[]}"
20090606,2009-06-06,-0.005145517642371722,285.8327736989203,0.008535149308831966,"{""type"":""MultiPoint"",""coordinates"":[]}"
20090607,2009-06-07,-0.007353025806285709,286.63812746606243,0.0038029183028150094,"{""type"":""MultiPoint"",""coordinates"":[]}"
20090608,2009-06-08,-0.007019277018395552,287.3566689883766,0.0015728219819092426,"{""type"":""MultiPoint"",""coordinates"":[]}"
20090609,2009-06-09,-0.007814206300145869,288.32829680997116,0.004346859296667688,"{""type"":""MultiPoint"",""coordinates"":[]}"
20090610,2009-06-10,-0.00625207195018306,287.3883736758185,0.003085933533384166,"{""type"":""MultiPoint"",""coordinates"":[]}"
20090611,2009-06-11,-0.008653730933436419,286.63926326690887,0.005316190402923643,"{""type"":""MultiPoint"",""coordinates"":[]}"
20090612,2009-06-12,-0.01080309678116212,285.17618308267305,0.0019654191358688205,"{""type"":""MultiPoint"",""coordinates"":[]}"
20090613,2009-06-13,-0.010810347267701133,286.5510652226601,3.2473307101415344E-4,"{""type"":""MultiPoint"",""coordinates"":[]}"
20090614,2009-06-14,-0.01121097066983351,290.15663910585926,1.3117559403990502E-4,"{""type"":""MultiPoint"",""coordinates"":[]}"
20090615,2009-06-15,-0.00572046949716963,291.413761396249,0.0065861217494177105,"{""type"":""MultiPoint"",""coordinates"":[]}"
20090616,2009-06-16,-0.006557163636559364,288.32226063572136,0.008974094972157357,"{""type"":""MultiPoint"",""coordinates"":[]}"
20090617,2009-06-17,-0.009688476018426307,288.27800291680956,1.0662772946424826E-4,"{""type"":""MultiPoint"",""coordinates"":[]}"
20090618,2009-06-18,-0.010957201006843257,291.66923363655366,1.3179734838739913E-4,"{""type"":""MultiPoint"",""coordinates"":[]}"
20090619,2009-06-19,-0.0035373577687474052,288.9063462288197,0.017213204520167603,"{""type"":""MultiPoint"",""coordinates"":[]}"
20090620,2009-06-20,-0.00554451733963873,285.053963006429,0.008290721750163725,"{""type"":""MultiPoint"",""coordinates"":[]}"
20090621,2009-06-21,-0.0066112171406684204,284.5683034781817,0.0034500012983942553,"{""type"":""MultiPoint"",""coordinates"":[]}"
20090622,2009-06-22,-0.0038066598482307413,283.1481005962728,0.01588960315352986,"{""type"":""MultiPoint"",""coordinates"":[]}"
20090623,2009-06-23,-0.0017722723590644618,283.8453007607113,0.032049189458188757,"{""type"":""MultiPoint"",""coordinates"":[]}"
20090624,2009-06-24,-0.002157942520910683,286.0379416962987,0.01675611448504572,"{""type"":""MultiPoint"",""coordinates"":[]}"
20090625,2009-06-25,-0.0033751328185593747,288.083620684536,0.005521421843393585,"{""type"":""MultiPoint"",""coordinates"":[]}"
20090626,2009-06-26,-0.00551290337869063,289.27701076971283,0.007168578474133854,"{""type"":""MultiPoint"",""coordinates"":[]}"
20090627,2009-06-27,-0.003743380226623656,289.23438552801446,0.008722684948604781,"{""type"":""MultiPoint"",""coordinates"":[]}"
20090628,2009-06-28,-0.003600653524310885,289.4231076813935,0.009620192236007064,"{""type"":""MultiPoint"",""coordinates"":[]}"
20090629,2009-06-29,-0.004804410524711051,290.3080274978438,0.006440678593284617,"{""type"":""MultiPoint"",""coordinates"":[]}"
20090630,2009-06-30,-0.006808484925923634,291.3097831917012,0.004942966389986849,"{""type"":""MultiPoint"",""coordinates"":[]}"
20090701,2009-07-01,-0.007073113397627052,291.8720127221375,0.0044544779187306064,"{""type"":""MultiPoint"",""coordinates"":[]}"
20090702,2009-07-02,-0.006915070006999014,291.9871818951194,0.006065120220291519,"{""type"":""MultiPoint"",""coordinates"":[]}"
20090703,2009-07-03,-0.006521245256730415,291.49191116360305,0.009343010089263306,"{""type"":""MultiPoint"",""coordinates"":[]}"
20090704,2009-07-04,-0.006338235956664927,291.26659862053964,0.006491222540019315,"{""type"":""MultiPoint"",""coordinates"":[]}"
20090705,2009-07-05,-0.007274090637855756,291.29632837437526,0.006109313756336798,"{""type"":""MultiPoint"",""coordinates"":[]}"
20090706,2009-07-06,-0.004081595515786757,289.83593092587154,0.009995495144892773,"{""type"":""MultiPoint"",""coordinates"":[]}"
20090707,2009-07-07,-0.00590994483372618,288.8939654137423,0.010691908465029045,"{""type"":""MultiPoint"",""coordinates"":[]}"
20090708,2009-07-08,-0.009785328112295866,286.8470145434881,0.005226684929198235,"{""type"":""MultiPoint"",""coordinates"":[]}"
20090709,2009-07-09,-0.008179227784449707,286.80239749905985,0.003496032884775416,"{""type"":""MultiPoint"",""coordinates"":[]}"
20090710,2009-07-10,-0.007269378142386246,285.95080284783194,0.0035420051662262216,"{""type"":""MultiPoint"",""coordinates"":[]}"
20090711,2009-07-11,-0.00798459497861478,286.1403349472408,0.0013762836072304975,"{""type"":""MultiPoint"",""coordinates"":[]}"
20090712,2009-07-12,-0.006516009731326039,288.0350576560465,0.0010018611684057543,"{""type"":""MultiPoint"",""coordinates"":[]}"
20090713,2009-07-13,-0.007503330941940367,291.4646962041503,0.0014054089238489046,"{""type"":""MultiPoint"",""coordinates"":[]}"
20090714,2009-07-14,-0.0073349680934834734,293.24750447986844,0.002242714271077895,"{""type"":""MultiPoint"",""coordinates"":[]}"
20090715,2009-07-15,-0.0052500295677300425,292.67437685192886,0.008314908787694494,"{""type"":""MultiPoint"",""coordinates"":[]}"
20090716,2009-07-16,-0.008251187796639062,293.1598202358597,0.0013371694858473502,"{""type"":""MultiPoint"",""coordinates"":[]}"
20090717,2009-07-17,-0.008771177905111265,293.09658050980926,0.008341666054384758,"{""type"":""MultiPoint"",""coordinates"":[]}"
20090718,2009-07-18,-0.0036882924616784534,285.2035345669768,0.022936902614139033,"{""type"":""MultiPoint"",""coordinates"":[]}"
20090719,2009-07-19,-0.008561682589635182,286.5737599245282,0.0015672729744656533,"{""type"":""MultiPoint"",""coordinates"":[]}"
20090720,2009-07-20,-0.007702714792083514,288.30506719141704,8.504409385279456E-4,"{""type"":""MultiPoint"",""coordinates"":[]}"
20090721,2009-07-21,-0.009226864166689625,291.7210032278339,5.584342937466186E-4,"{""type"":""MultiPoint"",""coordinates"":[]}"
20090722,2009-07-22,-0.009803921205786352,294.35390837942947,4.8768171000604E-4,"{""type"":""MultiPoint"",""coordinates"":[]}"
20090723,2009-07-23,-0.01077168701080883,295.05644720692516,0.008786840311105952,"{""type"":""MultiPoint"",""coordinates"":[]}"
20090724,2009-07-24,-0.008269874987630581,291.3128506353242,0.011501014925774124,"{""type"":""MultiPoint"",""coordinates"":[]}"
20090725,2009-07-25,-0.008901781386539786,287.8194318500599,0.005797215871370233,"{""type"":""MultiPoint"",""coordinates"":[]}"
20090726,2009-07-26,-0.009392111115872272,288.3346749652976,2.402861285434474E-4,"{""type"":""MultiPoint"",""coordinates"":[]}"
20090727,2009-07-27,-0.010726984551208981,291.6092475606763,7.100853783580287E-4,"{""type"":""MultiPoint"",""coordinates"":[]}"
20090728,2009-07-28,-0.005501921171593581,289.7719433309432,0.005566605607096376,"{""type"":""MultiPoint"",""coordinates"":[]}"
20090729,2009-07-29,-0.009918604492504264,291.25298875288524,2.1676704311550634E-5,"{""type"":""MultiPoint"",""coordinates"":[]}"
20090730,2009-07-30,-0.008491023573192176,291.58709438317914,0.0022234086256442127,"{""type"":""MultiPoint"",""coordinates"":[]}"
20090731,2009-07-31,-0.0062621408860136524,290.2228417643064,0.0015933252902628045,"{""type"":""MultiPoint"",""coordinates"":[]}"
20090801,2009-08-01,-0.008715364445751472,292.5961615491132,6.54683699853677E-4,"{""type"":""MultiPoint"",""coordinates"":[]}"
20090802,2009-08-02,-0.007946620964118651,292.54634562762766,0.0075554217778569755,"{""type"":""MultiPoint"",""coordinates"":[]}"
20090803,2009-08-03,-0.004938987022680108,289.627943535832,0.009221312387306372,"{""type"":""MultiPoint"",""coordinates"":[]}"
20090804,2009-08-04,-0.00420636542590958,288.412073066334,0.015220587534538522,"{""type"":""MultiPoint"",""coordinates"":[]}"
20090805,2009-08-05,-0.007706382365576349,290.2700304248559,7.510172456378156E-4,"{""type"":""MultiPoint"",""coordinates"":[]}"
20090806,2009-08-06,-0.009217665744106627,291.2937039566437,2.2382201344373068E-4,"{""type"":""MultiPoint"",""coordinates"":[]}"
20090807,2009-08-07,-0.010039089157778382,291.9616299500577,1.2106712290957737E-4,"{""type"":""MultiPoint"",""coordinates"":[]}"
20090808,2009-08-08,-0.00784650440248299,291.58339182069096,0.0019328014409889461,"{""type"":""MultiPoint"",""coordinates"":[]}"
20090809,2009-08-09,-0.0058408362116937,290.95580937028467,0.0036468482238392486,"{""type"":""MultiPoint"",""coordinates"":[]}"
20090810,2009-08-10,-0.004578593746846915,290.4176019056354,0.008746305148304207,"{""type"":""MultiPoint"",""coordinates"":[]}"
20090811,2009-08-11,-0.006567263263225467,289.9587934338454,0.005361570629587156,"{""type"":""MultiPoint"",""coordinates"":[]}"
20090812,2009-08-12,-0.007389419119929737,290.39989291735577,8.080649773861917E-4,"{""type"":""MultiPoint"",""coordinates"":[]}"
20090813,2009-08-13,-0.005915369898757547,289.8775945529574,0.0071694937237207134,"{""type"":""MultiPoint"",""coordinates"":[]}"
20090814,2009-08-14,-0.005358046697269431,289.5126117008421,0.0030393019062582606,"{""type"":""MultiPoint"",""coordinates"":[]}"
20090815,2009-08-15,-0.008598578559894942,291.5401524587481,3.9754034062917254E-5,"{""type"":""MultiPoint"",""coordinates"":[]}"
20090816,2009-08-16,-0.009409534996337935,293.3667423059208,2.307291282626192E-4,"{""type"":""MultiPoint"",""coordinates"":[]}"
20090817,2009-08-17,-0.009342686038701482,293.9855023859684,0.0016055536911108014,"{""type"":""MultiPoint"",""coordinates"":[]}"
20090818,2009-08-18,-0.008499298245217174,292.25856094373313,0.001992835815037021,"{""type"":""MultiPoint"",""coordinates"":[]}"
20090819,2009-08-19,-0.009189376324744812,292.67435530076193,3.257967913203845E-5,"{""type"":""MultiPoint"",""coordinates"":[]}"
20090820,2009-08-20,-0.010031394240740387,293.8645614313664,2.9401302457269498E-5,"{""type"":""MultiPoint"",""coordinates"":[]}"
20090821,2009-08-21,-0.007813509854551343,293.34600754282803,0.002172896260533306,"{""type"":""MultiPoint"",""coordinates"":[]}"
20090822,2009-08-22,-0.003068498854666211,289.24144708869323,0.011153719502304834,"{""type"":""MultiPoint"",""coordinates"":[]}"
20090823,2009-08-23,-0.00870559374114477,288.59956944586634,7.015964658329594E-4,"{""type"":""MultiPoint"",""coordinates"":[]}"
20090824,2009-08-24,-0.009241868890204888,290.49500523965276,2.53660251611956E-5,"{""type"":""MultiPoint"",""coordinates"":[]}"
20090825,2009-08-25,-0.00814594567100454,291.91053061539,0.0027875109598831218,"{""type"":""MultiPoint"",""coordinates"":[]}"
20090826,2009-08-26,-0.005394930048913113,291.9598319502609,0.002484896584109405,"{""type"":""MultiPoint"",""coordinates"":[]}"
20090827,2009-08-27,-0.006845605887450181,292.645363408279,9.036515401246202E-4,"{""type"":""MultiPoint"",""coordinates"":[]}"
20090828,2009-08-28,-0.0069910542517652614,292.8868914665938,0.0026521048239204403,"{""type"":""MultiPoint"",""coordinates"":[]}"
20090829,2009-08-29,-0.004641209264464094,287.38333114994106,0.008435622859051271,"{""type"":""MultiPoint"",""coordinates"":[]}"
20090830,2009-08-30,-0.008005354396841972,286.6646062133619,1.4510939761814032E-5,"{""type"":""MultiPoint"",""coordinates"":[]}"
20090831,2009-08-31,-0.008804485784252445,288.77711170555455,5.540376473687861E-8,"{""type"":""MultiPoint"",""coordinates"":[]}"
20090901,2009-09-01,-0.00904352288510899,291.78487380964066,4.402101629938468E-4,"{""type"":""MultiPoint"",""coordinates"":[]}"
20090902,2009-09-02,-0.0048512294080278705,290.9123704912328,0.004174067913714447,"{""type"":""MultiPoint"",""coordinates"":[]}"
20090903,2009-09-03,-0.006345136870799135,290.6409081536782,0.007205203598025586,"{""type"":""MultiPoint"",""coordinates"":[]}"
20090904,2009-09-04,-0.0031267332896098205,286.5442236436257,0.013850064965465267,"{""type"":""MultiPoint"",""coordinates"":[]}"
20090905,2009-09-05,-0.009000533742291128,284.2333487487788,9.37575196948394E-4,"{""type"":""MultiPoint"",""coordinates"":[]}"
20090906,2009-09-06,-0.0061856297380404185,284.3595211692971,5.128287079555932E-4,"{""type"":""MultiPoint"",""coordinates"":[]}"
20090907,2009-09-07,-0.007169050367681736,286.08359926622285,2.9044943458086824E-5,"{""type"":""MultiPoint"",""coordinates"":[]}"
20090908,2009-09-08,-0.008202722412614062,287.18748062079607,1.050696176012903E-6,"{""type"":""MultiPoint"",""coordinates"":[]}"
20090909,2009-09-09,-0.007419974888937676,287.65283080980765,5.450692866758859E-6,"{""type"":""MultiPoint"",""coordinates"":[]}"
20090910,2009-09-10,-0.005755751339752549,288.41783615738456,0.0024356629603100597,"{""type"":""MultiPoint"",""coordinates"":[]}"
20090911,2009-09-11,-0.004301747237102327,287.38969093522104,0.0054734902673093545,"{""type"":""MultiPoint"",""coordinates"":[]}"
20090912,2009-09-12,-0.004144909998673427,286.852793092784,0.0033268571890352787,"{""type"":""MultiPoint"",""coordinates"":[]}"
20090913,2009-09-13,-0.004291531503908354,285.5826826154858,0.0031516154119343564,"{""type"":""MultiPoint"",""coordinates"":[]}"
20090914,2009-09-14,-0.0022032018739301922,283.62003215864434,0.008327320332547872,"{""type"":""MultiPoint"",""coordinates"":[]}"
20090915,2009-09-15,-0.005376206424242259,286.66459826724986,9.748817357425101E-4,"{""type"":""MultiPoint"",""coordinates"":[]}"
20090916,2009-09-16,-0.004755650370370989,288.1625533352288,0.0012354381201423051,"{""type"":""MultiPoint"",""coordinates"":[]}"
20090917,2009-09-17,-0.0020766612647998835,287.69610374143446,0.006727228403271685,"{""type"":""MultiPoint"",""coordinates"":[]}"
20090918,2009-09-18,-0.0049773755623636895,288.51025143578187,4.871804220437065E-4,"{""type"":""MultiPoint"",""coordinates"":[]}"
20090919,2009-09-19,-0.005185941884513684,288.4633013095622,3.614341232532835E-4,"{""type"":""MultiPoint"",""coordinates"":[]}"
20090920,2009-09-20,-0.004034752829668712,288.44707050317345,0.0013900560424690979,"{""type"":""MultiPoint"",""coordinates"":[]}"
20090921,2009-09-21,-0.00443861092273787,288.706763982887,5.288986522304455E-4,"{""type"":""MultiPoint"",""coordinates"":[]}"
20090922,2009-09-22,-0.004835171919259138,288.7394104731634,1.4861711213282676E-4,"{""type"":""MultiPoint"",""coordinates"":[]}"
20090923,2009-09-23,-0.005229278018428223,288.94070919689165,1.7184883692684258E-4,"{""type"":""MultiPoint"",""coordinates"":[]}"
20090924,2009-09-24,-0.004366326619890053,287.9832902778139,4.5293431682111724E-4,"{""type"":""MultiPoint"",""coordinates"":[]}"
20090925,2009-09-25,-0.0038812618276696837,286.39345055581464,0.001230449086827376,"{""type"":""MultiPoint"",""coordinates"":[]}"
20090926,2009-09-26,-0.005303846284720905,285.71028069063493,3.8781912021880737E-4,"{""type"":""MultiPoint"",""coordinates"":[]}"
20090927,2009-09-27,-0.004914475267811393,286.1571747834125,3.4488477156655056E-4,"{""type"":""MultiPoint"",""coordinates"":[]}"
20090928,2009-09-28,-0.004718615140789658,286.55966895309786,2.4450027496812247E-4,"{""type"":""MultiPoint"",""coordinates"":[]}"
20090929,2009-09-29,-0.005917471195225303,286.07628878880735,1.5496119368554144E-4,"{""type"":""MultiPoint"",""coordinates"":[]}"
20090930,2009-09-30,-0.003590780546738851,285.403357092682,0.001284329021433375,"{""type"":""MultiPoint"",""coordinates"":[]}"
20091001,2009-10-01,-0.0044099877094362664,285.2947192537486,0.0012319431025377317,"{""type"":""MultiPoint"",""coordinates"":[]}"
20091002,2009-10-02,-0.0037208480224263205,282.93180204133006,0.002199932109179837,"{""type"":""MultiPoint"",""coordinates"":[]}"
20091003,2009-10-03,-0.005638402762746444,283.2019109384698,7.984251248895149E-5,"{""type"":""MultiPoint"",""coordinates"":[]}"
20091004,2009-10-04,-0.007104985020176814,284.4614577289714,1.3673653062403093E-5,"{""type"":""MultiPoint"",""coordinates"":[]}"
20091005,2009-10-05,-0.004594779764064582,284.8952425003632,0.001992829301050772,"{""type"":""MultiPoint"",""coordinates"":[]}"
20091006,2009-10-06,-0.004597193970047446,288.77446800763994,9.023115387288829E-4,"{""type"":""MultiPoint"",""coordinates"":[]}"
20091007,2009-10-07,-0.005627967266351305,290.4468340245852,2.293247146357358E-4,"{""type"":""MultiPoint"",""coordinates"":[]}"
20091008,2009-10-08,-0.004025394464329196,288.78655952970547,0.004174657609603342,"{""type"":""MultiPoint"",""coordinates"":[]}"
20091009,2009-10-09,-0.0022400268932618924,284.9811735305035,0.006071501545787824,"{""type"":""MultiPoint"",""coordinates"":[]}"
20091010,2009-10-10,-0.002040223950388649,284.1610464936548,0.007458853498100873,"{""type"":""MultiPoint"",""coordinates"":[]}"
20091011,2009-10-11,-0.004590289234691949,283.29773234329394,0.0035698574767574743,"{""type"":""MultiPoint"",""coordinates"":[]}"
20091012,2009-10-12,-0.0029975537343563522,279.4147818407436,0.01879654646309537,"{""type"":""MultiPoint"",""coordinates"":[]}"
20091013,2009-10-13,-0.003711295106605682,275.9418231043239,0.006714699698428188,"{""type"":""MultiPoint"",""coordinates"":[]}"
20091014,2009-10-14,-0.003945261789679673,273.59414253216755,0.0041566002733237255,"{""type"":""MultiPoint"",""coordinates"":[]}"
20091015,2009-10-15,-0.0036241433022478012,272.70844763659414,0.0029255069931806623,"{""type"":""MultiPoint"",""coordinates"":[]}"
20091016,2009-10-16,-0.0025596540471755098,274.06477385077955,0.006684750898591923,"{""type"":""MultiPoint"",""coordinates"":[]}"
20091017,2009-10-17,-0.0012294168033375656,274.8006707298035,0.007990087695356758,"{""type"":""MultiPoint"",""coordinates"":[]}"
20091018,2009-10-18,-0.0015276801174261558,274.60786578095633,0.00323059726786764,"{""type"":""MultiPoint"",""coordinates"":[]}"
20091019,2009-10-19,-0.0024396870717374804,274.1264737767089,2.168654655030023E-4,"{""type"":""MultiPoint"",""coordinates"":[]}"
20091020,2009-10-20,-0.0024132485044489017,274.1709598209341,3.0669065666187834E-4,"{""type"":""MultiPoint"",""coordinates"":[]}"
20091021,2009-10-21,-0.002547900061630549,276.1639131386362,6.492764205852029E-5,"{""type"":""MultiPoint"",""coordinates"":[]}"
20091022,2009-10-22,-0.0013704854140761098,279.81242384546044,0.004054858825829094,"{""type"":""MultiPoint"",""coordinates"":[]}"
20091023,2009-10-23,-0.001475559415544202,279.6006639102276,0.00249401282403814,"{""type"":""MultiPoint"",""coordinates"":[]}"
20091024,2009-10-24,-0.001475437964335756,279.8338943217731,0.0016352729804134263,"{""type"":""MultiPoint"",""coordinates"":[]}"
20091025,2009-10-25,-0.0019544001859668333,280.87382692110515,6.592509795471411E-4,"{""type"":""MultiPoint"",""coordinates"":[]}"
20091026,2009-10-26,-0.0014359025004798372,281.25629421609,0.0011413787840624796,"{""type"":""MultiPoint"",""coordinates"":[]}"
20091027,2009-10-27,-0.002172995651032462,280.67207096886244,4.133190819447949E-4,"{""type"":""MultiPoint"",""coordinates"":[]}"
20091028,2009-10-28,-0.0025286699726048984,280.1886276548941,7.392443332714838E-5,"{""type"":""MultiPoint"",""coordinates"":[]}"
20091029,2009-10-29,-0.0022962636303787147,279.65503899735637,0.0014412555090983462,"{""type"":""MultiPoint"",""coordinates"":[]}"
20091030,2009-10-30,-0.002673917239241331,277.817810163646,1.6766925499437288E-4,"{""type"":""MultiPoint"",""coordinates"":[]}"
20091031,2009-10-31,-0.0023957835697174775,275.54459358762205,5.477420049381591E-6,"{""type"":""MultiPoint"",""coordinates"":[]}"
20091101,2009-11-01,-0.002529265283545823,276.3991061722163,1.5530282647582713E-5,"{""type"":""MultiPoint"",""coordinates"":[]}"
20091102,2009-11-02,-0.0013242759358998058,277.0374430130211,0.01299116214531867,"{""type"":""MultiPoint"",""coordinates"":[]}"
20091103,2009-11-03,-0.0016383853859369653,275.35754778378686,0.006509205994444818,"{""type"":""MultiPoint"",""coordinates"":[]}"
20091104,2009-11-04,-0.0016526516146802394,275.9998233300825,0.006005777572201101,"{""type"":""MultiPoint"",""coordinates"":[]}"
20091105,2009-11-05,-0.00235877871946809,275.80359007000993,1.3335644474823564E-4,"{""type"":""MultiPoint"",""coordinates"":[]}"
20091106,2009-11-06,-0.0012042540803256622,275.62034707993473,0.0011394439752096216,"{""type"":""MultiPoint"",""coordinates"":[]}"
20091107,2009-11-07,-0.001687257899060119,276.3311421151366,0.0010824779184957424,"{""type"":""MultiPoint"",""coordinates"":[]}"
20091108,2009-11-08,-0.0013234158667606746,276.32262105760486,0.003711422576295381,"{""type"":""MultiPoint"",""coordinates"":[]}"
20091109,2009-11-09,-0.0012246055610096983,276.7813735761118,0.0035996897988818362,"{""type"":""MultiPoint"",""coordinates"":[]}"
20091110,2009-11-10,-0.0012986354339574757,275.50835084521964,0.002288043337732194,"{""type"":""MultiPoint"",""coordinates"":[]}"
20091111,2009-11-11,-0.0014634611203406844,275.5518639884207,0.0024379928221583943,"{""type"":""MultiPoint"",""coordinates"":[]}"
20091112,2009-11-12,-0.001803463765930998,276.1358348817736,7.261730894518182E-4,"{""type"":""MultiPoint"",""coordinates"":[]}"
20091113,2009-11-13,-9.438792648510271E-4,279.06874386468735,2.0289978177543444E-4,"{""type"":""MultiPoint"",""coordinates"":[]}"
20091114,2009-11-14,-0.0011196738443919627,278.6844855145589,4.089248357585645E-4,"{""type"":""MultiPoint"",""coordinates"":[]}"
20091115,2009-11-15,-0.0013234877450336304,279.37967602667663,6.362903308134095E-4,"{""type"":""MultiPoint"",""coordinates"":[]}"
20091116,2009-11-16,-6.682403239236463E-4,280.14810520789837,0.0026314883804336732,"{""type"":""MultiPoint"",""coordinates"":[]}"
20091117,2009-11-17,-0.001683955947505865,282.09838068401103,0.0010308964502141016,"{""type"":""MultiPoint"",""coordinates"":[]}"
20091118,2009-11-18,-0.0013696593515825524,280.2776972978577,0.002073895418606861,"{""type"":""MultiPoint"",""coordinates"":[]}"
20091119,2009-11-19,-0.001515987361179951,278.929324192971,1.0946458015798922E-6,"{""type"":""MultiPoint"",""coordinates"":[]}"
20091120,2009-11-20,-0.0010842375840029834,278.85289499186183,6.116764943354258E-6,"{""type"":""MultiPoint"",""coordinates"":[]}"
20091121,2009-11-21,-0.0011330689622778682,278.64880488268983,5.4244399052934276E-5,"{""type"":""MultiPoint"",""coordinates"":[]}"
20091122,2009-11-22,-0.0014739629226849954,278.42231222779174,4.382961915088433E-4,"{""type"":""MultiPoint"",""coordinates"":[]}"
20091123,2009-11-23,-0.0034053316879798694,279.4326273247537,0.0028905786491276297,"{""type"":""MultiPoint"",""coordinates"":[]}"
20091124,2009-11-24,-0.002480446825880031,280.36949575050767,0.005695229479091459,"{""type"":""MultiPoint"",""coordinates"":[]}"
20091125,2009-11-25,-0.0015005495870409904,279.7492755397179,3.008398082982732E-5,"{""type"":""MultiPoint"",""coordinates"":[]}"
20091126,2009-11-26,-0.0016748352234878805,278.0921526806151,4.3225985922037166E-4,"{""type"":""MultiPoint"",""coordinates"":[]}"
20091127,2009-11-27,-0.0014676460529894095,277.40760459132,0.0011155084255121113,"{""type"":""MultiPoint"",""coordinates"":[]}"
20091128,2009-11-28,-0.001878250577667089,276.7626962099735,0.001244542165249786,"{""type"":""MultiPoint"",""coordinates"":[]}"
20091129,2009-11-29,-0.001618560598139086,276.4457326003082,2.9058007027384065E-4,"{""type"":""MultiPoint"",""coordinates"":[]}"
20091130,2009-11-30,-0.001763560061611602,278.2834799001057,0.007748646877475533,"{""type"":""MultiPoint"",""coordinates"":[]}"
20091201,2009-12-01,-8.266256322399104E-4,275.48537023240715,0.008982254893235127,"{""type"":""MultiPoint"",""coordinates"":[]}"
20091202,2009-12-02,-0.0010140591542454483,273.60268638331286,4.024090157001327E-4,"{""type"":""MultiPoint"",""coordinates"":[]}"
20091203,2009-12-03,-8.907800873269215E-4,272.5848264051759,1.8226655905208812E-4,"{""type"":""MultiPoint"",""coordinates"":[]}"
20091204,2009-12-04,-4.194769627185608E-4,273.20069291592137,0.0032930518719268206,"{""type"":""MultiPoint"",""coordinates"":[]}"
20091205,2009-12-05,-8.029225765106472E-4,272.78709625363547,1.01112228388696E-4,"{""type"":""MultiPoint"",""coordinates"":[]}"
20091206,2009-12-06,-8.625812706064004E-4,275.1553584221496,0.0014034998450128964,"{""type"":""MultiPoint"",""coordinates"":[]}"
20091207,2009-12-07,-2.585882871954317E-4,277.19229337465885,0.0038553916050686043,"{""type"":""MultiPoint"",""coordinates"":[]}"
20091208,2009-12-08,-8.602039282158441E-4,275.37733553877894,0.009020082726225339,"{""type"":""MultiPoint"",""coordinates"":[]}"
20091209,2009-12-09,-0.001001481315419088,274.6477458258825,0.0022169835330513948,"{""type"":""MultiPoint"",""coordinates"":[]}"
20091210,2009-12-10,-5.991261542589326E-4,274.4850832950653,0.006350368003604817,"{""type"":""MultiPoint"",""coordinates"":[]}"
20091211,2009-12-11,-6.098941916530381E-4,274.07330719575896,0.010112142495039198,"{""type"":""MultiPoint"",""coordinates"":[]}"
20091212,2009-12-12,-0.0011583072994641726,271.2881472323094,0.0023196551136936967,"{""type"":""MultiPoint"",""coordinates"":[]}"
20091213,2009-12-13,-0.0015295468923453947,268.50241715551533,5.102744012208648E-4,"{""type"":""MultiPoint"",""coordinates"":[]}"
20091214,2009-12-14,-0.0015570948723238954,266.99534447240393,1.0047788697335467E-4,"{""type"":""MultiPoint"",""coordinates"":[]}"
20091215,2009-12-15,-0.001613901923533245,267.10788407202614,2.394912778797566E-4,"{""type"":""MultiPoint"",""coordinates"":[]}"
20091216,2009-12-16,-0.0011976769852819202,266.198832865347,9.146804923486454E-4,"{""type"":""MultiPoint"",""coordinates"":[]}"
20091217,2009-12-17,-9.78273012855095E-4,264.009668203541,5.4161773895556E-4,"{""type"":""MultiPoint"",""coordinates"":[]}"
20091218,2009-12-18,-7.910964990103021E-4,262.7867370159421,5.361265863349664E-4,"{""type"":""MultiPoint"",""coordinates"":[]}"
20091219,2009-12-19,-7.105427119836196E-4,261.5541154409203,0.001981234647733127,"{""type"":""MultiPoint"",""coordinates"":[]}"
20091220,2009-12-20,-0.0010535179792753421,260.4179671952121,9.928403062976726E-4,"{""type"":""MultiPoint"",""coordinates"":[]}"
20091221,2009-12-21,-8.2944649478393E-4,266.60815397965945,0.0014930931802943329,"{""type"":""MultiPoint"",""coordinates"":[]}"
20091222,2009-12-22,-0.0011945423845843026,272.2697672399083,0.0013361282378284583,"{""type"":""MultiPoint"",""coordinates"":[]}"
20091223,2009-12-23,-3.1233484184471855E-4,274.0857301892483,0.005605125221360387,"{""type"":""MultiPoint"",""coordinates"":[]}"
20091224,2009-12-24,-1.4612992463522274E-4,275.0434991652247,0.0018138899462890956,"{""type"":""MultiPoint"",""coordinates"":[]}"
20091225,2009-12-25,-8.371724085025225E-4,276.57185308549845,0.006585379999336531,"{""type"":""MultiPoint"",""coordinates"":[]}"
20091226,2009-12-26,-0.0012571266394646213,271.1599514800153,1.2897687402058227E-4,"{""type"":""MultiPoint"",""coordinates"":[]}"
20091227,2009-12-27,-7.346514707422211E-4,270.213880504277,5.603296065823038E-4,"{""type"":""MultiPoint"",""coordinates"":[]}"
20091228,2009-12-28,-0.001115144787355073,271.4416378486499,4.601083142032934E-4,"{""type"":""MultiPoint"",""coordinates"":[]}"
20091229,2009-12-29,-7.386350995665454E-4,271.44874941177295,0.003468459922719431,"{""type"":""MultiPoint"",""coordinates"":[]}"
20091230,2009-12-30,-2.2529782406932754E-4,274.7157412281508,0.005779140136231915,"{""type"":""MultiPoint"",""coordinates"":[]}"
20091231,2009-12-31,-3.110830051632245E-5,274.615890483036,0.003125316714758028,"{""type"":""MultiPoint"",""coordinates"":[]}"
20100101,2010-01-01,-2.3529770798441578E-4,273.3095643278203,0.0021061109759870477,"{""type"":""MultiPoint"",""coordinates"":[]}"
20100102,2010-01-02,-0.0016386874618175957,269.41144335751346,0.0043633207359269795,"{""type"":""MultiPoint"",""coordinates"":[]}"
20100103,2010-01-03,-0.0013033241590214633,266.8112170018635,6.549717973726417E-4,"{""type"":""MultiPoint"",""coordinates"":[]}"
20100104,2010-01-04,-6.970451454802111E-4,266.22905157525764,2.890092501901339E-4,"{""type"":""MultiPoint"",""coordinates"":[]}"
20100105,2010-01-05,-6.62319616759302E-4,265.9393073082717,2.3306646867533217E-4,"{""type"":""MultiPoint"",""coordinates"":[]}"
20100106,2010-01-06,-4.6620535118037544E-4,267.68113858315695,0.0016961111486175956,"{""type"":""MultiPoint"",""coordinates"":[]}"
20100107,2010-01-07,-7.150160647080921E-4,268.13123942151344,9.341793124920797E-4,"{""type"":""MultiPoint"",""coordinates"":[]}"
20100108,2010-01-08,-7.323349695240837E-4,268.5939857224849,0.005183000332227674,"{""type"":""MultiPoint"",""coordinates"":[]}"
20100109,2010-01-09,-6.59557684938555E-4,269.3306488498462,0.004640223913923007,"{""type"":""MultiPoint"",""coordinates"":[]}"
20100110,2010-01-10,-5.65343009091247E-4,268.72697142212036,0.0028723476821206555,"{""type"":""MultiPoint"",""coordinates"":[]}"
20100111,2010-01-11,-4.0732992477322377E-4,267.58309119690637,0.0034851385917673,"{""type"":""MultiPoint"",""coordinates"":[]}"
20100112,2010-01-12,-4.908356339043924E-4,266.36606335904384,3.1505436254915454E-4,"{""type"":""MultiPoint"",""coordinates"":[]}"
20100113,2010-01-13,-4.6007373032031255E-4,267.2749518724671,3.684905906178617E-4,"{""type"":""MultiPoint"",""coordinates"":[]}"
20100114,2010-01-14,-6.63559281832757E-4,268.78631213677915,2.615439285803038E-4,"{""type"":""MultiPoint"",""coordinates"":[]}"
20100115,2010-01-15,-5.919737956983517E-4,267.7917164590451,8.37301118342696E-5,"{""type"":""MultiPoint"",""coordinates"":[]}"
20100116,2010-01-16,-5.810155061393054E-4,267.6288652062572,1.0405501622212159E-4,"{""type"":""MultiPoint"",""coordinates"":[]}"
20100117,2010-01-17,-8.870986411765905E-4,271.533523262478,0.0073986152802464475,"{""type"":""MultiPoint"",""coordinates"":[]}"
20100118,2010-01-18,-6.46943675283051E-4,271.83186260810726,0.0033184097717358792,"{""type"":""MultiPoint"",""coordinates"":[]}"
20100119,2010-01-19,-6.728375786607435E-4,270.42853697779265,6.920704609069948E-4,"{""type"":""MultiPoint"",""coordinates"":[]}"
20100120,2010-01-20,-7.077450191728451E-4,268.8756891533265,1.808855762207131E-4,"{""type"":""MultiPoint"",""coordinates"":[]}"
20100121,2010-01-21,-3.178592568232414E-4,267.8707952378132,0.001958682569693717,"{""type"":""MultiPoint"",""coordinates"":[]}"
20100122,2010-01-22,-6.381293517564685E-4,266.7693741767494,2.814393333742244E-4,"{""type"":""MultiPoint"",""coordinates"":[]}"
20100123,2010-01-23,-6.768998658983387E-4,265.29018267397964,1.692193953644165E-5,"{""type"":""MultiPoint"",""coordinates"":[]}"
20100124,2010-01-24,-7.043204578570841E-4,265.82142487803617,1.6679186224827263E-4,"{""type"":""MultiPoint"",""coordinates"":[]}"
20100125,2010-01-25,-9.485731690281972E-4,267.49821343905313,0.001092556058972709,"{""type"":""MultiPoint"",""coordinates"":[]}"
20100126,2010-01-26,-6.87791679370967E-4,265.8724528240347,0.003181121140516119,"{""type"":""MultiPoint"",""coordinates"":[]}"
20100127,2010-01-27,-7.549823914251392E-4,261.4768144174172,8.384733626835256E-5,"{""type"":""MultiPoint"",""coordinates"":[]}"
20100128,2010-01-28,-0.0013607348945632576,268.281242375775,0.00646394620292008,"{""type"":""MultiPoint"",""coordinates"":[]}"
20100129,2010-01-29,-0.0014260774598005743,269.7450768624436,0.0032355179034788692,"{""type"":""MultiPoint"",""coordinates"":[]}"
20100130,2010-01-30,-0.0011485419411051978,268.6955149377708,0.002870233413232243,"{""type"":""MultiPoint"",""coordinates"":[]}"
20100131,2010-01-31,-0.0010543901269147798,265.4610797656731,0.0010426518959158974,"{""type"":""MultiPoint"",""coordinates"":[]}"
20100201,2010-02-01,-0.001433868024225062,265.74643872785765,0.0015075222594238438,"{""type"":""MultiPoint"",""coordinates"":[]}"
20100202,2010-02-02,-0.0020929771204347396,267.89265091613925,0.0023885692073277857,"{""type"":""MultiPoint"",""coordinates"":[]}"
20100203,2010-02-03,-0.0010883907234651474,271.2224017454376,0.009659835286517125,"{""type"":""MultiPoint"",""coordinates"":[]}"
20100204,2010-02-04,-0.001070358993390955,270.8003394853805,5.174412813028474E-4,"{""type"":""MultiPoint"",""coordinates"":[]}"
20100205,2010-02-05,-8.187023023844239E-4,271.80883512379955,0.0022650573465255825,"{""type"":""MultiPoint"",""coordinates"":[]}"
20100206,2010-02-06,-4.8730527233198416E-4,272.02145273654435,0.004776132704953424,"{""type"":""MultiPoint"",""coordinates"":[]}"
20100207,2010-02-07,-0.0010774570139050858,268.48124894974916,0.0014331662522446178,"{""type"":""MultiPoint"",""coordinates"":[]}"
20100208,2010-02-08,-0.0012088728097998053,266.0171348884412,7.982469309179445E-5,"{""type"":""MultiPoint"",""coordinates"":[]}"
20100209,2010-02-09,-0.0011673111138686824,265.4571096969319,1.1926708887790011E-4,"{""type"":""MultiPoint"",""coordinates"":[]}"
20100210,2010-02-10,-6.388696857620894E-4,266.4970169883444,0.004293916297028444,"{""type"":""MultiPoint"",""coordinates"":[]}"
20100211,2010-02-11,-7.384314277216629E-4,266.0043240911697,0.0052355425014972345,"{""type"":""MultiPoint"",""coordinates"":[]}"
20100212,2010-02-12,-9.595989284129898E-4,265.7614927393562,0.0012303949162991632,"{""type"":""MultiPoint"",""coordinates"":[]}"
20100213,2010-02-13,-0.001156978269090551,266.5252029056143,3.4301403337540194E-4,"{""type"":""MultiPoint"",""coordinates"":[]}"
20100214,2010-02-14,-0.001078295508117363,266.1288658040361,1.433256648130137E-4,"{""type"":""MultiPoint"",""coordinates"":[]}"
20100215,2010-02-15,-0.0012858266184235764,266.0673487651812,1.352438574922558E-4,"{""type"":""MultiPoint"",""coordinates"":[]}"
20100216,2010-02-16,-0.0012819281301076034,266.0739048760059,6.877064223295167E-5,"{""type"":""MultiPoint"",""coordinates"":[]}"
20100217,2010-02-17,-0.0013287731053025474,270.0102348532208,3.15187180109745E-4,"{""type"":""MultiPoint"",""coordinates"":[]}"
20100218,2010-02-18,-9.444974403859215E-4,272.6576305383295,9.467378169595414E-4,"{""type"":""MultiPoint"",""coordinates"":[]}"
20100219,2010-02-19,-6.574461964338977E-4,273.29067264938783,0.004811809737617141,"{""type"":""MultiPoint"",""coordinates"":[]}"
20100220,2010-02-20,-0.0019632065504271196,271.77153558617346,0.003078753213498686,"{""type"":""MultiPoint"",""coordinates"":[]}"
20100221,2010-02-21,-0.0025692808016396897,270.3955356430039,3.5331542737327754E-4,"{""type"":""MultiPoint"",""coordinates"":[]}"
20100222,2010-02-22,-0.0015893615671962395,271.8156604290644,5.491888188674817E-4,"{""type"":""MultiPoint"",""coordinates"":[]}"
20100223,2010-02-23,-0.0016068090775145957,274.25105626834284,0.0012278264463772806,"{""type"":""MultiPoint"",""coordinates"":[]}"
20100224,2010-02-24,-0.001428131761506673,275.41869607087136,5.592200309663908E-4,"{""type"":""MultiPoint"",""coordinates"":[]}"
20100225,2010-02-25,-0.0024814970109379264,275.4394917928495,5.674063754839987E-4,"{""type"":""MultiPoint"",""coordinates"":[]}"
20100226,2010-02-26,-0.0015311803015894663,275.7212854366873,0.004811405745729839,"{""type"":""MultiPoint"",""coordinates"":[]}"
20100227,2010-02-27,-0.004213207116921799,274.8683672882288,2.470686057482285E-4,"{""type"":""MultiPoint"",""coordinates"":[]}"
20100228,2010-02-28,-0.0037457909947862045,277.1845089943796,0.002154904395317457,"{""type"":""MultiPoint"",""coordinates"":[]}"
20100301,2010-03-01,-0.005330059368179687,276.07729845883705,4.962205121984006E-4,"{""type"":""MultiPoint"",""coordinates"":[]}"
20100302,2010-03-02,-0.0022992010186806437,273.55241820318184,0.002912506991772637,"{""type"":""MultiPoint"",""coordinates"":[]}"
20100303,2010-03-03,-0.0034436476525479625,272.54518130854296,2.048707739726838E-4,"{""type"":""MultiPoint"",""coordinates"":[]}"
20100304,2010-03-04,-0.002590974808234431,271.83848406236865,0.001216389794825004,"{""type"":""MultiPoint"",""coordinates"":[]}"
20100305,2010-03-05,-0.0033210530933004286,267.96606246654386,0.0015836059170150543,"{""type"":""MultiPoint"",""coordinates"":[]}"
20100306,2010-03-06,-0.0020257804801467015,267.56056253722136,0.006224201702731119,"{""type"":""MultiPoint"",""coordinates"":[]}"
20100307,2010-03-07,-0.003105999414842683,266.2274858880279,3.132407532881833E-4,"{""type"":""MultiPoint"",""coordinates"":[]}"
20100308,2010-03-08,-0.0029031240265995455,265.21174930073545,3.846413560590437E-4,"{""type"":""MultiPoint"",""coordinates"":[]}"
20100309,2010-03-09,-0.0038485426910017653,265.95520209378435,1.8264271049075938E-4,"{""type"":""MultiPoint"",""coordinates"":[]}"
20100310,2010-03-10,-0.004501261185187162,268.90045842005327,4.585717750077148E-4,"{""type"":""MultiPoint"",""coordinates"":[]}"
20100311,2010-03-11,-0.0016037693592438193,270.1286870574536,0.004324359388463634,"{""type"":""MultiPoint"",""coordinates"":[]}"
20100312,2010-03-12,-0.0028272774749997574,270.41484731796925,0.0011643850434594472,"{""type"":""MultiPoint"",""coordinates"":[]}"
20100313,2010-03-13,-0.003260797294166379,271.88089281804224,0.0017368034543725859,"{""type"":""MultiPoint"",""coordinates"":[]}"
20100314,2010-03-14,-0.004070972108713312,273.20811255609254,0.0018440818882220357,"{""type"":""MultiPoint"",""coordinates"":[]}"
20100315,2010-03-15,-0.0033856796885996443,272.7351955910652,0.004782054982524205,"{""type"":""MultiPoint"",""coordinates"":[]}"
20100316,2010-03-16,-0.0021260929809480376,273.539893931894,0.008152051190947078,"{""type"":""MultiPoint"",""coordinates"":[]}"
20100317,2010-03-17,-0.0038738404202390514,274.4159846978943,3.084024362225726E-4,"{""type"":""MultiPoint"",""coordinates"":[]}"
20100318,2010-03-18,-0.004608481279606664,276.9465976162878,6.171476771989678E-8,"{""type"":""MultiPoint"",""coordinates"":[]}"
20100319,2010-03-19,-0.004553522723982366,278.70564511770107,4.774905273367234E-7,"{""type"":""MultiPoint"",""coordinates"":[]}"
20100320,2010-03-20,-0.0033176271919654406,279.8571535299625,8.079643677271724E-4,"{""type"":""MultiPoint"",""coordinates"":[]}"
20100321,2010-03-21,-0.0023508601106639678,280.9732611358456,0.0031891011276883414,"{""type"":""MultiPoint"",""coordinates"":[]}"
20100322,2010-03-22,-0.0025311835582868094,279.98847663066783,7.545854237631943E-4,"{""type"":""MultiPoint"",""coordinates"":[]}"
20100323,2010-03-23,-0.00405823968386968,279.511684039594,2.6187768177859937E-5,"{""type"":""MultiPoint"",""coordinates"":[]}"
20100324,2010-03-24,-0.005578502496598914,280.60452242425777,8.20586031380916E-6,"{""type"":""MultiPoint"",""coordinates"":[]}"
20100325,2010-03-25,-0.005817395693382292,282.236427637256,4.7401536582592E-5,"{""type"":""MultiPoint"",""coordinates"":[]}"
20100326,2010-03-26,-0.005989701584879315,281.8573544357622,0.003991730477032614,"{""type"":""MultiPoint"",""coordinates"":[]}"
20100327,2010-03-27,-0.005510798986603079,278.8056659633111,0.002636696811091645,"{""type"":""MultiPoint"",""coordinates"":[]}"
20100328,2010-03-28,-0.0039449856684261025,278.4832939597344,0.004542827421349483,"{""type"":""MultiPoint"",""coordinates"":[]}"
20100329,2010-03-29,-0.0037596212360225334,280.70921906303914,0.001229147806355475,"{""type"":""MultiPoint"",""coordinates"":[]}"
20100330,2010-03-30,-0.006960303235325982,281.9451314292523,0.0013806492108725586,"{""type"":""MultiPoint"",""coordinates"":[]}"
20100331,2010-03-31,-0.005072636425438393,278.05669400652744,0.003871765210093783,"{""type"":""MultiPoint"",""coordinates"":[]}"
20100401,2010-04-01,-0.0033894586128285394,275.77639358146314,0.00444591359611006,"{""type"":""MultiPoint"",""coordinates"":[]}"
20100402,2010-04-02,-0.005117764702556034,275.2476307286891,0.0017568385975392472,"{""type"":""MultiPoint"",""coordinates"":[]}"
20100403,2010-04-03,-0.006096015013585218,277.98190648257815,6.772325005687065E-4,"{""type"":""MultiPoint"",""coordinates"":[]}"
20100404,2010-04-04,-0.0045195667624276245,279.20435298427043,0.0033167071044544567,"{""type"":""MultiPoint"",""coordinates"":[]}"
20100405,2010-04-05,-0.0037308195119639524,277.3615682277798,0.004097921426913827,"{""type"":""MultiPoint"",""coordinates"":[]}"
20100406,2010-04-06,-0.006568199958414173,277.8287724795613,8.273870864299414E-5,"{""type"":""MultiPoint"",""coordinates"":[]}"
20100407,2010-04-07,-0.007516044365329542,279.6055210042185,3.784758771171325E-6,"{""type"":""MultiPoint"",""coordinates"":[]}"
20100408,2010-04-08,-0.006487849591507725,281.0572131145266,8.323140289286946E-5,"{""type"":""MultiPoint"",""coordinates"":[]}"
20100409,2010-04-09,-0.0062653977728028745,280.98304932795,6.821721555178825E-4,"{""type"":""MultiPoint"",""coordinates"":[]}"
20100410,2010-04-10,-0.005172505030078408,278.27201180805554,0.003072421827515526,"{""type"":""MultiPoint"",""coordinates"":[]}"
20100411,2010-04-11,-0.00404966125959417,275.96289220945664,0.0032495504667033534,"{""type"":""MultiPoint"",""coordinates"":[]}"
20100412,2010-04-12,-0.00417265936182666,276.3940623357114,0.003676234387872954,"{""type"":""MultiPoint"",""coordinates"":[]}"
20100413,2010-04-13,-0.004108847518004522,278.35582302447386,0.004341827972288531,"{""type"":""MultiPoint"",""coordinates"":[]}"
20100414,2010-04-14,-0.0020647033874470594,277.8788430094914,0.010436848642193642,"{""type"":""MultiPoint"",""coordinates"":[]}"
20100415,2010-04-15,-0.00408139668543635,278.1689821060152,0.0035994533919441675,"{""type"":""MultiPoint"",""coordinates"":[]}"
20100416,2010-04-16,-0.004701971124825052,279.6553190909379,0.0015198408188139305,"{""type"":""MultiPoint"",""coordinates"":[]}"
20100417,2010-04-17,-0.007043022973438203,279.94818703249297,7.931963138828114E-5,"{""type"":""MultiPoint"",""coordinates"":[]}"
20100418,2010-04-18,-0.006006024219601745,280.5197282174106,0.001882531703644597,"{""type"":""MultiPoint"",""coordinates"":[]}"
20100419,2010-04-19,-0.006828462758897313,282.06002997051075,8.894435173090152E-4,"{""type"":""MultiPoint"",""coordinates"":[]}"
20100420,2010-04-20,-0.007805355903216513,282.13546789154816,0.0016778112351822504,"{""type"":""MultiPoint"",""coordinates"":[]}"
20100421,2010-04-21,-0.007268157889946225,280.15850897349367,0.0016187011142462441,"{""type"":""MultiPoint"",""coordinates"":[]}"
20100422,2010-04-22,-0.007028679063727442,278.82645550312776,1.257112845368438E-4,"{""type"":""MultiPoint"",""coordinates"":[]}"
20100423,2010-04-23,-0.006320226550817715,280.6264105821572,2.782499427163323E-4,"{""type"":""MultiPoint"",""coordinates"":[]}"
20100424,2010-04-24,-0.007298390766490807,282.93135430412553,1.6506848747128622E-4,"{""type"":""MultiPoint"",""coordinates"":[]}"
20100425,2010-04-25,-0.008064675963159677,284.85142038071166,3.608188199516872E-4,"{""type"":""MultiPoint"",""coordinates"":[]}"
20100426,2010-04-26,-0.005798823818071157,284.06531937900667,0.003464626247039984,"{""type"":""MultiPoint"",""coordinates"":[]}"
20100427,2010-04-27,-0.006230697226144144,283.58223388786314,6.889934516790516E-4,"{""type"":""MultiPoint"",""coordinates"":[]}"
20100428,2010-04-28,-0.008249167972847462,284.146502069585,1.8515801032157107E-5,"{""type"":""MultiPoint"",""coordinates"":[]}"
20100429,2010-04-29,-0.009334227080691922,286.37879534593054,1.476771148142123E-6,"{""type"":""MultiPoint"",""coordinates"":[]}"
20100430,2010-04-30,-0.007738236497186993,287.6046597897782,0.004375165066299438,"{""type"":""MultiPoint"",""coordinates"":[]}"
20100501,2010-05-01,-0.004054504173552948,285.60737933782184,0.009513255271810198,"{""type"":""MultiPoint"",""coordinates"":[]}"
20100502,2010-05-02,-0.0034426605203749057,284.2185425789934,0.00912457617056534,"{""type"":""MultiPoint"",""coordinates"":[]}"
20100503,2010-05-03,-0.0029071401442686347,282.6128417880032,0.006355095114680191,"{""type"":""MultiPoint"",""coordinates"":[]}"
20100504,2010-05-04,-0.002489017981459812,282.2077762411603,0.005593684497295957,"{""type"":""MultiPoint"",""coordinates"":[]}"
20100505,2010-05-05,-0.003797667179705982,281.4800136705073,0.005398533751852659,"{""type"":""MultiPoint"",""coordinates"":[]}"
20100506,2010-05-06,-0.0041434758514273615,282.2421724217642,0.008008169741613325,"{""type"":""MultiPoint"",""coordinates"":[]}"
20100507,2010-05-07,-0.004716620190771511,280.94117974846307,0.002621272637920559,"{""type"":""MultiPoint"",""coordinates"":[]}"
20100508,2010-05-08,-0.004007669799743535,281.99863219017647,0.004058779286652547,"{""type"":""MultiPoint"",""coordinates"":[]}"
20100509,2010-05-09,-0.006149312899844261,283.3266111000277,0.0027593100889066868,"{""type"":""MultiPoint"",""coordinates"":[]}"
20100510,2010-05-10,-0.004049949971566189,283.72995041358723,0.005941922269416697,"{""type"":""MultiPoint"",""coordinates"":[]}"
20100511,2010-05-11,-0.007539358041311688,285.2640544342687,0.0032232881273516934,"{""type"":""MultiPoint"",""coordinates"":[]}"
20100512,2010-05-12,-0.004414971776309932,284.3267975381702,0.004438713948233333,"{""type"":""MultiPoint"",""coordinates"":[]}"
20100513,2010-05-13,-0.0028614273901197097,282.76053590492586,0.012285964183039035,"{""type"":""MultiPoint"",""coordinates"":[]}"
20100514,2010-05-14,-0.002521160020473478,280.55383363333,0.010522752118206285,"{""type"":""MultiPoint"",""coordinates"":[]}"
20100515,2010-05-15,-0.003826529434689535,279.8727205637303,0.00470079103986034,"{""type"":""MultiPoint"",""coordinates"":[]}"
20100516,2010-05-16,-0.005164579531565202,279.227266553278,0.005943207002346226,"{""type"":""MultiPoint"",""coordinates"":[]}"
20100517,2010-05-17,-0.006984597145900496,281.1296445668627,0.004363018285100221,"{""type"":""MultiPoint"",""coordinates"":[]}"
20100518,2010-05-18,-0.005650534132800428,280.3394622022513,0.005423266381260753,"{""type"":""MultiPoint"",""coordinates"":[]}"
20100519,2010-05-19,-0.005015534682056055,279.0271309600449,0.006617924857225058,"{""type"":""MultiPoint"",""coordinates"":[]}"
20100520,2010-05-20,-0.0020218376494850463,280.5585771297543,0.003308106102509256,"{""type"":""MultiPoint"",""coordinates"":[]}"
20100521,2010-05-21,-0.0031351281090239726,283.54905759781957,0.0051962066945845636,"{""type"":""MultiPoint"",""coordinates"":[]}"
20100522,2010-05-22,-0.005752089194872432,285.4936986371799,0.0038023524976364175,"{""type"":""MultiPoint"",""coordinates"":[]}"
20100523,2010-05-23,-0.006478885839986348,286.0207789255251,0.0020845738044841765,"{""type"":""MultiPoint"",""coordinates"":[]}"
20100524,2010-05-24,-0.009817848466608766,288.01284296827015,0.001570017146549097,"{""type"":""MultiPoint"",""coordinates"":[]}"
20100525,2010-05-25,-0.009075519514450908,288.72660131884084,0.0016718453454649832,"{""type"":""MultiPoint"",""coordinates"":[]}"
20100526,2010-05-26,-0.004837584347486034,286.9860609577451,0.009423122244462541,"{""type"":""MultiPoint"",""coordinates"":[]}"
20100527,2010-05-27,-0.0033298470274416574,285.82655926274555,0.008154226859127967,"{""type"":""MultiPoint"",""coordinates"":[]}"
20100528,2010-05-28,-0.006683775384101279,286.30642922238184,0.003938419352482294,"{""type"":""MultiPoint"",""coordinates"":[]}"
20100529,2010-05-29,-0.005458852337707603,286.27956245727614,0.003406375819970961,"{""type"":""MultiPoint"",""coordinates"":[]}"
20100530,2010-05-30,-0.004326777345033739,285.21554253196126,0.011993973893269531,"{""type"":""MultiPoint"",""coordinates"":[]}"
20100531,2010-05-31,-0.005832842401078478,281.82337359176745,0.009994584211059905,"{""type"":""MultiPoint"",""coordinates"":[]}"
20100601,2010-06-01,-0.0034098924145302195,282.02136255561436,0.008173001774216846,"{""type"":""MultiPoint"",""coordinates"":[]}"
20100602,2010-06-02,-0.0014742791886962097,281.997320799757,0.02615546448280187,"{""type"":""MultiPoint"",""coordinates"":[]}"
20100603,2010-06-03,-0.0022108267288403556,283.67473127037806,0.01242030011869852,"{""type"":""MultiPoint"",""coordinates"":[]}"
20100604,2010-06-04,-0.008273999243083207,286.8607599801208,0.001887658681425673,"{""type"":""MultiPoint"",""coordinates"":[]}"
20100605,2010-06-05,-0.010083666158768925,288.7688206760124,6.144308622328843E-6,"{""type"":""MultiPoint"",""coordinates"":[]}"
20100606,2010-06-06,-0.009057663787349925,290.7315302418691,0.0014993155270720657,"{""type"":""MultiPoint"",""coordinates"":[]}"
20100607,2010-06-07,-0.006118268903048115,289.8517256411852,0.0035120747381311686,"{""type"":""MultiPoint"",""coordinates"":[]}"
20100608,2010-06-08,-0.0074785423892647284,291.0914035670272,0.0022990225502605866,"{""type"":""MultiPoint"",""coordinates"":[]}"
20100609,2010-06-09,-0.010579600634345952,292.8802601397663,2.1885566735734037E-4,"{""type"":""MultiPoint"",""coordinates"":[]}"
20100610,2010-06-10,-0.011060346911200968,294.5840054776701,8.393992582066267E-6,"{""type"":""MultiPoint"",""coordinates"":[]}"
20100611,2010-06-11,-0.009972386132140517,294.0221005560168,2.2462114268828164E-4,"{""type"":""MultiPoint"",""coordinates"":[]}"
20100612,2010-06-12,-0.007634911129306137,292.63071611831253,0.003951503579553968,"{""type"":""MultiPoint"",""coordinates"":[]}"
20100613,2010-06-13,-0.003986537565889813,289.15052155033896,0.00990103630089178,"{""type"":""MultiPoint"",""coordinates"":[]}"
20100614,2010-06-14,-0.004974235629558569,287.6730358148086,0.01142195974957014,"{""type"":""MultiPoint"",""coordinates"":[]}"
20100615,2010-06-15,-0.0049615152237234275,287.6269446023921,0.002576237215543593,"{""type"":""MultiPoint"",""coordinates"":[]}"
20100616,2010-06-16,-0.003328991801615372,285.8828372330124,0.011192199774367606,"{""type"":""MultiPoint"",""coordinates"":[]}"
20100617,2010-06-17,-0.00641906385899571,287.86693283276867,0.005147932373254042,"{""type"":""MultiPoint"",""coordinates"":[]}"
20100618,2010-06-18,-0.0045428097033294364,286.85848349849954,0.012519449513123523,"{""type"":""MultiPoint"",""coordinates"":[]}"
20100619,2010-06-19,-0.0040384871026084256,284.32680825008714,0.009407351019856005,"{""type"":""MultiPoint"",""coordinates"":[]}"
20100620,2010-06-20,-0.0033952217935632823,282.44485173170364,0.009497695230387177,"{""type"":""MultiPoint"",""coordinates"":[]}"
20100621,2010-06-21,-0.0050621409332574745,283.49150632994423,0.004430843849654979,"{""type"":""MultiPoint"",""coordinates"":[]}"
20100622,2010-06-22,-0.007607869461011107,285.0007113882133,0.0010075480523678369,"{""type"":""MultiPoint"",""coordinates"":[]}"
20100623,2010-06-23,-0.00919095847825941,286.4368184490374,1.4803819571945434E-4,"{""type"":""MultiPoint"",""coordinates"":[]}"
20100624,2010-06-24,-0.008438060499626806,287.5827553227678,1.38240252175558E-4,"{""type"":""MultiPoint"",""coordinates"":[]}"
20100625,2010-06-25,-0.009204290203500404,288.9528426756074,0.0012514444498629312,"{""type"":""MultiPoint"",""coordinates"":[]}"
20100626,2010-06-26,-0.008358506021453523,289.5216882262048,9.599677341149705E-4,"{""type"":""MultiPoint"",""coordinates"":[]}"
20100627,2010-06-27,-0.01077625091748533,290.4636005145648,4.983330157919344E-5,"{""type"":""MultiPoint"",""coordinates"":[]}"
20100628,2010-06-28,-0.010482652102780755,291.06622726930107,1.0387147789370433E-4,"{""type"":""MultiPoint"",""coordinates"":[]}"
20100629,2010-06-29,-0.010453612653863277,292.1205365628604,1.806278281800668E-4,"{""type"":""MultiPoint"",""coordinates"":[]}"
20100630,2010-06-30,-0.008808550659904168,292.26121066576763,0.0018160494342892677,"{""type"":""MultiPoint"",""coordinates"":[]}"
20100701,2010-07-01,-0.009276169743200956,292.77169582627243,6.03252237129163E-4,"{""type"":""MultiPoint"",""coordinates"":[]}"
20100702,2010-07-02,-0.01081329848841716,293.9465572050608,3.021563055349497E-4,"{""type"":""MultiPoint"",""coordinates"":[]}"
20100703,2010-07-03,-0.011873123717695184,294.5307137016647,1.491372849485618E-4,"{""type"":""MultiPoint"",""coordinates"":[]}"
20100704,2010-07-04,-0.0075160160570255895,292.67957510383263,0.006487612570062002,"{""type"":""MultiPoint"",""coordinates"":[]}"
20100705,2010-07-05,-0.00727453570178161,291.89357944973256,0.007762309665412914,"{""type"":""MultiPoint"",""coordinates"":[]}"
20100706,2010-07-06,-0.00835108640125352,289.48850914942926,0.005480472994573662,"{""type"":""MultiPoint"",""coordinates"":[]}"
20100707,2010-07-07,-0.009314119419900239,288.49462166858774,3.165001915792133E-4,"{""type"":""MultiPoint"",""coordinates"":[]}"
20100708,2010-07-08,-0.011349652645962705,290.78268145788593,2.8533613898236698E-6,"{""type"":""MultiPoint"",""coordinates"":[]}"
20100709,2010-07-09,-0.012060786220459826,293.61418525537346,1.0159989320039223E-5,"{""type"":""MultiPoint"",""coordinates"":[]}"
20100710,2010-07-10,-0.012770078572170917,295.29727858741796,1.1125871691242927E-4,"{""type"":""MultiPoint"",""coordinates"":[]}"
20100711,2010-07-11,-0.010559094369167134,295.5735840806783,0.0015919548176636358,"{""type"":""MultiPoint"",""coordinates"":[]}"
20100712,2010-07-12,-0.01111457708857995,296.17853990940756,0.0011928519031071468,"{""type"":""MultiPoint"",""coordinates"":[]}"
20100713,2010-07-13,-0.010049576213176054,295.11813922277724,0.0010321745192175603,"{""type"":""MultiPoint"",""coordinates"":[]}"
20100714,2010-07-14,-0.011599521305687418,296.57151133366136,1.0684053716143148E-4,"{""type"":""MultiPoint"",""coordinates"":[]}"
20100715,2010-07-15,-0.007093366714360022,294.601679376971,0.004292684055451219,"{""type"":""MultiPoint"",""coordinates"":[]}"
20100716,2010-07-16,-0.010289102373330389,296.5116755394971,0.0013093312575324766,"{""type"":""MultiPoint"",""coordinates"":[]}"
20100717,2010-07-17,-0.006545607920146374,293.85483388052023,0.023036005083018625,"{""type"":""MultiPoint"",""coordinates"":[]}"
20100718,2010-07-18,-0.006041703810729504,289.1116262979037,0.011759536599486845,"{""type"":""MultiPoint"",""coordinates"":[]}"
20100719,2010-07-19,-0.008517479918136164,289.7868337719452,1.0309951402454096E-4,"{""type"":""MultiPoint"",""coordinates"":[]}"
20100720,2010-07-20,-0.008892934204285623,291.97037234150275,4.284256547375422E-4,"{""type"":""MultiPoint"",""coordinates"":[]}"
20100721,2010-07-21,-0.010328658919657825,294.69664459125045,2.7032048601829625E-4,"{""type"":""MultiPoint"",""coordinates"":[]}"
20100722,2010-07-22,-0.009263172383202982,295.1356564399211,0.0067730806514765055,"{""type"":""MultiPoint"",""coordinates"":[]}"
20100723,2010-07-23,-0.004741411864225043,291.54010654442413,0.0237695112341003,"{""type"":""MultiPoint"",""coordinates"":[]}"
20100724,2010-07-24,-0.003457662058093567,286.47430276697276,0.020420367328645987,"{""type"":""MultiPoint"",""coordinates"":[]}"
20100725,2010-07-25,-0.008409143515778808,286.4088834891238,0.0022082707071122997,"{""type"":""MultiPoint"",""coordinates"":[]}"
20100726,2010-07-26,-0.006272646984281546,286.76083713455427,0.004787105217403789,"{""type"":""MultiPoint"",""coordinates"":[]}"
20100727,2010-07-27,-0.005675625908700444,287.3847075775791,0.0063326623888725715,"{""type"":""MultiPoint"",""coordinates"":[]}"
20100728,2010-07-28,-0.007610226835842314,288.56525024711385,0.0030310162120052424,"{""type"":""MultiPoint"",""coordinates"":[]}"
20100729,2010-07-29,-0.004845541026263439,287.70279317987644,0.011893178183059717,"{""type"":""MultiPoint"",""coordinates"":[]}"
20100730,2010-07-30,-0.003780319839180495,286.3703851882703,0.006821107823205293,"{""type"":""MultiPoint"",""coordinates"":[]}"
20100731,2010-07-31,-0.007324791987744738,288.4827854885423,4.280384715225204E-4,"{""type"":""MultiPoint"",""coordinates"":[]}"
20100801,2010-08-01,-0.009583321055842238,291.4134085141463,2.1755399872211285E-4,"{""type"":""MultiPoint"",""coordinates"":[]}"
20100802,2010-08-02,-0.005520471869578871,291.6761760449353,0.01045231571661619,"{""type"":""MultiPoint"",""coordinates"":[]}"
20100803,2010-08-03,-0.004914763087573747,289.02146719641627,0.010458598252804742,"{""type"":""MultiPoint"",""coordinates"":[]}"
20100804,2010-08-04,-0.007417540513341031,288.43680191089817,4.1572364225497485E-4,"{""type"":""MultiPoint"",""coordinates"":[]}"
20100805,2010-08-05,-0.0038997887060577448,287.8567248325697,0.015226880794507576,"{""type"":""MultiPoint"",""coordinates"":[]}"
20100806,2010-08-06,-0.0024592372709525555,286.31088105511594,0.019169078295604415,"{""type"":""MultiPoint"",""coordinates"":[]}"
20100807,2010-08-07,-0.0032113221219964355,286.72405513909536,0.012869661117594449,"{""type"":""MultiPoint"",""coordinates"":[]}"
20100808,2010-08-08,-0.006365436943285757,288.72552030990965,0.004915006665754798,"{""type"":""MultiPoint"",""coordinates"":[]}"
20100809,2010-08-09,-0.0075980148919852115,289.3758814540257,0.0013306064948247895,"{""type"":""MultiPoint"",""coordinates"":[]}"
20100810,2010-08-10,-0.007366454529328238,290.44428995881395,0.0010382327535905318,"{""type"":""MultiPoint"",""coordinates"":[]}"
20100811,2010-08-11,-0.006093421276225265,291.04526252584594,0.003380673548269584,"{""type"":""MultiPoint"",""coordinates"":[]}"
20100812,2010-08-12,-0.005845722339603726,290.8002580187647,0.007816435772698693,"{""type"":""MultiPoint"",""coordinates"":[]}"
20100813,2010-08-13,-0.0031976393560047217,289.5074374045255,0.007296552763655628,"{""type"":""MultiPoint"",""coordinates"":[]}"
20100814,2010-08-14,-0.007020952001779828,290.2950681149806,0.004583131125300857,"{""type"":""MultiPoint"",""coordinates"":[]}"
20100815,2010-08-15,-0.008445829431941495,291.21392175598135,0.0030811654127328703,"{""type"":""MultiPoint"",""coordinates"":[]}"
20100816,2010-08-16,-0.006025031917773577,287.5555627809047,0.006437578862798716,"{""type"":""MultiPoint"",""coordinates"":[]}"
20100817,2010-08-17,-0.00399197570862789,286.54025000035597,0.006613381362161437,"{""type"":""MultiPoint"",""coordinates"":[]}"
20100818,2010-08-18,-0.004260638635295139,287.847909915086,0.0014432459449484232,"{""type"":""MultiPoint"",""coordinates"":[]}"
20100819,2010-08-19,-0.006219437757830915,288.7180482003273,0.0012113716066144363,"{""type"":""MultiPoint"",""coordinates"":[]}"
20100820,2010-08-20,-0.006623935905747426,290.2136745887959,4.05579870975014E-4,"{""type"":""MultiPoint"",""coordinates"":[]}"
20100821,2010-08-21,-0.007426467891177315,292.2490789798174,2.268754706449143E-4,"{""type"":""MultiPoint"",""coordinates"":[]}"
20100822,2010-08-22,-0.00860074983037136,293.62317155107047,1.546135257151814E-4,"{""type"":""MultiPoint"",""coordinates"":[]}"
20100823,2010-08-23,-0.006995378591107273,293.40355508573134,0.0028035734406366406,"{""type"":""MultiPoint"",""coordinates"":[]}"
20100824,2010-08-24,-0.0052709328931168425,290.96738338603785,0.012267535770918887,"{""type"":""MultiPoint"",""coordinates"":[]}"
20100825,2010-08-25,-0.00742778739531269,288.50243605990573,2.466120550939051E-4,"{""type"":""MultiPoint"",""coordinates"":[]}"
20100826,2010-08-26,-0.009129484682923903,292.38745410410627,2.406867253291855E-4,"{""type"":""MultiPoint"",""coordinates"":[]}"
20100827,2010-08-27,-0.004037074755767131,290.7448833732135,0.011618540673154478,"{""type"":""MultiPoint"",""coordinates"":[]}"
20100828,2010-08-28,-0.00459728729764812,285.7002365840133,0.009260884537370206,"{""type"":""MultiPoint"",""coordinates"":[]}"
20100829,2010-08-29,-0.00737274437853273,284.4138672597557,0.002328164812921733,"{""type"":""MultiPoint"",""coordinates"":[]}"
20100830,2010-08-30,-0.00454838712256789,282.2224238083862,0.015771297016152746,"{""type"":""MultiPoint"",""coordinates"":[]}"
20100831,2010-08-31,-0.0033368394818382376,281.718767897643,0.014516825913292298,"{""type"":""MultiPoint"",""coordinates"":[]}"
20100901,2010-09-01,-0.006187284652957747,283.14038136068876,0.0012950354753173798,"{""type"":""MultiPoint"",""coordinates"":[]}"
20100902,2010-09-02,-0.00591106231402236,284.50753170707037,0.0010577865969825732,"{""type"":""MultiPoint"",""coordinates"":[]}"
20100903,2010-09-03,-0.004666952258640897,285.28502911353536,8.84776880490054E-4,"{""type"":""MultiPoint"",""coordinates"":[]}"
20100904,2010-09-04,-0.0029402413269453164,284.3611380978484,0.006225509890037875,"{""type"":""MultiPoint"",""coordinates"":[]}"
20100905,2010-09-05,-0.005673067466181748,283.6156138053793,4.0045822110461315E-4,"{""type"":""MultiPoint"",""coordinates"":[]}"
20100906,2010-09-06,-0.007450032545700248,283.64798401579753,5.318279153936206E-4,"{""type"":""MultiPoint"",""coordinates"":[]}"
20100907,2010-09-07,-0.004834804194626615,284.8159890787216,0.0027293370394115817,"{""type"":""MultiPoint"",""coordinates"":[]}"
20100908,2010-09-08,-0.004116017540680043,286.1759618937914,0.007283844654537747,"{""type"":""MultiPoint"",""coordinates"":[]}"
20100909,2010-09-09,-0.004698588915696616,285.6427566767326,0.004249799130859491,"{""type"":""MultiPoint"",""coordinates"":[]}"
20100910,2010-09-10,-0.00460606820917208,285.4560511825743,7.158272106751955E-4,"{""type"":""MultiPoint"",""coordinates"":[]}"
20100911,2010-09-11,-0.005393753675852142,286.1554884973825,3.0568214826216794E-4,"{""type"":""MultiPoint"",""coordinates"":[]}"
20100912,2010-09-12,-0.0060730038764144284,286.7985414099653,3.9174087943590004E-4,"{""type"":""MultiPoint"",""coordinates"":[]}"
20100913,2010-09-13,-0.0023255443516279274,284.7847288060432,0.007084096070036029,"{""type"":""MultiPoint"",""coordinates"":[]}"
20100914,2010-09-14,-0.004718204844916023,285.11244016374155,9.399169425764643E-4,"{""type"":""MultiPoint"",""coordinates"":[]}"
20100915,2010-09-15,-0.005961541196494565,287.2843201313418,0.0024224764310668456,"{""type"":""MultiPoint"",""coordinates"":[]}"
20100916,2010-09-16,-0.0049693769526627,285.82473626882575,0.00229369193515989,"{""type"":""MultiPoint"",""coordinates"":[]}"
20100917,2010-09-17,-0.0036263003225993815,284.52532278347843,0.002733723707754369,"{""type"":""MultiPoint"",""coordinates"":[]}"
20100918,2010-09-18,-0.0038131659839244964,283.42979261212355,0.0023354955714627074,"{""type"":""MultiPoint"",""coordinates"":[]}"
20100919,2010-09-19,-0.005050721512940357,282.7581694569991,5.66731616690536E-4,"{""type"":""MultiPoint"",""coordinates"":[]}"
20100920,2010-09-20,-0.006086607697874711,283.84482335479987,2.955939340767333E-6,"{""type"":""MultiPoint"",""coordinates"":[]}"
20100921,2010-09-21,-0.005891069069284329,285.55880155296376,7.983822690377201E-7,"{""type"":""MultiPoint"",""coordinates"":[]}"
20100922,2010-09-22,-0.005633439803586144,286.18026773437026,8.573827746608102E-6,"{""type"":""MultiPoint"",""coordinates"":[]}"
20100923,2010-09-23,-0.0060465380307970365,286.8238543963124,4.2220433264171765E-5,"{""type"":""MultiPoint"",""coordinates"":[]}"
20100924,2010-09-24,-0.006387256649376012,287.0195301298868,0.0028475587670797366,"{""type"":""MultiPoint"",""coordinates"":[]}"
20100925,2010-09-25,-0.0021400841881210626,283.3971576916199,0.018141995530262255,"{""type"":""MultiPoint"",""coordinates"":[]}"
20100926,2010-09-26,-0.0036700914317657767,281.1117176154173,0.009361705168512348,"{""type"":""MultiPoint"",""coordinates"":[]}"
20100927,2010-09-27,-0.004469369606383058,280.98692426264387,0.003266869399597624,"{""type"":""MultiPoint"",""coordinates"":[]}"
20100928,2010-09-28,-0.003334177259343988,280.62540998281844,0.004654642248135853,"{""type"":""MultiPoint"",""coordinates"":[]}"
20100929,2010-09-29,-0.002340410249251703,280.8681379155111,0.0031932740029878416,"{""type"":""MultiPoint"",""coordinates"":[]}"
20100930,2010-09-30,-0.0031729151820211556,280.7882957246122,7.028825332385819E-4,"{""type"":""MultiPoint"",""coordinates"":[]}"
20101001,2010-10-01,-0.0022761790245715333,281.37790187697135,0.0019647489797306045,"{""type"":""MultiPoint"",""coordinates"":[]}"
20101002,2010-10-02,-0.0024369125052942104,282.30588225107954,2.2352290277727373E-4,"{""type"":""MultiPoint"",""coordinates"":[]}"
20101003,2010-10-03,-0.004826776458534516,284.26701049455465,3.4848504204607945E-5,"{""type"":""MultiPoint"",""coordinates"":[]}"
20101004,2010-10-04,-0.005301654491089289,284.87014019056437,6.068844940177921E-4,"{""type"":""MultiPoint"",""coordinates"":[]}"
20101005,2010-10-05,-0.0014523002118807852,284.58474850791686,0.007160903556564177,"{""type"":""MultiPoint"",""coordinates"":[]}"
20101006,2010-10-06,-0.0028275541079690286,284.71469092460376,4.998222982624689E-4,"{""type"":""MultiPoint"",""coordinates"":[]}"
20101007,2010-10-07,-0.0036685078591806946,284.89454256938103,4.854027675434013E-5,"{""type"":""MultiPoint"",""coordinates"":[]}"
20101008,2010-10-08,-0.005216411710657412,283.8828018997615,1.8845535765631353E-5,"{""type"":""MultiPoint"",""coordinates"":[]}"
20101009,2010-10-09,-0.005584295693075289,282.3136328973462,2.4820246988314857E-5,"{""type"":""MultiPoint"",""coordinates"":[]}"
20101010,2010-10-10,-0.006091920121246775,281.0880985184803,1.9506108295530617E-5,"{""type"":""MultiPoint"",""coordinates"":[]}"
20101011,2010-10-11,-0.00595275311227766,280.7833615411695,1.1205786435245983E-6,"{""type"":""MultiPoint"",""coordinates"":[]}"
20101012,2010-10-12,-0.004266931217928789,280.1827468354057,6.624685099987908E-7,"{""type"":""MultiPoint"",""coordinates"":[]}"
20101013,2010-10-13,-0.003546301841124485,279.3700218148498,1.2033611470828249E-5,"{""type"":""MultiPoint"",""coordinates"":[]}"
20101014,2010-10-14,-0.0030468404377518832,278.91446596779537,2.293650403522143E-5,"{""type"":""MultiPoint"",""coordinates"":[]}"
20101015,2010-10-15,-0.0026440685814425914,278.9890295404688,4.929137686108353E-4,"{""type"":""MultiPoint"",""coordinates"":[]}"
20101016,2010-10-16,-0.001548236160896669,278.45470600373255,0.0038198109517083496,"{""type"":""MultiPoint"",""coordinates"":[]}"
20101017,2010-10-17,-0.0017756521567109794,277.63755415458445,0.005298582115807751,"{""type"":""MultiPoint"",""coordinates"":[]}"
20101018,2010-10-18,-0.0016578985033313808,277.358131198872,0.001161815435464625,"{""type"":""MultiPoint"",""coordinates"":[]}"
20101019,2010-10-19,-0.0031548082886924916,277.5316705567503,0.0021661020345632664,"{""type"":""MultiPoint"",""coordinates"":[]}"
20101020,2010-10-20,-0.0021455752236242583,276.3193239597132,0.00725417447810243,"{""type"":""MultiPoint"",""coordinates"":[]}"
20101021,2010-10-21,-0.003780905433444773,274.57556040643533,0.0017761888737224635,"{""type"":""MultiPoint"",""coordinates"":[]}"
20101022,2010-10-22,-0.002670468446599075,274.7976325416626,2.561971984608974E-6,"{""type"":""MultiPoint"",""coordinates"":[]}"
20101023,2010-10-23,-0.002230311413707419,277.92301136688684,3.5361389544244395E-4,"{""type"":""MultiPoint"",""coordinates"":[]}"
20101024,2010-10-24,-0.0012761290714688018,277.83248688868423,0.0037262748212138867,"{""type"":""MultiPoint"",""coordinates"":[]}"
20101025,2010-10-25,-0.0010029916661948748,275.3695744981011,0.01129137298252516,"{""type"":""MultiPoint"",""coordinates"":[]}"
20101026,2010-10-26,-0.002065030097243745,274.4972640341192,6.309192997106689E-4,"{""type"":""MultiPoint"",""coordinates"":[]}"
20101027,2010-10-27,-0.0024338239769779906,274.4726790299995,2.1032879996447498E-5,"{""type"":""MultiPoint"",""coordinates"":[]}"
20101028,2010-10-28,-0.0021085893062695966,276.54701263591676,5.366737887379769E-7,"{""type"":""MultiPoint"",""coordinates"":[]}"
20101029,2010-10-29,-0.002294250767128899,277.80238010563403,9.346515427411962E-7,"{""type"":""MultiPoint"",""coordinates"":[]}"
20101030,2010-10-30,-0.002393480944207392,278.215844254361,2.226582835423965E-5,"{""type"":""MultiPoint"",""coordinates"":[]}"
20101031,2010-10-31,-0.0030245995366802113,280.91345210806594,0.0010492147542867044,"{""type"":""MultiPoint"",""coordinates"":[]}"
20101101,2010-11-01,-0.002179688175643977,282.50305747777566,6.31829661197906E-4,"{""type"":""MultiPoint"",""coordinates"":[]}"
20101102,2010-11-02,-0.0010337239736741067,280.6356395701652,7.334361152216321E-4,"{""type"":""MultiPoint"",""coordinates"":[]}"
20101103,2010-11-03,-0.0025978214077097815,281.30198511548906,4.470206076655128E-5,"{""type"":""MultiPoint"",""coordinates"":[]}"
20101104,2010-11-04,-0.003797894020004076,283.98749492417016,2.0769819492769413E-4,"{""type"":""MultiPoint"",""coordinates"":[]}"
20101105,2010-11-05,-0.0037621211128677496,283.6645284505382,5.151151535229707E-5,"{""type"":""MultiPoint"",""coordinates"":[]}"
20101106,2010-11-06,-0.003904666140124389,282.1693766926013,7.649519293738056E-4,"{""type"":""MultiPoint"",""coordinates"":[]}"
20101107,2010-11-07,-0.0016128323025859192,280.3671319771721,0.005865813525160403,"{""type"":""MultiPoint"",""coordinates"":[]}"
20101108,2010-11-08,-0.0011651211485604806,276.8525253337172,0.006021740432181103,"{""type"":""MultiPoint"",""coordinates"":[]}"
20101109,2010-11-09,-0.0019477460752996571,276.80465450406797,0.0020232101901564124,"{""type"":""MultiPoint"",""coordinates"":[]}"
20101110,2010-11-10,-0.0014243804028731973,276.64399967274954,0.0011756105069397641,"{""type"":""MultiPoint"",""coordinates"":[]}"
20101111,2010-11-11,-0.0027410678265997433,276.4703195953708,0.0021015571969508163,"{""type"":""MultiPoint"",""coordinates"":[]}"
20101112,2010-11-12,-0.003208349664498642,280.5152799715141,0.00563536458665699,"{""type"":""MultiPoint"",""coordinates"":[]}"
20101113,2010-11-13,-0.003436285849594623,282.8283694003806,4.833272778998864E-4,"{""type"":""MultiPoint"",""coordinates"":[]}"
20101114,2010-11-14,-0.0017437218476618172,280.5981912103134,1.6091206469073828E-5,"{""type"":""MultiPoint"",""coordinates"":[]}"
20101115,2010-11-15,-0.0014333772662943286,280.53560038599176,0.0013474029518318114,"{""type"":""MultiPoint"",""coordinates"":[]}"
20101116,2010-11-16,-6.540894021995635E-4,278.0472127293906,0.008408957634831854,"{""type"":""MultiPoint"",""coordinates"":[]}"
20101117,2010-11-17,-9.191295723501794E-4,276.83672053857276,7.027909890597318E-4,"{""type"":""MultiPoint"",""coordinates"":[]}"
20101118,2010-11-18,-7.166167225323417E-4,277.0863205479365,0.0026977426502127148,"{""type"":""MultiPoint"",""coordinates"":[]}"
20101119,2010-11-19,-4.945122438000315E-4,275.56482539936854,0.004957347085821858,"{""type"":""MultiPoint"",""coordinates"":[]}"
20101120,2010-11-20,-0.0011204582004469216,274.2147431874225,5.962517004859262E-5,"{""type"":""MultiPoint"",""coordinates"":[]}"
20101121,2010-11-21,-0.0010970836369119455,276.0581509065655,0.0014466248505349442,"{""type"":""MultiPoint"",""coordinates"":[]}"
20101122,2010-11-22,-8.810100946480547E-4,276.30637513850905,0.0066985014625727665,"{""type"":""MultiPoint"",""coordinates"":[]}"
20101123,2010-11-23,-0.0016704988780812937,273.6178108893963,0.0030498317915018435,"{""type"":""MultiPoint"",""coordinates"":[]}"
20101124,2010-11-24,-0.00206149058492654,272.32853213456474,0.0024059403405874108,"{""type"":""MultiPoint"",""coordinates"":[]}"
20101125,2010-11-25,-0.0013349801355789493,271.1156177391273,7.816503746937319E-4,"{""type"":""MultiPoint"",""coordinates"":[]}"
20101126,2010-11-26,-7.867069490718425E-4,270.271972789535,0.00373127147941565,"{""type"":""MultiPoint"",""coordinates"":[]}"
20101127,2010-11-27,-0.0012950161425726086,268.66496308557845,0.0010328995545326434,"{""type"":""MultiPoint"",""coordinates"":[]}"
20101128,2010-11-28,-8.014342168292346E-4,269.75833850954433,0.0031974553799451835,"{""type"":""MultiPoint"",""coordinates"":[]}"
20101129,2010-11-29,-9.358156498858745E-4,269.8191854440904,0.006437063215377638,"{""type"":""MultiPoint"",""coordinates"":[]}"
20101130,2010-11-30,-7.025485504109848E-4,265.86930707824274,2.4019857300513345E-4,"{""type"":""MultiPoint"",""coordinates"":[]}"
20101201,2010-12-01,-6.495698364331834E-4,267.6720471229029,0.00739587281439916,"{""type"":""MultiPoint"",""coordinates"":[]}"
20101202,2010-12-02,-5.083382135411411E-4,266.79834133595983,0.002349419911846005,"{""type"":""MultiPoint"",""coordinates"":[]}"
20101203,2010-12-03,-2.3225208769062357E-4,265.2941841385533,0.0035662644582917465,"{""type"":""MultiPoint"",""coordinates"":[]}"
20101204,2010-12-04,-4.338206642139782E-4,263.58569488407164,2.040277073649793E-4,"{""type"":""MultiPoint"",""coordinates"":[]}"
20101205,2010-12-05,-5.363611951886205E-4,265.3105988442761,0.0012588524864625874,"{""type"":""MultiPoint"",""coordinates"":[]}"
20101206,2010-12-06,-3.8293740261754555E-4,270.5366032007663,0.007200479870965379,"{""type"":""MultiPoint"",""coordinates"":[]}"
20101207,2010-12-07,-3.7213774740193725E-4,274.2208248386361,0.005576959104156714,"{""type"":""MultiPoint"",""coordinates"":[]}"
20101208,2010-12-08,-2.7916132255812235E-4,275.3885470351461,0.0023063293781933605,"{""type"":""MultiPoint"",""coordinates"":[]}"
20101209,2010-12-09,-0.0016004931833387469,270.7182143468035,0.005470584382666067,"{""type"":""MultiPoint"",""coordinates"":[]}"
20101210,2010-12-10,-0.0012696758689989093,268.8792169861625,0.006047109027540534,"{""type"":""MultiPoint"",""coordinates"":[]}"
20101211,2010-12-11,-0.0010518723382256065,271.8961860841276,0.009763106786309834,"{""type"":""MultiPoint"",""coordinates"":[]}"
20101212,2010-12-12,-0.0011202662979076304,271.9087248425679,0.006667846325733597,"{""type"":""MultiPoint"",""coordinates"":[]}"
20101213,2010-12-13,-9.16699130462556E-4,266.25876810363775,0.0032291456849160337,"{""type"":""MultiPoint"",""coordinates"":[]}"
20101214,2010-12-14,-7.256939563383888E-4,264.86456004143656,0.0024349240735835873,"{""type"":""MultiPoint"",""coordinates"":[]}"
20101215,2010-12-15,-9.026362571079291E-4,265.0585598878134,0.005477825741626219,"{""type"":""MultiPoint"",""coordinates"":[]}"
20101216,2010-12-16,-5.794851928764647E-4,262.5616242010157,7.592461240202923E-4,"{""type"":""MultiPoint"",""coordinates"":[]}"
20101217,2010-12-17,-4.8559005575985446E-4,264.1953237831704,0.0035505516693609394,"{""type"":""MultiPoint"",""coordinates"":[]}"
20101218,2010-12-18,-3.760879211091246E-4,263.5419114749335,8.691083362439063E-4,"{""type"":""MultiPoint"",""coordinates"":[]}"
20101219,2010-12-19,-5.900655457281296E-4,264.49212758462266,9.444511564640301E-4,"{""type"":""MultiPoint"",""coordinates"":[]}"
20101220,2010-12-20,-5.413268654791116E-4,269.9668252908527,0.0032994121699690183,"{""type"":""MultiPoint"",""coordinates"":[]}"
20101221,2010-12-21,-2.4799819380101796E-4,270.60676265994175,7.996322061085131E-4,"{""type"":""MultiPoint"",""coordinates"":[]}"
20101222,2010-12-22,-1.115267776258732E-4,272.73576753229946,9.674926337327632E-4,"{""type"":""MultiPoint"",""coordinates"":[]}"
20101223,2010-12-23,-6.630618484256615E-5,274.53899917640774,8.255926826766398E-4,"{""type"":""MultiPoint"",""coordinates"":[]}"
20101224,2010-12-24,-3.1436452767490895E-4,273.90779440385455,0.0075848861616295855,"{""type"":""MultiPoint"",""coordinates"":[]}"
20101225,2010-12-25,-0.0011848861508814517,267.97796193799223,0.003381477331633551,"{""type"":""MultiPoint"",""coordinates"":[]}"
20101226,2010-12-26,-9.276007364928922E-4,263.8111085798228,6.344688219138828E-4,"{""type"":""MultiPoint"",""coordinates"":[]}"
20101227,2010-12-27,-5.190543632264171E-4,264.71561354851474,4.046880345770741E-4,"{""type"":""MultiPoint"",""coordinates"":[]}"
20101228,2010-12-28,-3.056270320848531E-4,266.10762199592244,0.0010972847403980014,"{""type"":""MultiPoint"",""coordinates"":[]}"
20101229,2010-12-29,-1.8645876404524043E-4,265.9778183278573,6.066318721920399E-4,"{""type"":""MultiPoint"",""coordinates"":[]}"
20101230,2010-12-30,-3.797582304237056E-4,266.1682119205943,2.638999689594886E-5,"{""type"":""MultiPoint"",""coordinates"":[]}"
20101231,2010-12-31,-3.7490600100210995E-4,267.7976431664076,1.2829183174234277E-4,"{""type"":""MultiPoint"",""coordinates"":[]}"
20110101,2011-01-01,-5.413569788863638E-4,269.7420714180862,4.197167625657465E-4,"{""type"":""MultiPoint"",""coordinates"":[]}"
20110102,2011-01-02,-5.566443212303504E-4,269.2076656622623,0.0015653389755134535,"{""type"":""MultiPoint"",""coordinates"":[]}"
20110103,2011-01-03,-6.462814203244503E-4,266.8201856968228,6.057738723450603E-4,"{""type"":""MultiPoint"",""coordinates"":[]}"
20110104,2011-01-04,-2.922319609741287E-4,264.7864465998012,5.251693455663505E-5,"{""type"":""MultiPoint"",""coordinates"":[]}"
20110105,2011-01-05,-3.9174474438005E-4,263.85710837709524,8.241304826529545E-5,"{""type"":""MultiPoint"",""coordinates"":[]}"
20110106,2011-01-06,-7.735737879814394E-4,268.4974079515428,0.0021093979784885613,"{""type"":""MultiPoint"",""coordinates"":[]}"
20110107,2011-01-07,-5.525989324302725E-4,273.6900153199457,0.001954561257327073,"{""type"":""MultiPoint"",""coordinates"":[]}"
20110108,2011-01-08,-2.1770183279577388E-4,274.2266487778284,0.0024789477967245006,"{""type"":""MultiPoint"",""coordinates"":[]}"
20110109,2011-01-09,-3.613292581609522E-4,274.2501200537906,0.0016497351278507801,"{""type"":""MultiPoint"",""coordinates"":[]}"
20110110,2011-01-10,-2.6074718847156797E-4,273.47768866858786,0.0028515328727480374,"{""type"":""MultiPoint"",""coordinates"":[]}"
20110111,2011-01-11,-3.5521792193854727E-4,273.35800778266434,7.550256235875527E-4,"{""type"":""MultiPoint"",""coordinates"":[]}"
20110112,2011-01-12,-7.295119650595669E-4,274.54668767158813,0.0032881543197554332,"{""type"":""MultiPoint"",""coordinates"":[]}"
20110113,2011-01-13,-3.1166175953219535E-4,277.88270878086036,0.019237088103655015,"{""type"":""MultiPoint"",""coordinates"":[]}"
20110114,2011-01-14,-3.3835809321797623E-4,278.8547337223962,0.003602453466570163,"{""type"":""MultiPoint"",""coordinates"":[]}"
20110115,2011-01-15,-0.0012728412531732062,276.76328990419336,0.0013279969722643423,"{""type"":""MultiPoint"",""coordinates"":[]}"
20110116,2011-01-16,-6.679011270197242E-4,275.36170436565243,1.954550496486518E-5,"{""type"":""MultiPoint"",""coordinates"":[]}"
20110117,2011-01-17,-5.81720737967179E-4,273.76130147446503,1.618672235237598E-5,"{""type"":""MultiPoint"",""coordinates"":[]}"
20110118,2011-01-18,-5.616008073395654E-4,274.512312971177,4.4063163843566526E-4,"{""type"":""MultiPoint"",""coordinates"":[]}"
20110119,2011-01-19,-6.239609226322489E-4,272.9771158012203,0.004363003769707805,"{""type"":""MultiPoint"",""coordinates"":[]}"
20110120,2011-01-20,-0.0010741102519183673,269.77888045786,0.001951351386790263,"{""type"":""MultiPoint"",""coordinates"":[]}"
20110121,2011-01-21,-0.0013642942044700484,268.62741773663396,0.0011171501179109888,"{""type"":""MultiPoint"",""coordinates"":[]}"
20110122,2011-01-22,-0.0012913605638991614,267.3934045611999,2.648738993509678E-4,"{""type"":""MultiPoint"",""coordinates"":[]}"
20110123,2011-01-23,-0.0011954768401270777,267.0484125873463,9.005336026501644E-4,"{""type"":""MultiPoint"",""coordinates"":[]}"
20110124,2011-01-24,-7.254467025735031E-4,268.66808803945617,0.0054254265454040055,"{""type"":""MultiPoint"",""coordinates"":[]}"
20110125,2011-01-25,-0.0013807361545456502,270.73152924664834,0.004573284052922099,"{""type"":""MultiPoint"",""coordinates"":[]}"
20110126,2011-01-26,-9.190916581825045E-4,270.771837511814,0.0036684153341398217,"{""type"":""MultiPoint"",""coordinates"":[]}"
20110127,2011-01-27,-8.294813924189526E-4,269.48631832516577,9.306096841315974E-4,"{""type"":""MultiPoint"",""coordinates"":[]}"
20110128,2011-01-28,-0.0011841378260239437,267.7029215561885,4.365462738199294E-5,"{""type"":""MultiPoint"",""coordinates"":[]}"
20110129,2011-01-29,-9.759977024001109E-4,265.7402272810064,1.7312345224223936E-5,"{""type"":""MultiPoint"",""coordinates"":[]}"
20110130,2011-01-30,-8.497554878958028E-4,265.81167227184596,1.6570087766899968E-5,"{""type"":""MultiPoint"",""coordinates"":[]}"
20110131,2011-01-31,-9.094496919507866E-4,265.7650550991513,1.5228441361200155E-5,"{""type"":""MultiPoint"",""coordinates"":[]}"
20110201,2011-02-01,-9.957690147169916E-4,265.71847762187065,1.9401547592593265E-5,"{""type"":""MultiPoint"",""coordinates"":[]}"
20110202,2011-02-02,-0.001114933555839344,266.170150522659,3.320923751743254E-5,"{""type"":""MultiPoint"",""coordinates"":[]}"
20110203,2011-02-03,-0.0013886991707500406,269.72937816636266,7.688524993888893E-4,"{""type"":""MultiPoint"",""coordinates"":[]}"
20110204,2011-02-04,-0.001740495614874138,273.55390893875574,1.3560061833897455E-4,"{""type"":""MultiPoint"",""coordinates"":[]}"
20110205,2011-02-05,-0.003128400540362738,276.12035692364844,1.2613374504028636E-4,"{""type"":""MultiPoint"",""coordinates"":[]}"
20110206,2011-02-06,-0.0023177452764531854,276.1628270818699,3.7243296271525795E-5,"{""type"":""MultiPoint"",""coordinates"":[]}"
20110207,2011-02-07,-0.0016485739523088966,274.8349846722906,1.727969100401026E-6,"{""type"":""MultiPoint"",""coordinates"":[]}"
20110208,2011-02-08,-0.0018741929762977913,274.5374776499768,2.213368601195014E-4,"{""type"":""MultiPoint"",""coordinates"":[]}"
20110209,2011-02-09,-0.0016452796852470318,273.1912761342762,3.944432782798222E-6,"{""type"":""MultiPoint"",""coordinates"":[]}"
20110210,2011-02-10,-0.001966862956399208,273.38327790503496,1.2585870317242652E-4,"{""type"":""MultiPoint"",""coordinates"":[]}"
20110211,2011-02-11,-0.0025166262805351057,277.4571623360603,0.004173183967608941,"{""type"":""MultiPoint"",""coordinates"":[]}"
20110212,2011-02-12,-0.0017622161709183377,274.19258401829984,0.004860666969088152,"{""type"":""MultiPoint"",""coordinates"":[]}"
20110213,2011-02-13,-0.0015783758978385385,273.2925415300972,0.0012287218034802956,"{""type"":""MultiPoint"",""coordinates"":[]}"
20110214,2011-02-14,-0.0020068051832866384,273.10684970740135,1.9254373458124524E-4,"{""type"":""MultiPoint"",""coordinates"":[]}"
20110215,2011-02-15,-0.0025301425070700413,272.4599534728526,2.3912728010524445E-4,"{""type"":""MultiPoint"",""coordinates"":[]}"
20110216,2011-02-16,-0.0020083764757955046,273.03206930834494,9.082064611423287E-4,"{""type"":""MultiPoint"",""coordinates"":[]}"
20110217,2011-02-17,-0.001912323606710515,273.726024312234,6.77263202157503E-4,"{""type"":""MultiPoint"",""coordinates"":[]}"
20110218,2011-02-18,-0.0010947139701970793,273.66437782287613,9.983248246943728E-4,"{""type"":""MultiPoint"",""coordinates"":[]}"
20110219,2011-02-19,-0.0016705882675705685,273.05294182870693,0.0012532665744839119,"{""type"":""MultiPoint"",""coordinates"":[]}"
20110220,2011-02-20,-0.002256915444468083,270.61684595638127,0.0012598793898649446,"{""type"":""MultiPoint"",""coordinates"":[]}"
20110221,2011-02-21,-0.0023914077798052264,268.17307080002973,0.0012148813489116586,"{""type"":""MultiPoint"",""coordinates"":[]}"
20110222,2011-02-22,-0.002168382783038854,266.85149511676224,7.947705245404524E-4,"{""type"":""MultiPoint"",""coordinates"":[]}"
20110223,2011-02-23,-0.0024522272555857023,265.7269273572679,2.106440339856234E-4,"{""type"":""MultiPoint"",""coordinates"":[]}"
20110224,2011-02-24,-0.003055396188840805,267.8116036222443,2.1639983157442538E-4,"{""type"":""MultiPoint"",""coordinates"":[]}"
20110225,2011-02-25,-0.0026189501298599315,269.7854287481193,5.988659042845989E-4,"{""type"":""MultiPoint"",""coordinates"":[]}"
20110226,2011-02-26,-0.0030498559205210875,270.995403006153,4.824075973571566E-4,"{""type"":""MultiPoint"",""coordinates"":[]}"
20110227,2011-02-27,-0.001395937559863346,272.9672189386316,0.0034716640509535185,"{""type"":""MultiPoint"",""coordinates"":[]}"
20110228,2011-02-28,-0.002688751818273176,273.76883597427883,4.6330519759829066E-4,"{""type"":""MultiPoint"",""coordinates"":[]}"
20110301,2011-03-01,-0.0034792980403149216,272.5473653271879,3.156980772115773E-5,"{""type"":""MultiPoint"",""coordinates"":[]}"
20110302,2011-03-02,-0.0053666863894481715,271.7416199298202,4.364152488331203E-5,"{""type"":""MultiPoint"",""coordinates"":[]}"
20110303,2011-03-03,-0.0033736421918009584,271.8984189086598,8.813052814655218E-5,"{""type"":""MultiPoint"",""coordinates"":[]}"
20110304,2011-03-04,-0.003092769979877435,272.9216041487936,2.6135022894466216E-6,"{""type"":""MultiPoint"",""coordinates"":[]}"
20110305,2011-03-05,-0.0029424527946967814,273.3297853979233,6.797541164691132E-6,"{""type"":""MultiPoint"",""coordinates"":[]}"
20110306,2011-03-06,-0.0033415340221818017,271.92158756056523,1.929451225388909E-4,"{""type"":""MultiPoint"",""coordinates"":[]}"
20110307,2011-03-07,-0.005459126016806216,270.6512489791131,1.3038255240645054E-5,"{""type"":""MultiPoint"",""coordinates"":[]}"
20110308,2011-03-08,-0.00450418001249893,272.3354935210582,3.004431832186866E-6,"{""type"":""MultiPoint"",""coordinates"":[]}"
20110309,2011-03-09,-0.004110785071908169,274.97549537019023,1.2267975845693638E-4,"{""type"":""MultiPoint"",""coordinates"":[]}"
20110310,2011-03-10,-0.003907665773105403,276.2881296944255,0.0012212653976373105,"{""type"":""MultiPoint"",""coordinates"":[]}"
20110311,2011-03-11,-0.00480812680283171,277.07544967328363,6.803874111859458E-5,"{""type"":""MultiPoint"",""coordinates"":[]}"
20110312,2011-03-12,-0.004418542969146525,277.29429132488457,2.8295396818451222E-5,"{""type"":""MultiPoint"",""coordinates"":[]}"
20110313,2011-03-13,-0.004021759035710081,279.05688895600747,2.0072428490545437E-4,"{""type"":""MultiPoint"",""coordinates"":[]}"
20110314,2011-03-14,-0.0036142071932780133,280.10287456601543,5.105892028277848E-4,"{""type"":""MultiPoint"",""coordinates"":[]}"
20110315,2011-03-15,-0.004713756946192576,280.27506764680476,1.5546572989740836E-4,"{""type"":""MultiPoint"",""coordinates"":[]}"
20110316,2011-03-16,-0.002742094258777849,280.43474090022346,0.002376856018510272,"{""type"":""MultiPoint"",""coordinates"":[]}"
20110317,2011-03-17,-8.731275681351984E-4,279.3166629359583,0.013484728446455966,"{""type"":""MultiPoint"",""coordinates"":[]}"
20110318,2011-03-18,-0.0015471084365127465,276.2731254179055,0.014270688618000765,"{""type"":""MultiPoint"",""coordinates"":[]}"
20110319,2011-03-19,-0.0031974146823904584,275.03851021402943,0.0028045361554993433,"{""type"":""MultiPoint"",""coordinates"":[]}"
20110320,2011-03-20,-0.004636177773286667,273.5548483611366,1.1236340669386174E-4,"{""type"":""MultiPoint"",""coordinates"":[]}"
20110321,2011-03-21,-0.0048799680132139206,274.34817119792365,4.583498756761236E-5,"{""type"":""MultiPoint"",""coordinates"":[]}"
20110322,2011-03-22,-0.0054612072497118545,276.5592611850984,1.6296745748103578E-6,"{""type"":""MultiPoint"",""coordinates"":[]}"
20110323,2011-03-23,-0.00539778333255565,278.2466494791156,5.23329822384144E-8,"{""type"":""MultiPoint"",""coordinates"":[]}"
20110324,2011-03-24,-0.006120831381642909,279.582839925514,4.351138045421976E-7,"{""type"":""MultiPoint"",""coordinates"":[]}"
20110325,2011-03-25,-0.006719084955430477,280.4766631736903,1.2858890666555458E-5,"{""type"":""MultiPoint"",""coordinates"":[]}"
20110326,2011-03-26,-0.005355922055787107,279.08436287055144,0.0014496027159635837,"{""type"":""MultiPoint"",""coordinates"":[]}"
20110327,2011-03-27,-0.002492854642520332,277.14273462036687,0.003393132775667333,"{""type"":""MultiPoint"",""coordinates"":[]}"
20110328,2011-03-28,-0.0032973113196360015,278.04851829011164,0.001250087605641881,"{""type"":""MultiPoint"",""coordinates"":[]}"
20110329,2011-03-29,-0.0053375604458150315,279.08723945233504,8.755426591959237E-5,"{""type"":""MultiPoint"",""coordinates"":[]}"
20110330,2011-03-30,-0.00559580572182377,280.16277746942677,7.281749114269564E-4,"{""type"":""MultiPoint"",""coordinates"":[]}"
20110331,2011-03-31,-0.005119258560570303,281.35286267326023,0.002417227227637951,"{""type"":""MultiPoint"",""coordinates"":[]}"
20110401,2011-04-01,-0.004374863609202455,283.2850862858878,0.002730881302042245,"{""type"":""MultiPoint"",""coordinates"":[]}"
20110402,2011-04-02,-0.00606549847406065,284.0525978653554,1.2844146734235744E-4,"{""type"":""MultiPoint"",""coordinates"":[]}"
20110403,2011-04-03,-0.006815701752814751,284.8555170593311,5.734776384880273E-5,"{""type"":""MultiPoint"",""coordinates"":[]}"
20110404,2011-04-04,-0.0024725362880557173,280.9191979443772,0.009775799577859099,"{""type"":""MultiPoint"",""coordinates"":[]}"
20110405,2011-04-05,-0.005686904300625157,280.41048585368804,0.001232802058992543,"{""type"":""MultiPoint"",""coordinates"":[]}"
20110406,2011-04-06,-0.004812697251011362,282.9690790725503,3.9819306634177867E-4,"{""type"":""MultiPoint"",""coordinates"":[]}"
20110407,2011-04-07,-0.010216677901928036,286.8090055483263,1.3726072948237007E-4,"{""type"":""MultiPoint"",""coordinates"":[]}"
20110408,2011-04-08,-0.00959613796503772,283.6872934187651,3.1720654065203594E-4,"{""type"":""MultiPoint"",""coordinates"":[]}"
20110409,2011-04-09,-0.0103649981158524,282.43278489853066,6.979146017642288E-5,"{""type"":""MultiPoint"",""coordinates"":[]}"
20110410,2011-04-10,-0.009096412249816983,281.6356505556099,9.03032062025827E-6,"{""type"":""MultiPoint"",""coordinates"":[]}"
20110411,2011-04-11,-0.0076264626583640496,283.0796726004415,1.3561059988688034E-5,"{""type"":""MultiPoint"",""coordinates"":[]}"
20110412,2011-04-12,-0.005113421741882666,280.56332244007103,0.006498157174334198,"{""type"":""MultiPoint"",""coordinates"":[]}"
20110413,2011-04-13,-0.006721320546566641,276.25956086709544,0.0038501187644850434,"{""type"":""MultiPoint"",""coordinates"":[]}"
20110414,2011-04-14,-0.005457240042684752,276.8682951775898,0.0018935476035106074,"{""type"":""MultiPoint"",""coordinates"":[]}"
20110415,2011-04-15,-0.005579043771929027,277.4574088090914,9.124443850221966E-4,"{""type"":""MultiPoint"",""coordinates"":[]}"
20110416,2011-04-16,-0.006594440470911165,278.8247751489942,2.0765071926810144E-4,"{""type"":""MultiPoint"",""coordinates"":[]}"
20110417,2011-04-17,-0.007296372781561994,280.24166907618,4.379002961967491E-5,"{""type"":""MultiPoint"",""coordinates"":[]}"
20110418,2011-04-18,-0.008100209071633713,281.75062404079864,1.208316710493527E-5,"{""type"":""MultiPoint"",""coordinates"":[]}"
20110419,2011-04-19,-0.008601538468125933,283.03461921448894,2.285338500964501E-5,"{""type"":""MultiPoint"",""coordinates"":[]}"
20110420,2011-04-20,-0.008744177095882336,284.51010622685715,1.7553486368321278E-5,"{""type"":""MultiPoint"",""coordinates"":[]}"
20110421,2011-04-21,-0.008828953120200551,286.0254113141438,1.996328094675265E-4,"{""type"":""MultiPoint"",""coordinates"":[]}"
20110422,2011-04-22,-0.010621899343113212,286.75514493673785,4.9549316754273055E-5,"{""type"":""MultiPoint"",""coordinates"":[]}"
20110423,2011-04-23,-0.009650957661310132,286.8873617140909,3.4101159390240306E-4,"{""type"":""MultiPoint"",""coordinates"":[]}"
20110424,2011-04-24,-0.007403001790717645,285.65920484048996,0.0032080494876112367,"{""type"":""MultiPoint"",""coordinates"":[]}"
20110425,2011-04-25,-0.007427982202495058,283.9651906174687,0.0025581170555339034,"{""type"":""MultiPoint"",""coordinates"":[]}"
20110426,2011-04-26,-0.005267674293542487,282.2207823324128,0.005633956416528918,"{""type"":""MultiPoint"",""coordinates"":[]}"
20110427,2011-04-27,-0.004846760314991167,282.5627735508123,0.0035630180442830415,"{""type"":""MultiPoint"",""coordinates"":[]}"
20110428,2011-04-28,-0.006580776654789619,283.6140725139994,0.0012212317579226779,"{""type"":""MultiPoint"",""coordinates"":[]}"
20110429,2011-04-29,-0.007882334308228526,284.33386587664177,0.0015777751181736497,"{""type"":""MultiPoint"",""coordinates"":[]}"
20110430,2011-04-30,-0.007802688990930113,284.0944817255819,0.002187395407837774,"{""type"":""MultiPoint"",""coordinates"":[]}"
20110501,2011-05-01,-0.005407150385254627,282.784841931156,0.004644481023947271,"{""type"":""MultiPoint"",""coordinates"":[]}"
20110502,2011-05-02,-0.007183243701037116,282.4831362460539,0.0020062225044455814,"{""type"":""MultiPoint"",""coordinates"":[]}"
20110503,2011-05-03,-0.004708148147626239,278.8908851217314,0.006412473928836216,"{""type"":""MultiPoint"",""coordinates"":[]}"
20110504,2011-05-04,-0.007402041484051346,277.9743926874138,2.049345043401133E-4,"{""type"":""MultiPoint"",""coordinates"":[]}"
20110505,2011-05-05,-0.008602384983827264,279.82863747538966,5.586118665109026E-5,"{""type"":""MultiPoint"",""coordinates"":[]}"
20110506,2011-05-06,-0.009814389295857701,282.8928933928884,5.006178568167809E-6,"{""type"":""MultiPoint"",""coordinates"":[]}"
20110507,2011-05-07,-0.01125616536172738,285.2436736523453,2.5634950664553364E-5,"{""type"":""MultiPoint"",""coordinates"":[]}"
20110508,2011-05-08,-0.010292955612412441,284.7703617178625,4.371816031787022E-4,"{""type"":""MultiPoint"",""coordinates"":[]}"
20110509,2011-05-09,-0.01241211576562053,285.20008151512735,4.201644632364598E-6,"{""type"":""MultiPoint"",""coordinates"":[]}"
20110510,2011-05-10,-0.010509587112476626,287.5888000401572,9.625196456419763E-6,"{""type"":""MultiPoint"",""coordinates"":[]}"
20110511,2011-05-11,-0.009914676403011151,288.721025642153,6.809175058735061E-4,"{""type"":""MultiPoint"",""coordinates"":[]}"
20110512,2011-05-12,-0.006956273726436834,287.88142764889307,0.0067785500663030355,"{""type"":""MultiPoint"",""coordinates"":[]}"
20110513,2011-05-13,-0.008186719193822516,285.93680891968046,7.34343660056858E-4,"{""type"":""MultiPoint"",""coordinates"":[]}"
20110514,2011-05-14,-0.005813478593508714,285.4122134293591,0.009327975751699318,"{""type"":""MultiPoint"",""coordinates"":[]}"
20110515,2011-05-15,-0.004124999182236895,281.03621296835576,0.0120307621431019,"{""type"":""MultiPoint"",""coordinates"":[]}"
20110516,2011-05-16,-0.006648562681277899,281.83984352009435,0.002297462461723615,"{""type"":""MultiPoint"",""coordinates"":[]}"
20110517,2011-05-17,-0.005988993610470614,284.5937571435817,8.278983918953488E-4,"{""type"":""MultiPoint"",""coordinates"":[]}"
20110518,2011-05-18,-0.008849934861044812,287.2049345898614,3.8272752167237595E-4,"{""type"":""MultiPoint"",""coordinates"":[]}"
20110519,2011-05-19,-0.009284916694136752,288.76439181621595,0.0012338029067636375,"{""type"":""MultiPoint"",""coordinates"":[]}"
20110520,2011-05-20,-0.007908703760162006,288.5610837110805,0.003083102392988668,"{""type"":""MultiPoint"",""coordinates"":[]}"
20110521,2011-05-21,-0.007874387915062297,288.61115816754733,0.0026643689412322595,"{""type"":""MultiPoint"",""coordinates"":[]}"
20110522,2011-05-22,-0.00872618685789439,289.38024591198825,0.0025569612120356815,"{""type"":""MultiPoint"",""coordinates"":[]}"
20110523,2011-05-23,-0.007545565030040728,289.0097592327651,0.0015330530421986028,"{""type"":""MultiPoint"",""coordinates"":[]}"
20110524,2011-05-24,-0.01054702481826968,290.3918969731729,3.5955591849707745E-4,"{""type"":""MultiPoint"",""coordinates"":[]}"
20110525,2011-05-25,-0.010807682327317623,287.95850363992975,1.7338159992434042E-4,"{""type"":""MultiPoint"",""coordinates"":[]}"
20110526,2011-05-26,-0.01113389856571104,290.1522012091827,0.0026967119678551225,"{""type"":""MultiPoint"",""coordinates"":[]}"
20110527,2011-05-27,-0.0034398293691452124,285.07196549061854,0.020841153772173,"{""type"":""MultiPoint"",""coordinates"":[]}"
20110528,2011-05-28,-0.004743962710585868,283.14207199557796,0.006441847581861557,"{""type"":""MultiPoint"",""coordinates"":[]}"
20110529,2011-05-29,-0.009187293859546418,286.8645192112487,2.2391728601789107E-5,"{""type"":""MultiPoint"",""coordinates"":[]}"
20110530,2011-05-30,-0.011321116963620502,290.474726178884,1.857549674527801E-4,"{""type"":""MultiPoint"",""coordinates"":[]}"
20110531,2011-05-31,-0.00908529416347349,290.31961496110256,0.007629795861378697,"{""type"":""MultiPoint"",""coordinates"":[]}"
20110601,2011-06-01,-0.004196542305357496,286.04473006344824,0.012391875878951344,"{""type"":""MultiPoint"",""coordinates"":[]}"
20110602,2011-06-02,-0.006308961835836462,287.19426613502804,0.0021893456657688776,"{""type"":""MultiPoint"",""coordinates"":[]}"
20110603,2011-06-03,-0.008653184039055193,289.896065449114,0.002976702518787338,"{""type"":""MultiPoint"",""coordinates"":[]}"
20110604,2011-06-04,-0.009339367762644778,291.466088193673,0.0013470341506487845,"{""type"":""MultiPoint"",""coordinates"":[]}"
20110605,2011-06-05,-0.00956679723254658,291.5338196573483,0.002053538717784046,"{""type"":""MultiPoint"",""coordinates"":[]}"
20110606,2011-06-06,-0.008427264539578753,290.17082503629615,0.005633100555451572,"{""type"":""MultiPoint"",""coordinates"":[]}"
20110607,2011-06-07,-0.008904207540722383,290.44757119393563,0.002115542680947111,"{""type"":""MultiPoint"",""coordinates"":[]}"
20110608,2011-06-08,-0.0052279995568827575,288.73620332993215,0.00904157744347474,"{""type"":""MultiPoint"",""coordinates"":[]}"
20110609,2011-06-09,-0.005228814606357219,285.80612763604285,0.00488759410502137,"{""type"":""MultiPoint"",""coordinates"":[]}"
20110610,2011-06-10,-0.006055955745611352,286.66522009063425,0.0017156486350321932,"{""type"":""MultiPoint"",""coordinates"":[]}"
20110611,2011-06-11,-0.0050363310776911805,286.3620336571399,0.004881659730900056,"{""type"":""MultiPoint"",""coordinates"":[]}"
20110612,2011-06-12,-0.006032946398003985,286.8910657439558,0.0026907639870491205,"{""type"":""MultiPoint"",""coordinates"":[]}"
20110613,2011-06-13,-0.0049307842181733515,287.21424734708654,0.003204558691054774,"{""type"":""MultiPoint"",""coordinates"":[]}"
20110614,2011-06-14,-0.006553200415292126,288.335030753113,0.0029745043937181516,"{""type"":""MultiPoint"",""coordinates"":[]}"
20110615,2011-06-15,-0.008548742716395063,290.26842001998926,5.321497463474798E-4,"{""type"":""MultiPoint"",""coordinates"":[]}"
20110616,2011-06-16,-0.007981339852390756,291.52716807651194,0.00517848307670364,"{""type"":""MultiPoint"",""coordinates"":[]}"
20110617,2011-06-17,-0.006591757361707299,289.76537839943416,0.004812896552187434,"{""type"":""MultiPoint"",""coordinates"":[]}"
20110618,2011-06-18,-0.003812323676039559,287.1481011251159,0.015726544419648672,"{""type"":""MultiPoint"",""coordinates"":[]}"
20110619,2011-06-19,-0.00935317352437101,284.60579651098016,0.004078159037212094,"{""type"":""MultiPoint"",""coordinates"":[]}"
20110620,2011-06-20,-0.008410853431981169,286.22500191867834,0.0015589205937071179,"{""type"":""MultiPoint"",""coordinates"":[]}"
20110621,2011-06-21,-0.008544482574673726,290.3604960623982,0.0015119775022095865,"{""type"":""MultiPoint"",""coordinates"":[]}"
20110622,2011-06-22,-0.009744217631585856,292.6533280864992,0.006722685210823802,"{""type"":""MultiPoint"",""coordinates"":[]}"
20110623,2011-06-23,-0.004713069254268204,288.17743196815576,0.009215412090858278,"{""type"":""MultiPoint"",""coordinates"":[]}"
20110624,2011-06-24,-0.0076920551221139645,286.14100694987263,0.0023156808203271175,"{""type"":""MultiPoint"",""coordinates"":[]}"
20110625,2011-06-25,-0.007687100977563155,285.54637571629377,0.0015779350655078068,"{""type"":""MultiPoint"",""coordinates"":[]}"
20110626,2011-06-26,-0.005438796500323824,288.25892735045176,0.0022535190022211888,"{""type"":""MultiPoint"",""coordinates"":[]}"
20110627,2011-06-27,-0.010750827865741358,291.29356480261544,1.0818222670682172E-4,"{""type"":""MultiPoint"",""coordinates"":[]}"
20110628,2011-06-28,-0.012694368091153202,291.92785184706526,1.887607724304835E-6,"{""type"":""MultiPoint"",""coordinates"":[]}"
20110629,2011-06-29,-0.011678606350364357,292.468712216356,0.002779335413173761,"{""type"":""MultiPoint"",""coordinates"":[]}"
20110630,2011-06-30,-0.005499745996837029,287.88784372673416,0.01450100765858367,"{""type"":""MultiPoint"",""coordinates"":[]}"
20110701,2011-07-01,-0.007294985234778361,284.85598752029847,0.006748804772446075,"{""type"":""MultiPoint"",""coordinates"":[]}"
20110702,2011-07-02,-0.008213990707727045,284.3046919697013,0.0023706828033068805,"{""type"":""MultiPoint"",""coordinates"":[]}"
20110703,2011-07-03,-0.0055609759835851995,284.1820315895297,0.004270588263226985,"{""type"":""MultiPoint"",""coordinates"":[]}"
20110704,2011-07-04,-0.00704617580437402,288.0907376067846,0.0011858902846486514,"{""type"":""MultiPoint"",""coordinates"":[]}"
20110705,2011-07-05,-0.006389870034417676,289.17988666252586,0.003858848615849473,"{""type"":""MultiPoint"",""coordinates"":[]}"
20110706,2011-07-06,-0.010230138033464148,291.3000782225914,3.139133449218361E-4,"{""type"":""MultiPoint"",""coordinates"":[]}"
20110707,2011-07-07,-0.008780812032289127,292.7993146904969,0.003810068696696533,"{""type"":""MultiPoint"",""coordinates"":[]}"
20110708,2011-07-08,-0.008428564182110748,291.24042788539026,0.004293922377938829,"{""type"":""MultiPoint"",""coordinates"":[]}"
20110709,2011-07-09,-0.008602333637586026,292.90957663813737,0.003536954365419839,"{""type"":""MultiPoint"",""coordinates"":[]}"
20110710,2011-07-10,-0.008320453790671273,292.93260262730115,0.00748401295676977,"{""type"":""MultiPoint"",""coordinates"":[]}"
20110711,2011-07-11,-0.008828246126958102,291.60764798148426,0.0015824292243755164,"{""type"":""MultiPoint"",""coordinates"":[]}"
20110712,2011-07-12,-0.011032250479155901,292.6945571314835,1.8955395168782243E-4,"{""type"":""MultiPoint"",""coordinates"":[]}"
20110713,2011-07-13,-0.007969993384620584,294.01003225888644,0.0064397614125359095,"{""type"":""MultiPoint"",""coordinates"":[]}"
20110714,2011-07-14,-0.005134397655998806,288.5118167577805,0.006891946486334014,"{""type"":""MultiPoint"",""coordinates"":[]}"
20110715,2011-07-15,-0.007189091300482932,287.3958324236584,0.0016585350449438983,"{""type"":""MultiPoint"",""coordinates"":[]}"
20110716,2011-07-16,-0.00948226927542682,289.53945164196705,2.6442106969503624E-4,"{""type"":""MultiPoint"",""coordinates"":[]}"
20110717,2011-07-17,-0.009729102399586876,290.6460043422751,0.006354639524938195,"{""type"":""MultiPoint"",""coordinates"":[]}"
20110718,2011-07-18,-0.006934225514277808,287.1479869250461,0.0034651820844027875,"{""type"":""MultiPoint"",""coordinates"":[]}"
20110719,2011-07-19,-0.009308499804567189,289.4431109422347,0.006006539007199312,"{""type"":""MultiPoint"",""coordinates"":[]}"
20110720,2011-07-20,-0.004390434476772902,285.60727585450496,0.02191879601408004,"{""type"":""MultiPoint"",""coordinates"":[]}"
20110721,2011-07-21,-0.0058636621830519126,286.5674900062271,0.01186957750269544,"{""type"":""MultiPoint"",""coordinates"":[]}"
20110722,2011-07-22,-0.006275667746138413,286.871943940802,0.005040181060386182,"{""type"":""MultiPoint"",""coordinates"":[]}"
20110723,2011-07-23,-0.00491248932596346,286.0930764019959,0.005236064465166066,"{""type"":""MultiPoint"",""coordinates"":[]}"
20110724,2011-07-24,-0.004701930255291347,284.5518682777012,0.007145529748670657,"{""type"":""MultiPoint"",""coordinates"":[]}"
20110725,2011-07-25,-0.006152555022771199,285.459346841413,0.0014746319255682183,"{""type"":""MultiPoint"",""coordinates"":[]}"
20110726,2011-07-26,-0.006816916885071141,287.07305912442047,0.0013571624538255662,"{""type"":""MultiPoint"",""coordinates"":[]}"
20110727,2011-07-27,-0.00795358712839886,288.5892183838939,0.0023265011829732675,"{""type"":""MultiPoint"",""coordinates"":[]}"
20110728,2011-07-28,-0.004664816341169654,288.206251275244,0.00909662247129983,"{""type"":""MultiPoint"",""coordinates"":[]}"
20110729,2011-07-29,-0.00587456486446879,288.1927418287895,0.004629010568594516,"{""type"":""MultiPoint"",""coordinates"":[]}"
20110730,2011-07-30,-0.005545271188740877,286.67958987889375,0.003602900004896888,"{""type"":""MultiPoint"",""coordinates"":[]}"
20110731,2011-07-31,-0.005177031349307699,286.3214000962892,0.001858580042213139,"{""type"":""MultiPoint"",""coordinates"":[]}"
20110801,2011-08-01,-0.004831982169533907,287.6360131867081,8.796189090663394E-4,"{""type"":""MultiPoint"",""coordinates"":[]}"
20110802,2011-08-02,-0.008936587592100805,290.3817755666936,2.0783860038491703E-4,"{""type"":""MultiPoint"",""coordinates"":[]}"
20110803,2011-08-03,-0.007920008180764495,291.32811141644214,0.005128681198921641,"{""type"":""MultiPoint"",""coordinates"":[]}"
20110804,2011-08-04,-0.0037645857234871196,289.9823543454928,0.008848818831975552,"{""type"":""MultiPoint"",""coordinates"":[]}"
20110805,2011-08-05,-0.0060039024606429675,290.96524372617415,0.0037714055817945837,"{""type"":""MultiPoint"",""coordinates"":[]}"
20110806,2011-08-06,-0.00697926175054294,292.25955913205956,0.00229025399852344,"{""type"":""MultiPoint"",""coordinates"":[]}"
20110807,2011-08-07,-0.003315741904601743,290.1365589411525,0.01324445876015616,"{""type"":""MultiPoint"",""coordinates"":[]}"
20110808,2011-08-08,-0.004419288836380968,287.51840710552085,0.007048739985489713,"{""type"":""MultiPoint"",""coordinates"":[]}"
20110809,2011-08-09,-0.00876618278929374,286.11303021908117,0.0036448154544388256,"{""type"":""MultiPoint"",""coordinates"":[]}"
20110810,2011-08-10,-0.007822653762717943,284.86689763189355,0.0014623769622445655,"{""type"":""MultiPoint"",""coordinates"":[]}"
20110811,2011-08-11,-0.009919097428017094,288.13252979890103,2.518654255391643E-5,"{""type"":""MultiPoint"",""coordinates"":[]}"
20110812,2011-08-12,-0.008722085392877343,290.09984556811673,0.0017805744071239047,"{""type"":""MultiPoint"",""coordinates"":[]}"
20110813,2011-08-13,-0.005453380055774341,289.5513268433603,0.003647598191670347,"{""type"":""MultiPoint"",""coordinates"":[]}"
20110814,2011-08-14,-0.008197972889049542,291.78290795350216,0.0018015002759883228,"{""type"":""MultiPoint"",""coordinates"":[]}"
20110815,2011-08-15,-0.002896685337379842,289.8444784033031,0.016505136112392727,"{""type"":""MultiPoint"",""coordinates"":[]}"
20110816,2011-08-16,-0.006799795420868272,290.10953209823646,2.893219272463191E-4,"{""type"":""MultiPoint"",""coordinates"":[]}"
20110817,2011-08-17,-0.007834705208545673,291.7713697679555,2.6759311979156485E-4,"{""type"":""MultiPoint"",""coordinates"":[]}"
20110818,2011-08-18,-0.008075477685276047,293.64841383960777,5.930703877954908E-4,"{""type"":""MultiPoint"",""coordinates"":[]}"
20110819,2011-08-19,-0.006404137914025783,292.94901756624176,0.008319630400819247,"{""type"":""MultiPoint"",""coordinates"":[]}"
20110820,2011-08-20,-0.007729243398964607,291.8712332602808,2.6738457079062387E-4,"{""type"":""MultiPoint"",""coordinates"":[]}"
20110821,2011-08-21,-0.009180830674690537,294.1547388537986,2.353312574139667E-5,"{""type"":""MultiPoint"",""coordinates"":[]}"
20110822,2011-08-22,-0.009393993351448476,296.04987196505135,2.822146229366147E-4,"{""type"":""MultiPoint"",""coordinates"":[]}"
20110823,2011-08-23,-0.009538418617962015,296.3082336486802,6.10850173088463E-4,"{""type"":""MultiPoint"",""coordinates"":[]}"
20110824,2011-08-24,-0.00864993500173957,295.8904098801983,0.0024628200221596193,"{""type"":""MultiPoint"",""coordinates"":[]}"
20110825,2011-08-25,-0.009048896077480922,295.18460722244765,0.0011342667637120627,"{""type"":""MultiPoint"",""coordinates"":[]}"
20110826,2011-08-26,-0.012438332401337331,296.44910309369925,4.125295223547111E-4,"{""type"":""MultiPoint"",""coordinates"":[]}"
20110827,2011-08-27,-0.005852094727563742,287.55638827118275,0.010033285627325125,"{""type"":""MultiPoint"",""coordinates"":[]}"
20110828,2011-08-28,-0.007469355116329813,286.66904835110745,1.0450903721449509E-4,"{""type"":""MultiPoint"",""coordinates"":[]}"
20110829,2011-08-29,-0.007386424198405782,288.2243520360559,1.9690197040315028E-4,"{""type"":""MultiPoint"",""coordinates"":[]}"
20110830,2011-08-30,-0.004122102254825846,287.0175464991708,6.441952275183363E-4,"{""type"":""MultiPoint"",""coordinates"":[]}"
20110831,2011-08-31,-0.00567105128596145,287.96168461226887,0.0012143074590918181,"{""type"":""MultiPoint"",""coordinates"":[]}"
20110901,2011-09-01,-0.00430749724289541,288.3254778384193,0.002322228849786705,"{""type"":""MultiPoint"",""coordinates"":[]}"
20110902,2011-09-02,-0.006117181049135044,289.7922113128421,8.905604027583044E-4,"{""type"":""MultiPoint"",""coordinates"":[]}"
20110903,2011-09-03,-0.007965014016200245,291.81982343917133,9.227186140440368E-5,"{""type"":""MultiPoint"",""coordinates"":[]}"
20110904,2011-09-04,-0.006521225731106803,293.1573938001517,0.007282553934197955,"{""type"":""MultiPoint"",""coordinates"":[]}"
20110905,2011-09-05,-0.004073720506452309,289.3521168394095,0.020381751786634844,"{""type"":""MultiPoint"",""coordinates"":[]}"
20110906,2011-09-06,-0.007663640904259074,287.8321167295405,5.1645635218765776E-5,"{""type"":""MultiPoint"",""coordinates"":[]}"
20110907,2011-09-07,-0.0059953696107427215,287.56867432107583,0.0012509298267706383,"{""type"":""MultiPoint"",""coordinates"":[]}"
20110908,2011-09-08,-0.004645867767509105,286.3302120964345,0.0039020625371728452,"{""type"":""MultiPoint"",""coordinates"":[]}"
20110909,2011-09-09,-0.0043831394603568085,287.98355517612384,0.002926855684548364,"{""type"":""MultiPoint"",""coordinates"":[]}"
20110910,2011-09-10,-0.006082859340353617,290.9813255594689,1.0407204622244078E-4,"{""type"":""MultiPoint"",""coordinates"":[]}"
20110911,2011-09-11,-0.007291745345300536,292.66689610550884,0.0028121720922789717,"{""type"":""MultiPoint"",""coordinates"":[]}"
20110912,2011-09-12,-0.006839865500058019,290.1666534701567,8.33262722136324E-4,"{""type"":""MultiPoint"",""coordinates"":[]}"
20110913,2011-09-13,-0.007690221122253355,290.52147427475785,8.870898603863946E-5,"{""type"":""MultiPoint"",""coordinates"":[]}"
20110914,2011-09-14,-0.003461401693263526,287.7700298293931,0.004922844539097521,"{""type"":""MultiPoint"",""coordinates"":[]}"
20110915,2011-09-15,-0.0047864214904243816,286.30938247881755,1.0101806625285673E-4,"{""type"":""MultiPoint"",""coordinates"":[]}"
20110916,2011-09-16,-0.0059069560608895665,287.3949576071545,2.1757087198177083E-4,"{""type"":""MultiPoint"",""coordinates"":[]}"
20110917,2011-09-17,-0.005299368583064959,289.06422492020073,0.0030093012367341703,"{""type"":""MultiPoint"",""coordinates"":[]}"
20110918,2011-09-18,-0.004645195555454213,286.58298102778133,0.013798027582598123,"{""type"":""MultiPoint"",""coordinates"":[]}"
20110919,2011-09-19,-0.0019051217168934006,280.68819070299344,0.02118054873710574,"{""type"":""MultiPoint"",""coordinates"":[]}"
20110920,2011-09-20,-0.00214444162302143,282.5682522892011,0.003923184005778319,"{""type"":""MultiPoint"",""coordinates"":[]}"
20110921,2011-09-21,-0.00422667517846617,285.51427122756115,2.306902867572085E-5,"{""type"":""MultiPoint"",""coordinates"":[]}"
20110922,2011-09-22,-0.004348914626481405,286.09545051534803,2.2222199143458787E-4,"{""type"":""MultiPoint"",""coordinates"":[]}"
20110923,2011-09-23,-0.004625123890425687,286.2995999126534,1.4322885137594407E-4,"{""type"":""MultiPoint"",""coordinates"":[]}"
20110924,2011-09-24,-0.005131287231370765,286.0762849422403,2.076243761658783E-5,"{""type"":""MultiPoint"",""coordinates"":[]}"
20110925,2011-09-25,-0.004946645704600008,286.9569759757763,5.011754751607367E-5,"{""type"":""MultiPoint"",""coordinates"":[]}"
20110926,2011-09-26,-0.004991885227048039,287.90503688969096,3.6628834609446755E-5,"{""type"":""MultiPoint"",""coordinates"":[]}"
20110927,2011-09-27,-0.00468192857064774,288.12357517814996,2.4375654455554673E-4,"{""type"":""MultiPoint"",""coordinates"":[]}"
20110928,2011-09-28,-0.005217619523542982,287.3797913816097,1.0285126007541374E-4,"{""type"":""MultiPoint"",""coordinates"":[]}"
20110929,2011-09-29,-0.006081638176503377,286.92084422352673,5.292903272861116E-6,"{""type"":""MultiPoint"",""coordinates"":[]}"
20110930,2011-09-30,-0.006235216066799502,287.68184384844534,1.1095218603039987E-6,"{""type"":""MultiPoint"",""coordinates"":[]}"
20111001,2011-10-01,-0.005599674147718628,288.20201697182586,6.705096392443627E-7,"{""type"":""MultiPoint"",""coordinates"":[]}"
20111002,2011-10-02,-0.005087292159324546,287.72086803009006,2.2402103378360947E-6,"{""type"":""MultiPoint"",""coordinates"":[]}"
20111003,2011-10-03,-0.005213880415867873,287.4931193316769,2.007006949240263E-6,"{""type"":""MultiPoint"",""coordinates"":[]}"
20111004,2011-10-04,-0.005685011766529725,287.78857981263934,1.1835914939273027E-5,"{""type"":""MultiPoint"",""coordinates"":[]}"
20111005,2011-10-05,-0.00469313004481799,286.5963814542112,1.5449134311463207E-4,"{""type"":""MultiPoint"",""coordinates"":[]}"
20111006,2011-10-06,-0.005920567916041094,287.0206095352006,0.002759456615835339,"{""type"":""MultiPoint"",""coordinates"":[]}"
20111007,2011-10-07,-0.0028022908169770605,279.7613451089965,0.017402152207016974,"{""type"":""MultiPoint"",""coordinates"":[]}"
20111008,2011-10-08,-0.002467556687625697,277.5142723962759,0.01159609236868738,"{""type"":""MultiPoint"",""coordinates"":[]}"
20111009,2011-10-09,-0.003298487476741583,277.26797165428997,0.004227046814664273,"{""type"":""MultiPoint"",""coordinates"":[]}"
20111010,2011-10-10,-0.0010968388357815702,280.7321548237574,0.01219348062880138,"{""type"":""MultiPoint"",""coordinates"":[]}"
20111011,2011-10-11,-0.0047498935027664455,285.7531095089535,9.334975134571974E-4,"{""type"":""MultiPoint"",""coordinates"":[]}"
20111012,2011-10-12,-0.003730542331713092,283.69506112470725,0.00715463537466902,"{""type"":""MultiPoint"",""coordinates"":[]}"
20111013,2011-10-13,-0.0025881797375853013,280.7581828671992,0.006023459345051713,"{""type"":""MultiPoint"",""coordinates"":[]}"
20111014,2011-10-14,-0.0044391333230022175,278.06180817937167,1.469778366017953E-4,"{""type"":""MultiPoint"",""coordinates"":[]}"
20111015,2011-10-15,-0.004996210878368097,277.2972199022222,2.508774499693176E-6,"{""type"":""MultiPoint"",""coordinates"":[]}"
20111016,2011-10-16,-0.0045286894640428664,278.20416666140966,1.0933811323595586E-6,"{""type"":""MultiPoint"",""coordinates"":[]}"
20111017,2011-10-17,-0.0036889882269034416,278.40417207597216,7.879287660248773E-6,"{""type"":""MultiPoint"",""coordinates"":[]}"
20111018,2011-10-18,-0.004676228627218849,280.61055357850506,4.920392775387846E-5,"{""type"":""MultiPoint"",""coordinates"":[]}"
20111019,2011-10-19,-0.0025095947843300943,278.79703694407993,0.0052021879035231,"{""type"":""MultiPoint"",""coordinates"":[]}"
20111020,2011-10-20,-0.0021524897332700255,276.4185969919089,0.0037125725379052138,"{""type"":""MultiPoint"",""coordinates"":[]}"
20111021,2011-10-21,-0.0028648513320531097,274.97770129233277,6.688684610913338E-5,"{""type"":""MultiPoint"",""coordinates"":[]}"
20111022,2011-10-22,-0.0032441054460447287,275.06425135987746,1.4078978681765907E-6,"{""type"":""MultiPoint"",""coordinates"":[]}"
20111023,2011-10-23,-0.0027329705994078757,275.76671956818114,7.88320474969641E-5,"{""type"":""MultiPoint"",""coordinates"":[]}"
20111024,2011-10-24,-0.0035497059949310015,278.2023525627873,6.502442251615383E-4,"{""type"":""MultiPoint"",""coordinates"":[]}"
20111025,2011-10-25,-0.002583181328794988,279.9640313317507,0.0021678946672550616,"{""type"":""MultiPoint"",""coordinates"":[]}"
20111026,2011-10-26,-9.255960799666145E-4,280.66536109980046,0.004754656669866583,"{""type"":""MultiPoint"",""coordinates"":[]}"
20111027,2011-10-27,-0.002668306461606293,280.5899962616461,5.482415059470153E-4,"{""type"":""MultiPoint"",""coordinates"":[]}"
20111028,2011-10-28,-0.0028839275439626836,280.2596892018337,5.9876371913959096E-5,"{""type"":""MultiPoint"",""coordinates"":[]}"
20111029,2011-10-29,-0.0026694626409002665,279.9693162328865,1.724491126846862E-5,"{""type"":""MultiPoint"",""coordinates"":[]}"
20111030,2011-10-30,-0.0026074256276859614,280.0068953127429,1.6845994050074946E-5,"{""type"":""MultiPoint"",""coordinates"":[]}"
20111031,2011-10-31,-0.0023673147176371274,279.64227277988635,6.798744529322334E-6,"{""type"":""MultiPoint"",""coordinates"":[]}"
20111101,2011-11-01,-0.002288136304888815,279.5429108175418,1.658634416479316E-5,"{""type"":""MultiPoint"",""coordinates"":[]}"
20111102,2011-11-02,-0.0022663239235168283,278.92180689421156,3.716259011019428E-5,"{""type"":""MultiPoint"",""coordinates"":[]}"
20111103,2011-11-03,-0.0024043836326824216,279.282388952924,7.825729926977942E-5,"{""type"":""MultiPoint"",""coordinates"":[]}"
20111104,2011-11-04,-0.002357801762811075,280.7937301116392,4.0824065249073455E-4,"{""type"":""MultiPoint"",""coordinates"":[]}"
20111105,2011-11-05,-0.002501585479095062,282.7444656382882,2.737903524355576E-4,"{""type"":""MultiPoint"",""coordinates"":[]}"
20111106,2011-11-06,-0.003133240225757324,282.4964648478026,1.1986253389928608E-4,"{""type"":""MultiPoint"",""coordinates"":[]}"
20111107,2011-11-07,-0.0030219094601754955,281.0029340941417,3.416778013345342E-4,"{""type"":""MultiPoint"",""coordinates"":[]}"
20111108,2011-11-08,-0.0023040447543633182,280.35947219614286,1.6758878024240826E-4,"{""type"":""MultiPoint"",""coordinates"":[]}"
20111109,2011-11-09,-0.0019142425016114538,279.66968859276784,1.7954513206829367E-5,"{""type"":""MultiPoint"",""coordinates"":[]}"
20111110,2011-11-10,-0.0022793684773401517,278.0391475050216,8.334233884303824E-5,"{""type"":""MultiPoint"",""coordinates"":[]}"
20111111,2011-11-11,-0.002794148632650929,276.04827623705853,6.416921289753584E-5,"{""type"":""MultiPoint"",""coordinates"":[]}"
20111112,2011-11-12,-0.002213443507164229,275.6114798635122,1.611351599738532E-6,"{""type"":""MultiPoint"",""coordinates"":[]}"
20111113,2011-11-13,-0.0019525481487229538,275.0448319599734,3.6805772923626035E-6,"{""type"":""MultiPoint"",""coordinates"":[]}"
20111114,2011-11-14,-0.0018000871829237822,274.1514759846827,6.045991844719934E-6,"{""type"":""MultiPoint"",""coordinates"":[]}"
20111115,2011-11-15,-0.0019509655998085323,273.74181088861684,7.99213300579911E-6,"{""type"":""MultiPoint"",""coordinates"":[]}"
20111116,2011-11-16,-0.001796334290076315,273.0332070370071,1.7573509315292573E-5,"{""type"":""MultiPoint"",""coordinates"":[]}"
20111117,2011-11-17,-0.0017925599410702842,273.8997142287247,3.760707280156307E-5,"{""type"":""MultiPoint"",""coordinates"":[]}"
20111118,2011-11-18,-0.00139386837587361,274.9577213010982,5.235769995817165E-5,"{""type"":""MultiPoint"",""coordinates"":[]}"
20111119,2011-11-19,-0.0016158232874220614,274.5844762405597,6.366704644240033E-5,"{""type"":""MultiPoint"",""coordinates"":[]}"
20111120,2011-11-20,-0.0016317122515522497,274.5566021100805,7.028794744063551E-5,"{""type"":""MultiPoint"",""coordinates"":[]}"
20111121,2011-11-21,-0.0015904988510395558,274.36598799833837,6.29175157750725E-5,"{""type"":""MultiPoint"",""coordinates"":[]}"
20111122,2011-11-22,-0.0014123784614212178,273.6110238046952,2.2748467638141918E-5,"{""type"":""MultiPoint"",""coordinates"":[]}"
20111123,2011-11-23,-0.001285944575035485,272.5550131696957,4.53383709801639E-5,"{""type"":""MultiPoint"",""coordinates"":[]}"
20111124,2011-11-24,-0.0014046493136474361,272.3554852963248,1.3725344316673961E-5,"{""type"":""MultiPoint"",""coordinates"":[]}"
20111125,2011-11-25,-0.0015785474134927388,272.84591024805246,5.5730015749756815E-5,"{""type"":""MultiPoint"",""coordinates"":[]}"
20111126,2011-11-26,-0.0010331426444330795,273.9383722795836,2.4773873965476176E-4,"{""type"":""MultiPoint"",""coordinates"":[]}"
20111127,2011-11-27,-0.0018701796002405186,276.08223384153365,1.7093345328638115E-5,"{""type"":""MultiPoint"",""coordinates"":[]}"
20111128,2011-11-28,-0.0013192019953240117,276.1165489993665,8.800471707202483E-5,"{""type"":""MultiPoint"",""coordinates"":[]}"
20111129,2011-11-29,-0.0010438717669338138,274.1533561946914,4.526435153202761E-5,"{""type"":""MultiPoint"",""coordinates"":[]}"
20111130,2011-11-30,-8.367927513776463E-4,275.5803380063979,3.946241198050047E-4,"{""type"":""MultiPoint"",""coordinates"":[]}"
20111201,2011-12-01,-0.0010728291681514407,275.5702390223791,1.8517730031040477E-5,"{""type"":""MultiPoint"",""coordinates"":[]}"
20111202,2011-12-02,-0.0011692159466427314,275.3527030040075,0.0011502401977224448,"{""type"":""MultiPoint"",""coordinates"":[]}"
20111203,2011-12-03,-0.0011740649266367316,275.81972907235433,0.002902189001239933,"{""type"":""MultiPoint"",""coordinates"":[]}"
20111204,2011-12-04,-0.0014166305493894186,278.39913648961226,0.004311902113118002,"{""type"":""MultiPoint"",""coordinates"":[]}"
20111205,2011-12-05,-0.002296716396884965,275.6537408526746,0.00802796168115177,"{""type"":""MultiPoint"",""coordinates"":[]}"
20111206,2011-12-06,-0.0013211258703103343,272.85239758364884,0.005976348048351347,"{""type"":""MultiPoint"",""coordinates"":[]}"
20111207,2011-12-07,-0.001165963860255203,273.6020958830802,0.011880544209911366,"{""type"":""MultiPoint"",""coordinates"":[]}"
20111208,2011-12-08,-0.0029089774633128665,273.3646560461422,0.0017049743638649355,"{""type"":""MultiPoint"",""coordinates"":[]}"
20111209,2011-12-09,-0.002062993749634781,275.08908018698565,0.0037969181369545088,"{""type"":""MultiPoint"",""coordinates"":[]}"
20111210,2011-12-10,-6.534317699328572E-4,273.989166566651,0.004970794734708315,"{""type"":""MultiPoint"",""coordinates"":[]}"
20111211,2011-12-11,-6.207265343703622E-4,272.9968441502708,2.0088275984113293E-4,"{""type"":""MultiPoint"",""coordinates"":[]}"
20111212,2011-12-12,-5.826005726710451E-4,273.90699036402964,0.00348552916127911,"{""type"":""MultiPoint"",""coordinates"":[]}"
20111213,2011-12-13,-0.0011966936866878893,273.88069563895937,4.0457717557464953E-4,"{""type"":""MultiPoint"",""coordinates"":[]}"
20111214,2011-12-14,-0.001021603926599564,275.195749484612,0.0023242936731112185,"{""type"":""MultiPoint"",""coordinates"":[]}"
20111215,2011-12-15,-8.780276991707878E-4,274.2169359739298,0.0024988730144919094,"{""type"":""MultiPoint"",""coordinates"":[]}"
20111216,2011-12-16,-0.0018276051753334304,274.38413051601555,0.011346197770489806,"{""type"":""MultiPoint"",""coordinates"":[]}"
20111217,2011-12-17,-0.002327928026349241,272.22194179368654,0.004482227524078181,"{""type"":""MultiPoint"",""coordinates"":[]}"
20111218,2011-12-18,-0.0012082338371459226,270.5508573813994,0.001055574119665341,"{""type"":""MultiPoint"",""coordinates"":[]}"
20111219,2011-12-19,-7.927461114523904E-4,269.09895302324514,5.822025694393254E-4,"{""type"":""MultiPoint"",""coordinates"":[]}"
20111220,2011-12-20,-6.483340099512402E-4,268.7622331994479,0.003248672224115621,"{""type"":""MultiPoint"",""coordinates"":[]}"
20111221,2011-12-21,-7.468478032090365E-4,271.4259771328788,0.006300429601624982,"{""type"":""MultiPoint"",""coordinates"":[]}"
20111222,2011-12-22,-2.608719834116409E-4,272.47353861045053,0.00835252008580867,"{""type"":""MultiPoint"",""coordinates"":[]}"
20111223,2011-12-23,-5.8065487163137197E-5,274.9106826744914,0.003007681440989916,"{""type"":""MultiPoint"",""coordinates"":[]}"
20111224,2011-12-24,-8.532556399026688E-4,273.77175408094854,0.0040720929484150846,"{""type"":""MultiPoint"",""coordinates"":[]}"
20111225,2011-12-25,-0.0014575935811254757,272.6568603760146,9.344909955523594E-4,"{""type"":""MultiPoint"",""coordinates"":[]}"
20111226,2011-12-26,-7.887947453010747E-4,274.7579423296643,4.404228300798112E-4,"{""type"":""MultiPoint"",""coordinates"":[]}"
20111227,2011-12-27,-3.9634828659876196E-4,274.8518291315277,1.0557911369652318E-4,"{""type"":""MultiPoint"",""coordinates"":[]}"
20111228,2011-12-28,-5.592715600878412E-4,273.6184353670284,1.2084287769974511E-4,"{""type"":""MultiPoint"",""coordinates"":[]}"
20111229,2011-12-29,-0.0011209865665566861,273.0470149300607,0.0014312545822402665,"{""type"":""MultiPoint"",""coordinates"":[]}"
20111230,2011-12-30,-0.0014527226909665377,271.53927236720676,0.00847360865751804,"{""type"":""MultiPoint"",""coordinates"":[]}"
20111231,2011-12-31,-6.308175226294417E-4,272.026988485192,0.008222128948967157,"{""type"":""MultiPoint"",""coordinates"":[]}"
20120101,2012-01-01,-4.1923936569587583E-4,276.657109147971,0.004380695307084943,"{""type"":""MultiPoint"",""coordinates"":[]}"
20120102,2012-01-02,-6.571082451853583E-4,275.7755425575166,0.004195335035064601,"{""type"":""MultiPoint"",""coordinates"":[]}"
20120103,2012-01-03,-0.00189642825855761,275.39538623363984,0.0010779814184326897,"{""type"":""MultiPoint"",""coordinates"":[]}"
20120104,2012-01-04,-0.0019224427278367073,274.77645831797435,0.006484066980605536,"{""type"":""MultiPoint"",""coordinates"":[]}"
20120105,2012-01-05,-0.0025065562072541167,273.8568556675307,0.013047726597629964,"{""type"":""MultiPoint"",""coordinates"":[]}"
20120106,2012-01-06,-0.0021269614272589883,272.41567226108606,0.00819095572677514,"{""type"":""MultiPoint"",""coordinates"":[]}"
20120107,2012-01-07,-0.0013735342281218713,272.7723138968231,0.007805082860360188,"{""type"":""MultiPoint"",""coordinates"":[]}"
20120108,2012-01-08,-7.782179079452438E-4,272.88824754992044,0.009441205992326701,"{""type"":""MultiPoint"",""coordinates"":[]}"
20120109,2012-01-09,-8.223990220311786E-4,273.05214102148386,0.006454593068022649,"{""type"":""MultiPoint"",""coordinates"":[]}"
20120110,2012-01-10,-0.0010115110859715214,274.4484657498029,0.004872502513846324,"{""type"":""MultiPoint"",""coordinates"":[]}"
20120111,2012-01-11,-0.0011552669081930419,274.14920688878664,1.8344052956923858E-4,"{""type"":""MultiPoint"",""coordinates"":[]}"
20120112,2012-01-12,-0.0015729548277785225,274.1215248504729,7.627788142251737E-4,"{""type"":""MultiPoint"",""coordinates"":[]}"
20120113,2012-01-13,-0.0019883988752382458,272.62940388716237,0.005747142133907065,"{""type"":""MultiPoint"",""coordinates"":[]}"
20120114,2012-01-14,-0.0021241954415612617,270.55175510710006,0.002143122237762008,"{""type"":""MultiPoint"",""coordinates"":[]}"
20120115,2012-01-15,-0.0013943719698352923,268.6146199454819,5.993321376321212E-4,"{""type"":""MultiPoint"",""coordinates"":[]}"
20120116,2012-01-16,-0.0011194209604384472,267.4389891248412,2.492430346958959E-4,"{""type"":""MultiPoint"",""coordinates"":[]}"
20120117,2012-01-17,-9.525038631452554E-4,269.0767534840488,0.0014709510698797204,"{""type"":""MultiPoint"",""coordinates"":[]}"
20120118,2012-01-18,-0.0010394779908876122,269.7030453814415,1.0426113375538886E-4,"{""type"":""MultiPoint"",""coordinates"":[]}"
20120119,2012-01-19,-0.0011761514049303627,274.41181870561644,0.01426280702578971,"{""type"":""MultiPoint"",""coordinates"":[]}"
20120120,2012-01-20,-0.001142855168909456,273.22041641959726,0.016211977201677986,"{""type"":""MultiPoint"",""coordinates"":[]}"
20120121,2012-01-21,-0.001198947959831533,272.94006897668146,0.012068171334336268,"{""type"":""MultiPoint"",""coordinates"":[]}"
20120122,2012-01-22,-0.002250574389874259,275.1267369090828,0.009571412714101026,"{""type"":""MultiPoint"",""coordinates"":[]}"
20120123,2012-01-23,-0.0014718905766331718,274.2934799054999,0.005693802646268944,"{""type"":""MultiPoint"",""coordinates"":[]}"
20120124,2012-01-24,-9.205393492242402E-4,271.56984024966954,0.006253510982791767,"{""type"":""MultiPoint"",""coordinates"":[]}"
20120125,2012-01-25,-0.00107291523721294,269.4041453797674,5.675264930311598E-4,"{""type"":""MultiPoint"",""coordinates"":[]}"
20120126,2012-01-26,-0.0013501081123912973,268.01181065013446,7.227564582630339E-5,"{""type"":""MultiPoint"",""coordinates"":[]}"
20120127,2012-01-27,-7.785500828177575E-4,269.1422244494156,6.479631398185346E-4,"{""type"":""MultiPoint"",""coordinates"":[]}"
20120128,2012-01-28,-8.090847739479626E-4,269.9981751936907,0.001878592536951097,"{""type"":""MultiPoint"",""coordinates"":[]}"
20120129,2012-01-29,-0.0013770557144325718,269.2002996434609,1.4735145646674715E-4,"{""type"":""MultiPoint"",""coordinates"":[]}"
20120130,2012-01-30,-0.0016795533584651715,267.3933176624482,4.924711852842944E-5,"{""type"":""MultiPoint"",""coordinates"":[]}"
20120131,2012-01-31,-0.0019195580342052099,265.84162059218056,2.9845986020108804E-4,"{""type"":""MultiPoint"",""coordinates"":[]}"
20120201,2012-02-01,-0.002084058640338566,263.98759138526225,2.2249048176767525E-4,"{""type"":""MultiPoint"",""coordinates"":[]}"
20120202,2012-02-02,-0.0022353918780931466,261.5853559112541,5.683766679213631E-4,"{""type"":""MultiPoint"",""coordinates"":[]}"
20120203,2012-02-03,-0.0015891836308169537,259.35723651290823,1.1511619464795978E-4,"{""type"":""MultiPoint"",""coordinates"":[]}"
20120204,2012-02-04,-0.0013008078920689126,258.5283186111452,4.1533215559103656E-4,"{""type"":""MultiPoint"",""coordinates"":[]}"
20120205,2012-02-05,-0.0013561644775590782,258.81752643962955,1.8990729674392675E-4,"{""type"":""MultiPoint"",""coordinates"":[]}"
20120206,2012-02-06,-0.0011820598403327518,257.9979869693704,5.847798192531956E-4,"{""type"":""MultiPoint"",""coordinates"":[]}"
20120207,2012-02-07,-0.0010901892164888504,259.8928613541829,0.002259736666212565,"{""type"":""MultiPoint"",""coordinates"":[]}"
20120208,2012-02-08,-0.0015801655791956423,262.3692720400936,1.2385823908205965E-5,"{""type"":""MultiPoint"",""coordinates"":[]}"
20120209,2012-02-09,-0.0011695677344206229,262.3245814303236,0.0018434986597967986,"{""type"":""MultiPoint"",""coordinates"":[]}"
20120210,2012-02-10,-0.0011628048246214771,260.8948292410074,7.30100474426721E-4,"{""type"":""MultiPoint"",""coordinates"":[]}"
20120211,2012-02-11,-0.0010910123049302327,259.2583056230013,1.5561146417035753E-4,"{""type"":""MultiPoint"",""coordinates"":[]}"
20120212,2012-02-12,-0.0011084313000811,259.4022103796407,2.910645495709891E-5,"{""type"":""MultiPoint"",""coordinates"":[]}"
20120213,2012-02-13,-0.0013810856683439058,262.0760182432195,0.001099590392823385,"{""type"":""MultiPoint"",""coordinates"":[]}"
20120214,2012-02-14,-0.001221417602355217,267.1263763886508,0.0020602177881910793,"{""type"":""MultiPoint"",""coordinates"":[]}"
20120215,2012-02-15,-0.00215684501164312,270.9468421194046,0.01033869868515304,"{""type"":""MultiPoint"",""coordinates"":[]}"
20120216,2012-02-16,-0.002446473577151315,270.12507849179644,0.0025222655538021175,"{""type"":""MultiPoint"",""coordinates"":[]}"
20120217,2012-02-17,-0.0014252784056317767,272.32774185584685,0.0045294282371941,"{""type"":""MultiPoint"",""coordinates"":[]}"
20120218,2012-02-18,-0.001558380533622536,273.5890752837505,7.183602992415288E-4,"{""type"":""MultiPoint"",""coordinates"":[]}"
20120219,2012-02-19,-9.869419691784513E-4,272.2481267706216,0.004187420791353919,"{""type"":""MultiPoint"",""coordinates"":[]}"
20120220,2012-02-20,-0.001964664598570705,270.1450865890651,5.167492565980096E-4,"{""type"":""MultiPoint"",""coordinates"":[]}"
20120221,2012-02-21,-0.0020780675662659997,269.4663164526498,4.0065571543247636E-5,"{""type"":""MultiPoint"",""coordinates"":[]}"
20120222,2012-02-22,-0.0021329836128087267,272.09588352385975,3.6055752448407265E-5,"{""type"":""MultiPoint"",""coordinates"":[]}"
20120223,2012-02-23,-0.001855497625824476,273.703230984407,0.0010010127877719598,"{""type"":""MultiPoint"",""coordinates"":[]}"
20120224,2012-02-24,-0.0020845371897555208,277.75396236018616,4.0750928972381424E-4,"{""type"":""MultiPoint"",""coordinates"":[]}"
20120225,2012-02-25,-0.0016729456515654037,277.4130035370616,0.0022680951824029043,"{""type"":""MultiPoint"",""coordinates"":[]}"
20120226,2012-02-26,-0.0016991057032015977,273.7164587728797,0.006962664534072578,"{""type"":""MultiPoint"",""coordinates"":[]}"
20120227,2012-02-27,-0.002885249158555965,272.15115443047586,9.273645444661449E-4,"{""type"":""MultiPoint"",""coordinates"":[]}"
20120228,2012-02-28,-9.824241616803765E-4,274.6126441919923,0.0060158672503388055,"{""type"":""MultiPoint"",""coordinates"":[]}"
20120229,2012-02-29,-9.065868300430842E-4,277.9567180671662,0.003182693675515,"{""type"":""MultiPoint"",""coordinates"":[]}"
20120301,2012-03-01,-0.002045869409452097,279.5292545550359,2.4814507863813205E-4,"{""type"":""MultiPoint"",""coordinates"":[]}"
20120302,2012-03-02,-0.0028419483458011923,278.95567863890415,7.888375299551064E-5,"{""type"":""MultiPoint"",""coordinates"":[]}"
20120303,2012-03-03,-0.003301871818842224,276.9595467598256,1.3019230918473468E-4,"{""type"":""MultiPoint"",""coordinates"":[]}"
20120304,2012-03-04,-0.0018959856394783702,275.73193770177545,7.863936445402902E-4,"{""type"":""MultiPoint"",""coordinates"":[]}"
20120305,2012-03-05,-0.00221952186569935,273.5392831817678,0.00368523726757323,"{""type"":""MultiPoint"",""coordinates"":[]}"
20120306,2012-03-06,-0.0031134057494675432,272.6059893884425,1.9662012637208863E-4,"{""type"":""MultiPoint"",""coordinates"":[]}"
20120307,2012-03-07,-0.0037830119465654924,272.92517146153307,1.0975786685696899E-5,"{""type"":""MultiPoint"",""coordinates"":[]}"
20120308,2012-03-08,-0.0018035058666568597,273.26867841002064,0.004335678825872733,"{""type"":""MultiPoint"",""coordinates"":[]}"
20120309,2012-03-09,-0.00326820871988095,273.18240817245197,3.6545723337699044E-4,"{""type"":""MultiPoint"",""coordinates"":[]}"
20120310,2012-03-10,-0.00392388243617783,274.3887945365047,3.3075153831962974E-5,"{""type"":""MultiPoint"",""coordinates"":[]}"
20120311,2012-03-11,-0.001822782120202643,276.02905708173404,0.003144294956479676,"{""type"":""MultiPoint"",""coordinates"":[]}"
20120312,2012-03-12,-0.0018515400381792421,277.11044045786207,0.002485657980031196,"{""type"":""MultiPoint"",""coordinates"":[]}"
20120313,2012-03-13,-0.0024931949243452802,277.77316513801105,9.394633215520108E-4,"{""type"":""MultiPoint"",""coordinates"":[]}"
20120314,2012-03-14,-0.004354930223262337,277.76259996381066,1.296103136801573E-4,"{""type"":""MultiPoint"",""coordinates"":[]}"
20120315,2012-03-15,-0.004498771651794059,277.8566259707792,1.7061820716131027E-5,"{""type"":""MultiPoint"",""coordinates"":[]}"
20120316,2012-03-16,-0.00533445054049917,279.76394561828977,0.0,"{""type"":""MultiPoint"",""coordinates"":[]}"
20120317,2012-03-17,-0.005210573223399769,280.6914347020157,4.1403204144580136E-5,"{""type"":""MultiPoint"",""coordinates"":[]}"
20120318,2012-03-18,-0.004669134464257532,279.99601834178355,0.002193000865377171,"{""type"":""MultiPoint"",""coordinates"":[]}"
20120319,2012-03-19,-0.003002915681173152,277.52007360335034,0.0039017141310252446,"{""type"":""MultiPoint"",""coordinates"":[]}"
20120320,2012-03-20,-0.004370852790108684,277.4454897545892,6.783405989822889E-5,"{""type"":""MultiPoint"",""coordinates"":[]}"
20120321,2012-03-21,-0.004883431809288735,278.7627945012314,2.8994184586316742E-5,"{""type"":""MultiPoint"",""coordinates"":[]}"
20120322,2012-03-22,-0.005441156706178021,280.3529510085297,3.952438822831442E-6,"{""type"":""MultiPoint"",""coordinates"":[]}"
20120323,2012-03-23,-0.005060010765042219,280.9140886867532,3.1557293080820175E-4,"{""type"":""MultiPoint"",""coordinates"":[]}"
20120324,2012-03-24,-0.00460107164176873,280.70038273585067,0.0016300644270592383,"{""type"":""MultiPoint"",""coordinates"":[]}"
20120325,2012-03-25,-0.0058400127781806765,280.92436479514873,3.4159569615750256E-4,"{""type"":""MultiPoint"",""coordinates"":[]}"
20120326,2012-03-26,-0.0063423629977889685,279.59349080249586,3.493898141175951E-7,"{""type"":""MultiPoint"",""coordinates"":[]}"
20120327,2012-03-27,-0.0070567034242737785,280.1299502520847,1.4131601372554677E-6,"{""type"":""MultiPoint"",""coordinates"":[]}"
20120328,2012-03-28,-0.006583270001699867,282.1839261186365,7.728545579514564E-6,"{""type"":""MultiPoint"",""coordinates"":[]}"
20120329,2012-03-29,-0.00918274666464933,280.9041233196724,0.0011021616820557725,"{""type"":""MultiPoint"",""coordinates"":[]}"
20120330,2012-03-30,-0.0037956377323813692,278.4169560850232,0.005091107856382762,"{""type"":""MultiPoint"",""coordinates"":[]}"
20120331,2012-03-31,-0.006973413400409282,278.48342257180616,0.003137952698150853,"{""type"":""MultiPoint"",""coordinates"":[]}"
20120401,2012-04-01,-0.006452792932687626,274.8143308121855,6.946080869353454E-4,"{""type"":""MultiPoint"",""coordinates"":[]}"
20120402,2012-04-02,-0.00628424796416437,277.92542670674607,1.6117944385234644E-5,"{""type"":""MultiPoint"",""coordinates"":[]}"
20120403,2012-04-03,-0.006080295649970592,280.88382018418235,6.657874264921755E-4,"{""type"":""MultiPoint"",""coordinates"":[]}"
20120404,2012-04-04,-0.00512974155456629,282.1643527932082,0.0017911140692361837,"{""type"":""MultiPoint"",""coordinates"":[]}"
20120405,2012-04-05,-0.0028952334548152854,280.2260450554955,0.006456465285527337,"{""type"":""MultiPoint"",""coordinates"":[]}"
20120406,2012-04-06,-0.0015097306947079092,278.347855635232,0.004063652836973583,"{""type"":""MultiPoint"",""coordinates"":[]}"
20120407,2012-04-07,-0.0031204984427789842,277.2890739865799,0.0036556425687282144,"{""type"":""MultiPoint"",""coordinates"":[]}"
20120408,2012-04-08,-0.005504023305157641,272.9557579247468,0.002648367005265029,"{""type"":""MultiPoint"",""coordinates"":[]}"
20120409,2012-04-09,-0.005506441993722198,274.5801593250665,1.259616807522653E-4,"{""type"":""MultiPoint"",""coordinates"":[]}"
20120410,2012-04-10,-0.0074856910797658285,280.17510857706463,2.674517611842999E-4,"{""type"":""MultiPoint"",""coordinates"":[]}"
20120411,2012-04-11,-0.00386023878740267,279.1348190263308,0.007375815102397056,"{""type"":""MultiPoint"",""coordinates"":[]}"
20120412,2012-04-12,-0.005240102711082561,278.36326409602236,0.003689618326904108,"{""type"":""MultiPoint"",""coordinates"":[]}"
20120413,2012-04-13,-0.0038785986951050642,278.7035192658835,0.0020859403375953346,"{""type"":""MultiPoint"",""coordinates"":[]}"
20120414,2012-04-14,-0.0052214289744635795,279.7611191357163,0.001989339065072803,"{""type"":""MultiPoint"",""coordinates"":[]}"
20120415,2012-04-15,-0.0023252354504228706,278.92256337416904,0.005918893183284127,"{""type"":""MultiPoint"",""coordinates"":[]}"
20120416,2012-04-16,-0.0025956359564219254,276.2611408258385,0.010397459822040572,"{""type"":""MultiPoint"",""coordinates"":[]}"
20120417,2012-04-17,-0.005642316849102034,276.02813601303274,4.4125587177067165E-4,"{""type"":""MultiPoint"",""coordinates"":[]}"
20120418,2012-04-18,-0.005309031084211466,277.6087189417605,0.001198655776138326,"{""type"":""MultiPoint"",""coordinates"":[]}"
20120419,2012-04-19,-0.005686857072908728,279.7439970798639,0.0019088656657250526,"{""type"":""MultiPoint"",""coordinates"":[]}"
20120420,2012-04-20,-0.0033233687689545603,279.23614043180487,0.005630088090942924,"{""type"":""MultiPoint"",""coordinates"":[]}"
20120421,2012-04-21,-0.0072736751597466025,280.2824947137135,0.002425462351964221,"{""type"":""MultiPoint"",""coordinates"":[]}"
20120422,2012-04-22,-0.003841225674483191,278.4461793247409,0.00469180536509327,"{""type"":""MultiPoint"",""coordinates"":[]}"
20120423,2012-04-23,-0.006652504112488332,279.31875521785116,6.271251553134064E-4,"{""type"":""MultiPoint"",""coordinates"":[]}"
20120424,2012-04-24,-0.003909945588201769,278.85054230138803,0.006095346200507474,"{""type"":""MultiPoint"",""coordinates"":[]}"
20120425,2012-04-25,-0.008596348468587027,281.1515219126162,1.4111942250671772E-4,"{""type"":""MultiPoint"",""coordinates"":[]}"
20120426,2012-04-26,-0.008176132322951005,284.67325007688015,2.347140086533165E-6,"{""type"":""MultiPoint"",""coordinates"":[]}"
20120427,2012-04-27,-0.008752224767796047,287.4483825058435,2.3222165721716796E-6,"{""type"":""MultiPoint"",""coordinates"":[]}"
20120428,2012-04-28,-0.0116555639476813,289.7787804136215,1.888852749940677E-6,"{""type"":""MultiPoint"",""coordinates"":[]}"
20120429,2012-04-29,-0.010897023471069581,289.67994739341475,1.0238760216256892E-4,"{""type"":""MultiPoint"",""coordinates"":[]}"
20120430,2012-04-30,-0.009802127991874231,289.0902783378479,2.0757343284931454E-4,"{""type"":""MultiPoint"",""coordinates"":[]}"
20120501,2012-05-01,-0.008119268651389339,288.540573221098,0.0012761924975184895,"{""type"":""MultiPoint"",""coordinates"":[]}"
20120502,2012-05-02,-0.009041312226604052,288.893008588086,0.0011963435376688774,"{""type"":""MultiPoint"",""coordinates"":[]}"
20120503,2012-05-03,-0.005572512710817723,286.06622126847645,0.0032877403997774563,"{""type"":""MultiPoint"",""coordinates"":[]}"
20120504,2012-05-04,-0.006540429468490574,285.6612473131612,0.0022548808025861008,"{""type"":""MultiPoint"",""coordinates"":[]}"
20120505,2012-05-05,-0.005324059953769262,284.1484540026165,0.004994540471610961,"{""type"":""MultiPoint"",""coordinates"":[]}"
20120506,2012-05-06,-0.004460144887630427,283.1471855039462,0.006893303427701688,"{""type"":""MultiPoint"",""coordinates"":[]}"
20120507,2012-05-07,-0.005859548702447765,282.98355876314577,0.0018557495788806635,"{""type"":""MultiPoint"",""coordinates"":[]}"
20120508,2012-05-08,-0.008388982946933327,284.8117788674088,2.8796997783049394E-4,"{""type"":""MultiPoint"",""coordinates"":[]}"
20120509,2012-05-09,-0.0074979477553032015,286.9518982111163,0.001877096383440635,"{""type"":""MultiPoint"",""coordinates"":[]}"
20120510,2012-05-10,-0.008608978507594778,289.637721343623,7.06102307559423E-5,"{""type"":""MultiPoint"",""coordinates"":[]}"
20120511,2012-05-11,-0.009617111554499114,291.96200725399996,3.4349268457193296E-5,"{""type"":""MultiPoint"",""coordinates"":[]}"
20120512,2012-05-12,-0.0034469032898297334,284.6587242486628,0.007954766032171703,"{""type"":""MultiPoint"",""coordinates"":[]}"
20120513,2012-05-13,-0.00809644162590278,280.22945088518196,8.399986298679036E-4,"{""type"":""MultiPoint"",""coordinates"":[]}"
20120514,2012-05-14,-0.007960728659294477,280.45872581900403,4.3695385483782733E-4,"{""type"":""MultiPoint"",""coordinates"":[]}"
20120515,2012-05-15,-0.008532400321527132,281.6115720733921,0.0031517937313624484,"{""type"":""MultiPoint"",""coordinates"":[]}"
20120516,2012-05-16,-0.004220310188138673,278.2365841350383,0.008405929250920735,"{""type"":""MultiPoint"",""coordinates"":[]}"
20120517,2012-05-17,-0.00827913730090053,279.0722581528886,6.837031007800026E-4,"{""type"":""MultiPoint"",""coordinates"":[]}"
20120518,2012-05-18,-0.009316764974519118,282.6816892074995,4.051920905603131E-4,"{""type"":""MultiPoint"",""coordinates"":[]}"
20120519,2012-05-19,-0.010649858355082295,286.5189833497106,5.437929445640318E-5,"{""type"":""MultiPoint"",""coordinates"":[]}"
20120520,2012-05-20,-0.011363554143541527,289.0228418060627,4.778158539589614E-4,"{""type"":""MultiPoint"",""coordinates"":[]}"
20120521,2012-05-21,-0.009834273861440309,288.91369133218905,0.0014259342997955534,"{""type"":""MultiPoint"",""coordinates"":[]}"
20120522,2012-05-22,-0.005074968551553,287.805207842954,0.008738527594606372,"{""type"":""MultiPoint"",""coordinates"":[]}"
20120523,2012-05-23,-0.007475205895315612,289.90293076689585,0.005572470760307334,"{""type"":""MultiPoint"",""coordinates"":[]}"
20120524,2012-05-24,-0.008655771466144078,289.4516223944964,0.0038044188951954945,"{""type"":""MultiPoint"",""coordinates"":[]}"
20120525,2012-05-25,-0.012413357419644088,287.5274098734416,1.0106365405175766E-4,"{""type"":""MultiPoint"",""coordinates"":[]}"
20120526,2012-05-26,-0.01221232156779216,286.7986695241031,3.776131621358845E-5,"{""type"":""MultiPoint"",""coordinates"":[]}"
20120527,2012-05-27,-0.010173990406656947,286.83225737532047,4.0209675669083424E-4,"{""type"":""MultiPoint"",""coordinates"":[]}"
20120528,2012-05-28,-0.008224478148523487,286.8476537066561,0.003073454314312383,"{""type"":""MultiPoint"",""coordinates"":[]}"
20120529,2012-05-29,-0.007398562572785994,287.7284593193921,0.003942011116633983,"{""type"":""MultiPoint"",""coordinates"":[]}"
20120530,2012-05-30,-0.008488438908662249,288.1476705064347,0.004820276047689905,"{""type"":""MultiPoint"",""coordinates"":[]}"
20120531,2012-05-31,-0.007991744372227012,288.26871186997283,0.003529711498870531,"{""type"":""MultiPoint"",""coordinates"":[]}"
20120601,2012-06-01,-0.006649941776001568,286.322280307599,0.009239957875788019,"{""type"":""MultiPoint"",""coordinates"":[]}"
20120602,2012-06-02,-0.006389653801343041,286.8043913351274,9.984481279666287E-4,"{""type"":""MultiPoint"",""coordinates"":[]}"
20120603,2012-06-03,-0.00576786145411131,288.7517098206298,0.01139766289621007,"{""type"":""MultiPoint"",""coordinates"":[]}"
20120604,2012-06-04,-0.0030265830999084906,285.1838065330062,0.013281167807189402,"{""type"":""MultiPoint"",""coordinates"":[]}"
20120605,2012-06-05,-0.0076613639475330425,282.7676677675599,0.0031629198654907795,"{""type"":""MultiPoint"",""coordinates"":[]}"
20120606,2012-06-06,-0.005511470589204866,284.9119002675425,0.0017438055805721697,"{""type"":""MultiPoint"",""coordinates"":[]}"
20120607,2012-06-07,-0.00856761936967303,289.6259204600357,0.002823878871943985,"{""type"":""MultiPoint"",""coordinates"":[]}"
20120608,2012-06-08,-0.005804814675159519,289.32184707680926,0.01117115647229286,"{""type"":""MultiPoint"",""coordinates"":[]}"
20120609,2012-06-09,-0.0036380797587359237,286.2831256413755,0.006374072146354006,"{""type"":""MultiPoint"",""coordinates"":[]}"
20120610,2012-06-10,-0.0031240753082129027,285.057444390459,0.008176993330225616,"{""type"":""MultiPoint"",""coordinates"":[]}"
20120611,2012-06-11,-0.0045476938340588465,285.5917012247265,0.0052706917724036914,"{""type"":""MultiPoint"",""coordinates"":[]}"
20120612,2012-06-12,-0.0038301233734834017,285.03949341027476,0.016146638280454605,"{""type"":""MultiPoint"",""coordinates"":[]}"
20120613,2012-06-13,-0.004736475818248068,284.7188347910737,0.010720999592297498,"{""type"":""MultiPoint"",""coordinates"":[]}"
20120614,2012-06-14,-0.008016116272054544,285.94239818800725,0.001644586331771324,"{""type"":""MultiPoint"",""coordinates"":[]}"
20120615,2012-06-15,-0.010026917371563044,289.22073386241016,2.941667231392612E-5,"{""type"":""MultiPoint"",""coordinates"":[]}"
20120616,2012-06-16,-0.011529445911450295,293.0625765699543,2.374099458299714E-4,"{""type"":""MultiPoint"",""coordinates"":[]}"
20120617,2012-06-17,-0.0074498234506379405,291.7158651127402,7.218535493993126E-4,"{""type"":""MultiPoint"",""coordinates"":[]}"
20120618,2012-06-18,-0.011763740936942282,294.3311660537685,3.636029381640906E-4,"{""type"":""MultiPoint"",""coordinates"":[]}"
20120619,2012-06-19,-0.008872149451591312,293.78077273813705,0.0019861798413124926,"{""type"":""MultiPoint"",""coordinates"":[]}"
20120620,2012-06-20,-0.006891875325571243,293.36432786595924,0.01171686759693092,"{""type"":""MultiPoint"",""coordinates"":[]}"
20120621,2012-06-21,-0.007212938465366412,292.6231318976983,0.005798897876654312,"{""type"":""MultiPoint"",""coordinates"":[]}"
20120622,2012-06-22,-0.008469928706116868,290.7810695160422,0.0036612008889907004,"{""type"":""MultiPoint"",""coordinates"":[]}"
20120623,2012-06-23,-0.006331832841071339,289.4699635111596,0.004276122540993298,"{""type"":""MultiPoint"",""coordinates"":[]}"
20120624,2012-06-24,-0.010370964272187633,291.44252989352566,9.50724684427786E-4,"{""type"":""MultiPoint"",""coordinates"":[]}"
20120625,2012-06-25,-0.006427123020305615,287.96523135027854,0.007833899946481775,"{""type"":""MultiPoint"",""coordinates"":[]}"
20120626,2012-06-26,-0.009736278791056244,287.5504674844051,7.165263281775188E-4,"{""type"":""MultiPoint"",""coordinates"":[]}"
20120627,2012-06-27,-0.009031978409298477,289.81314573488186,3.62797045160507E-4,"{""type"":""MultiPoint"",""coordinates"":[]}"
20120628,2012-06-28,-0.009475204677263274,292.5743409834149,5.19379102795036E-4,"{""type"":""MultiPoint"",""coordinates"":[]}"
20120629,2012-06-29,-0.009949411764832246,294.8891185572154,7.87994195290651E-4,"{""type"":""MultiPoint"",""coordinates"":[]}"
20120630,2012-06-30,-0.011519011315423575,296.79229543067237,5.188348785349684E-4,"{""type"":""MultiPoint"",""coordinates"":[]}"
20120701,2012-07-01,-0.009629275725858475,294.44012589167346,0.006453038922108574,"{""type"":""MultiPoint"",""coordinates"":[]}"
20120702,2012-07-02,-0.008195746644061207,293.4005463611509,0.0024884501649794486,"{""type"":""MultiPoint"",""coordinates"":[]}"
20120703,2012-07-03,-0.005327459647221279,292.3849511431287,0.012184872595234406,"{""type"":""MultiPoint"",""coordinates"":[]}"
20120704,2012-07-04,-0.0067627305760533185,292.7486873413712,0.004045465471423564,"{""type"":""MultiPoint"",""coordinates"":[]}"
20120705,2012-07-05,-0.007864451154697279,293.70836612369106,0.0048414212114721595,"{""type"":""MultiPoint"",""coordinates"":[]}"
20120706,2012-07-06,-0.00749073601689387,292.9725382895048,0.005328200185230093,"{""type"":""MultiPoint"",""coordinates"":[]}"
20120707,2012-07-07,-0.006623522111425169,291.7873577625547,0.0051922535793133915,"{""type"":""MultiPoint"",""coordinates"":[]}"
20120708,2012-07-08,-0.009010685150279424,292.32320895358265,0.00407486458097949,"{""type"":""MultiPoint"",""coordinates"":[]}"
20120709,2012-07-09,-0.006704561914240519,291.1180999283448,0.003841118404569288,"{""type"":""MultiPoint"",""coordinates"":[]}"
20120710,2012-07-10,-0.008101583558200471,291.6092976119476,0.0023165228032687715,"{""type"":""MultiPoint"",""coordinates"":[]}"
20120711,2012-07-11,-0.006616927556821177,290.1228171139764,0.006710622429718714,"{""type"":""MultiPoint"",""coordinates"":[]}"
20120712,2012-07-12,-0.008697285017349895,288.07766158497304,0.0016227523225855166,"{""type"":""MultiPoint"",""coordinates"":[]}"
20120713,2012-07-13,-0.004185076785670533,286.94491433168383,0.009257717023712867,"{""type"":""MultiPoint"",""coordinates"":[]}"
20120714,2012-07-14,-0.006111704193809249,288.2869558072457,0.007600511095993904,"{""type"":""MultiPoint"",""coordinates"":[]}"
20120715,2012-07-15,-0.006058622373729551,286.62529078783706,0.007514982496561047,"{""type"":""MultiPoint"",""coordinates"":[]}"
20120716,2012-07-16,-0.008972820037473727,286.20821033081484,0.0016878745794362837,"{""type"":""MultiPoint"",""coordinates"":[]}"
20120717,2012-07-17,-0.009085932306783059,287.3381769197034,0.0020944050792273856,"{""type"":""MultiPoint"",""coordinates"":[]}"
20120718,2012-07-18,-0.009940747242138136,290.17077998983234,3.824401402364668E-4,"{""type"":""MultiPoint"",""coordinates"":[]}"
20120719,2012-07-19,-0.008942522337561824,290.9176134093413,0.003746097045563811,"{""type"":""MultiPoint"",""coordinates"":[]}"
20120720,2012-07-20,-0.0043727194764302275,288.1857821826734,0.01007780204378876,"{""type"":""MultiPoint"",""coordinates"":[]}"
20120721,2012-07-21,-0.003993044285507702,286.25277378548503,0.009330706587630074,"{""type"":""MultiPoint"",""coordinates"":[]}"
20120722,2012-07-22,-0.006549852146163602,285.36269313558756,0.0037176703670161277,"{""type"":""MultiPoint"",""coordinates"":[]}"
20120723,2012-07-23,-0.011662065971059015,288.04247819716215,1.19687536407741E-5,"{""type"":""MultiPoint"",""coordinates"":[]}"
20120724,2012-07-24,-0.011138822296309107,292.40060619390187,3.855643414918017E-4,"{""type"":""MultiPoint"",""coordinates"":[]}"
20120725,2012-07-25,-0.003963560790568875,291.1649275846376,0.01041326339368411,"{""type"":""MultiPoint"",""coordinates"":[]}"
20120726,2012-07-26,-0.007591727271037911,292.8857650207916,0.0030286790089986532,"{""type"":""MultiPoint"",""coordinates"":[]}"
20120727,2012-07-27,-0.010518863844931987,294.8799986031513,1.164045808621572E-4,"{""type"":""MultiPoint"",""coordinates"":[]}"
20120728,2012-07-28,-0.008077668464580075,294.0192823781472,0.005288498068292511,"{""type"":""MultiPoint"",""coordinates"":[]}"
20120729,2012-07-29,-0.0058644557025084795,290.7731753912047,0.011069357650602876,"{""type"":""MultiPoint"",""coordinates"":[]}"
20120730,2012-07-30,-0.005934316873747665,289.3684341012061,0.0019631199601393657,"{""type"":""MultiPoint"",""coordinates"":[]}"
20120731,2012-07-31,-0.008570768994403427,290.7507533604355,5.568574568271158E-4,"{""type"":""MultiPoint"",""coordinates"":[]}"
20120801,2012-08-01,-0.010294528764719278,292.8596775042033,1.409031768149753E-4,"{""type"":""MultiPoint"",""coordinates"":[]}"
20120802,2012-08-02,-0.008738132146299288,293.57873604222624,0.00302802139188286,"{""type"":""MultiPoint"",""coordinates"":[]}"
20120803,2012-08-03,-0.006199377895723888,291.88580172720833,0.00616785016467987,"{""type"":""MultiPoint"",""coordinates"":[]}"
20120804,2012-08-04,-0.005491365656937512,292.05614491939275,0.003983634653516659,"{""type"":""MultiPoint"",""coordinates"":[]}"
20120805,2012-08-05,-0.007443181147904757,293.2528053207316,0.0027027397926995766,"{""type"":""MultiPoint"",""coordinates"":[]}"
20120806,2012-08-06,-0.007234194294574191,292.4434843046517,0.010799989014548724,"{""type"":""MultiPoint"",""coordinates"":[]}"
20120807,2012-08-07,-0.008797448742927412,289.6215426899492,9.510808623939378E-4,"{""type"":""MultiPoint"",""coordinates"":[]}"
20120808,2012-08-08,-0.006692972343362788,289.560832606474,5.020677918362243E-4,"{""type"":""MultiPoint"",""coordinates"":[]}"
20120809,2012-08-09,-0.007862030399782243,289.70407357437824,6.234140476070946E-4,"{""type"":""MultiPoint"",""coordinates"":[]}"
20120810,2012-08-10,-0.007331126260834462,289.0301144427854,0.0014756884592265044,"{""type"":""MultiPoint"",""coordinates"":[]}"
20120811,2012-08-11,-0.006776475638009346,287.12507090288926,0.002323117141786278,"{""type"":""MultiPoint"",""coordinates"":[]}"
20120812,2012-08-12,-0.009617374539427468,287.7518308078979,1.65220593247842E-4,"{""type"":""MultiPoint"",""coordinates"":[]}"
20120813,2012-08-13,-0.008889321667954721,288.3581770961601,2.1121997802695688E-4,"{""type"":""MultiPoint"",""coordinates"":[]}"
20120814,2012-08-14,-0.010008007843527119,289.4085801219467,4.5257239575454734E-5,"{""type"":""MultiPoint"",""coordinates"":[]}"
20120815,2012-08-15,-0.010068711739102202,291.3177487932455,6.752464592932938E-5,"{""type"":""MultiPoint"",""coordinates"":[]}"
20120816,2012-08-16,-0.004602931806565269,289.7875531115091,0.0054837974926462835,"{""type"":""MultiPoint"",""coordinates"":[]}"
20120817,2012-08-17,-0.007735278408259338,290.98302813816974,1.5906374203311364E-4,"{""type"":""MultiPoint"",""coordinates"":[]}"
20120818,2012-08-18,-0.009606873873851656,292.8989640345162,3.875743279842143E-6,"{""type"":""MultiPoint"",""coordinates"":[]}"
20120819,2012-08-19,-0.01076574525468122,294.8329888827391,2.1027137731002223E-6,"{""type"":""MultiPoint"",""coordinates"":[]}"
20120820,2012-08-20,-0.010789505041647478,296.8019204055605,0.0011194606783968904,"{""type"":""MultiPoint"",""coordinates"":[]}"
20120821,2012-08-21,-0.009005267119015132,295.7973366076356,0.0011771221656571057,"{""type"":""MultiPoint"",""coordinates"":[]}"
20120822,2012-08-22,-0.008121297685824291,294.3461939304802,0.004651744866674777,"{""type"":""MultiPoint"",""coordinates"":[]}"
20120823,2012-08-23,-0.007884127869772354,293.76651353383807,0.0014806068071317317,"{""type"":""MultiPoint"",""coordinates"":[]}"
20120824,2012-08-24,-0.007870965343869014,294.0117536811982,0.002917661083512065,"{""type"":""MultiPoint"",""coordinates"":[]}"
20120825,2012-08-25,-0.005734421654207998,292.14501319545064,0.012178601397670914,"{""type"":""MultiPoint"",""coordinates"":[]}"
20120826,2012-08-26,-0.006330981861785528,288.0663068503187,0.012236758763320641,"{""type"":""MultiPoint"",""coordinates"":[]}"
20120827,2012-08-27,-0.00867820407486643,287.7105629168356,5.067842425600583E-4,"{""type"":""MultiPoint"",""coordinates"":[]}"
20120828,2012-08-28,-0.00931110675164513,290.33200659268965,4.4905029986563617E-4,"{""type"":""MultiPoint"",""coordinates"":[]}"
20120829,2012-08-29,-0.007733429891559651,291.7551144191241,3.3263422980236794E-4,"{""type"":""MultiPoint"",""coordinates"":[]}"
20120830,2012-08-30,-0.006386077445100639,291.2037033564907,0.011982507814405479,"{""type"":""MultiPoint"",""coordinates"":[]}"
20120831,2012-08-31,-0.002552934932907017,285.4516347897301,0.018660519292036663,"{""type"":""MultiPoint"",""coordinates"":[]}"
20120901,2012-09-01,-0.002558024636503643,285.24930028214084,0.00429731749752597,"{""type"":""MultiPoint"",""coordinates"":[]}"
20120902,2012-09-02,-0.004760671028201062,288.312073466064,9.445432578126757E-4,"{""type"":""MultiPoint"",""coordinates"":[]}"
20120903,2012-09-03,-0.004675076825376052,289.855432026176,6.83398106838677E-4,"{""type"":""MultiPoint"",""coordinates"":[]}"
20120904,2012-09-04,-0.005541586246103855,290.2734043850069,9.844775387763455E-4,"{""type"":""MultiPoint"",""coordinates"":[]}"
20120905,2012-09-05,-0.0052266950204226436,289.81698027411284,0.004391524909091578,"{""type"":""MultiPoint"",""coordinates"":[]}"
20120906,2012-09-06,-0.0049103397631908,287.18130768560354,0.002754897396742578,"{""type"":""MultiPoint"",""coordinates"":[]}"
20120907,2012-09-07,-0.007883951892196511,287.39087172985023,1.4182783343386048E-5,"{""type"":""MultiPoint"",""coordinates"":[]}"
20120908,2012-09-08,-0.00785896518694404,289.2623279953927,3.925372765332871E-5,"{""type"":""MultiPoint"",""coordinates"":[]}"
20120909,2012-09-09,-0.0076586319113218625,290.27025863301196,7.425918948506991E-5,"{""type"":""MultiPoint"",""coordinates"":[]}"
20120910,2012-09-10,-0.006941710459344464,291.1997421428992,7.739321131274711E-4,"{""type"":""MultiPoint"",""coordinates"":[]}"
20120911,2012-09-11,-0.007875665808666143,291.20271815920466,0.001733421743971582,"{""type"":""MultiPoint"",""coordinates"":[]}"
20120912,2012-09-12,-0.0025125148946336484,285.2913820038082,0.02038200984777457,"{""type"":""MultiPoint"",""coordinates"":[]}"
20120913,2012-09-13,-0.00349476567931864,281.250016286378,0.010409504440067652,"{""type"":""MultiPoint"",""coordinates"":[]}"
20120914,2012-09-14,-0.005575760861342899,283.2352768781031,1.0822917466033716E-4,"{""type"":""MultiPoint"",""coordinates"":[]}"
20120915,2012-09-15,-0.0039701781501314684,284.4134707349581,0.0010789146512530797,"{""type"":""MultiPoint"",""coordinates"":[]}"
20120916,2012-09-16,-0.00581987084956802,285.5721558990579,1.6080499146376638E-5,"{""type"":""MultiPoint"",""coordinates"":[]}"
20120917,2012-09-17,-0.006081066426675961,287.03644468894004,2.647719003429889E-6,"{""type"":""MultiPoint"",""coordinates"":[]}"
20120918,2012-09-18,-0.006418948221069028,288.66584819289517,0.0010736138923711522,"{""type"":""MultiPoint"",""coordinates"":[]}"
20120919,2012-09-19,-0.0025108815621559034,283.66602559321984,0.010935660476274995,"{""type"":""MultiPoint"",""coordinates"":[]}"
20120920,2012-09-20,-0.005853434162986761,281.61155541870727,5.472203787934856E-4,"{""type"":""MultiPoint"",""coordinates"":[]}"
20120921,2012-09-21,-0.0060728171440878765,283.1704669315697,4.5475326524372896E-4,"{""type"":""MultiPoint"",""coordinates"":[]}"
20120922,2012-09-22,-0.0032952970081619693,284.4586125757466,0.00570841459678874,"{""type"":""MultiPoint"",""coordinates"":[]}"
20120923,2012-09-23,-0.004136838302559948,284.7599584195695,4.148221724163088E-5,"{""type"":""MultiPoint"",""coordinates"":[]}"
20120924,2012-09-24,-0.004935605959615389,287.1245887185482,0.006008162145745306,"{""type"":""MultiPoint"",""coordinates"":[]}"
20120925,2012-09-25,-0.006777240276746184,287.3781118365154,4.327379715780249E-4,"{""type"":""MultiPoint"",""coordinates"":[]}"
20120926,2012-09-26,-0.0062662033958460865,288.6864308925509,0.0011922810982618415,"{""type"":""MultiPoint"",""coordinates"":[]}"
20120927,2012-09-27,-0.004599946576344519,285.43274530048416,0.005767775044815996,"{""type"":""MultiPoint"",""coordinates"":[]}"
20120928,2012-09-28,-0.005329553435829783,284.9152017607149,1.0908769143470606E-4,"{""type"":""MultiPoint"",""coordinates"":[]}"
20120929,2012-09-29,-0.002303574352501088,284.8662171344406,0.005783865110413813,"{""type"":""MultiPoint"",""coordinates"":[]}"
20120930,2012-09-30,-0.0033810916192999374,284.9212817836799,5.053157400186922E-4,"{""type"":""MultiPoint"",""coordinates"":[]}"
20121001,2012-10-01,-0.0023476715521506875,285.36027563931543,0.0022793173559529116,"{""type"":""MultiPoint"",""coordinates"":[]}"
20121002,2012-10-02,-0.003429225019668408,284.8482242496585,8.835910965885391E-4,"{""type"":""MultiPoint"",""coordinates"":[]}"
20121003,2012-10-03,-0.005111225380564865,284.6858077198782,6.808282148681018E-5,"{""type"":""MultiPoint"",""coordinates"":[]}"
20121004,2012-10-04,-0.004967091338508534,285.4898541265526,0.003268038965222612,"{""type"":""MultiPoint"",""coordinates"":[]}"
20121005,2012-10-05,-0.004466292811244283,285.16673365680793,1.6684338787131895E-5,"{""type"":""MultiPoint"",""coordinates"":[]}"
20121006,2012-10-06,-0.007184958577430454,287.82823989368853,1.5877090389193856E-4,"{""type"":""MultiPoint"",""coordinates"":[]}"
20121007,2012-10-07,-0.0018439233494501393,283.4562464903652,0.014678395334527243,"{""type"":""MultiPoint"",""coordinates"":[]}"
20121008,2012-10-08,-0.004633577698415988,281.04114341556175,1.4158902305229663E-4,"{""type"":""MultiPoint"",""coordinates"":[]}"
20121009,2012-10-09,-0.001586603384830976,281.91983935820474,0.007777060466752581,"{""type"":""MultiPoint"",""coordinates"":[]}"
20121010,2012-10-10,-0.001934313838483976,280.82655003734607,0.0031719431027520946,"{""type"":""MultiPoint"",""coordinates"":[]}"
20121011,2012-10-11,-0.0030601942384021964,280.9669759705992,2.627826687059675E-4,"{""type"":""MultiPoint"",""coordinates"":[]}"
20121012,2012-10-12,-0.00306661247317,282.2302666152672,0.005258470765633865,"{""type"":""MultiPoint"",""coordinates"":[]}"
20121013,2012-10-13,-0.003481773519321178,281.49945799917003,5.231736411274005E-4,"{""type"":""MultiPoint"",""coordinates"":[]}"
20121014,2012-10-14,-0.004266549061166924,282.2083864226842,3.2372950570675493E-4,"{""type"":""MultiPoint"",""coordinates"":[]}"
20121015,2012-10-15,-0.0021963627156205883,280.1222545220384,0.009977882057309428,"{""type"":""MultiPoint"",""coordinates"":[]}"
20121016,2012-10-16,-0.002336896828525516,278.29995735359944,0.007003652999171859,"{""type"":""MultiPoint"",""coordinates"":[]}"
20121017,2012-10-17,-0.003366527812977043,281.1230469270011,2.470272509189919E-5,"{""type"":""MultiPoint"",""coordinates"":[]}"
20121018,2012-10-18,-0.0030150721577400035,283.0563120681212,1.7559742040419954E-5,"{""type"":""MultiPoint"",""coordinates"":[]}"
20121019,2012-10-19,-0.003073326262472876,283.8119014159279,9.13522489110173E-6,"{""type"":""MultiPoint"",""coordinates"":[]}"
20121020,2012-10-20,-0.0032846447600858313,283.5414470142761,1.7966841597059787E-5,"{""type"":""MultiPoint"",""coordinates"":[]}"
20121021,2012-10-21,-0.0029851079251550896,283.23998302416584,6.337111799860106E-5,"{""type"":""MultiPoint"",""coordinates"":[]}"
20121022,2012-10-22,-0.0031034456541129073,282.6710509004115,5.896194296500008E-5,"{""type"":""MultiPoint"",""coordinates"":[]}"
20121023,2012-10-23,-0.0028540196179056986,281.89252267803755,5.24750501194656E-5,"{""type"":""MultiPoint"",""coordinates"":[]}"
20121024,2012-10-24,-0.0026872600707407344,281.2929264507994,6.259337191108137E-5,"{""type"":""MultiPoint"",""coordinates"":[]}"
20121025,2012-10-25,-0.0030008210163853517,281.25971498284633,1.2259013215006889E-4,"{""type"":""MultiPoint"",""coordinates"":[]}"
20121026,2012-10-26,-0.0024396730585630306,279.8319918379623,0.0015157935099674408,"{""type"":""MultiPoint"",""coordinates"":[]}"
20121027,2012-10-27,-0.0011573449549551538,275.6373081082282,0.016002558253731862,"{""type"":""MultiPoint"",""coordinates"":[]}"
20121028,2012-10-28,-0.002390147642526834,271.73136585051355,0.004341699155037114,"{""type"":""MultiPoint"",""coordinates"":[]}"
20121029,2012-10-29,-0.001639091143345614,270.800655654553,0.003008699498269163,"{""type"":""MultiPoint"",""coordinates"":[]}"
20121030,2012-10-30,-0.002107735054431786,272.27897066429097,5.28528688576041E-4,"{""type"":""MultiPoint"",""coordinates"":[]}"
20121031,2012-10-31,-0.0022406970875359375,274.6668293258768,2.612940095228095E-4,"{""type"":""MultiPoint"",""coordinates"":[]}"
20121101,2012-11-01,-0.0018221203237365248,277.78968491160055,0.003626310537472548,"{""type"":""MultiPoint"",""coordinates"":[]}"
20121102,2012-11-02,-0.001896394102889415,277.36967880566914,0.003985839106472106,"{""type"":""MultiPoint"",""coordinates"":[]}"
20121103,2012-11-03,-0.002319162464322402,279.23419665096924,0.0016732638603981,"{""type"":""MultiPoint"",""coordinates"":[]}"
20121104,2012-11-04,-0.0016720299575120382,280.45538717627574,0.005669874256191279,"{""type"":""MultiPoint"",""coordinates"":[]}"
20121105,2012-11-05,-0.00186415578169861,278.0417734922284,0.013876885636243666,"{""type"":""MultiPoint"",""coordinates"":[]}"
20121106,2012-11-06,-0.0019855067819046267,275.3012088652908,0.0021023911948000787,"{""type"":""MultiPoint"",""coordinates"":[]}"
20121107,2012-11-07,-0.00250937186991725,275.58000057828923,0.0011673735171847932,"{""type"":""MultiPoint"",""coordinates"":[]}"
20121108,2012-11-08,-0.0018657241070459678,277.732479658758,9.661469828877604E-5,"{""type"":""MultiPoint"",""coordinates"":[]}"
20121109,2012-11-09,-0.001974626890743871,277.72909763980783,4.158795196147899E-4,"{""type"":""MultiPoint"",""coordinates"":[]}"
20121110,2012-11-10,-0.0018198042453133902,278.5534956975493,0.0013271667527949315,"{""type"":""MultiPoint"",""coordinates"":[]}"
20121111,2012-11-11,-9.676416714427907E-4,279.62208375402776,0.009790240602935027,"{""type"":""MultiPoint"",""coordinates"":[]}"
20121112,2012-11-12,-4.4718266030675753E-4,279.33166028273854,0.002153493285653124,"{""type"":""MultiPoint"",""coordinates"":[]}"
20121113,2012-11-13,-0.001010822787477124,277.8909135581443,5.127827217623764E-4,"{""type"":""MultiPoint"",""coordinates"":[]}"
20121114,2012-11-14,-0.001743566206451477,276.3962032524003,9.321011816058558E-6,"{""type"":""MultiPoint"",""coordinates"":[]}"
20121115,2012-11-15,-0.001761232889012639,275.5410356267889,2.2625975133415666E-5,"{""type"":""MultiPoint"",""coordinates"":[]}"
20121116,2012-11-16,-0.0016251462768114438,275.27138246534815,3.736963305675423E-5,"{""type"":""MultiPoint"",""coordinates"":[]}"
20121117,2012-11-17,-0.0016008637492345643,275.20156800758207,1.437768833750443E-4,"{""type"":""MultiPoint"",""coordinates"":[]}"
20121118,2012-11-18,-0.001292765836897466,275.6934654848603,1.268231054080383E-4,"{""type"":""MultiPoint"",""coordinates"":[]}"
20121119,2012-11-19,-0.0010593945661385414,276.37145999705575,5.134231621146875E-5,"{""type"":""MultiPoint"",""coordinates"":[]}"
20121120,2012-11-20,-0.001034462967050388,276.5621962256966,4.667512209089805E-5,"{""type"":""MultiPoint"",""coordinates"":[]}"
20121121,2012-11-21,-0.0010208305634778845,276.679170481912,2.5115571640716E-4,"{""type"":""MultiPoint"",""coordinates"":[]}"
20121122,2012-11-22,-6.320378669689408E-4,277.1740257318444,7.393559690719287E-4,"{""type"":""MultiPoint"",""coordinates"":[]}"
20121123,2012-11-23,-7.85762392255161E-4,276.8790250185709,4.2785094792854026E-4,"{""type"":""MultiPoint"",""coordinates"":[]}"
20121124,2012-11-24,-0.0011821791751376997,277.1824491075011,4.222681544546671E-5,"{""type"":""MultiPoint"",""coordinates"":[]}"
20121125,2012-11-25,-0.0013169617445902228,278.5067486762958,9.209171414188865E-5,"{""type"":""MultiPoint"",""coordinates"":[]}"
20121126,2012-11-26,-7.846257127567593E-4,277.9435225603396,6.077610243769979E-4,"{""type"":""MultiPoint"",""coordinates"":[]}"
20121127,2012-11-27,-5.456534049773242E-4,278.0595630690529,8.793287641073243E-4,"{""type"":""MultiPoint"",""coordinates"":[]}"
20121128,2012-11-28,-6.326088463816001E-4,277.89567970684004,0.005380074525040014,"{""type"":""MultiPoint"",""coordinates"":[]}"
20121129,2012-11-29,-0.0011616200954195743,275.0169580129017,0.011287029942501466,"{""type"":""MultiPoint"",""coordinates"":[]}"
20121130,2012-11-30,-0.0013996177239310765,271.4617947472129,7.628750212336433E-4,"{""type"":""MultiPoint"",""coordinates"":[]}"
20121201,2012-12-01,-9.70070705864005E-4,270.13875632816035,1.748202730340832E-4,"{""type"":""MultiPoint"",""coordinates"":[]}"
20121202,2012-12-02,-0.0011894331417980724,270.21118751739687,0.0023421840026473548,"{""type"":""MultiPoint"",""coordinates"":[]}"
20121203,2012-12-03,-0.001603561844201684,270.39823831578695,0.0034816224544435576,"{""type"":""MultiPoint"",""coordinates"":[]}"
20121204,2012-12-04,-9.209476445317423E-4,272.36908351736736,0.006743067587006274,"{""type"":""MultiPoint"",""coordinates"":[]}"
20121205,2012-12-05,-9.100672131116598E-4,270.74031178193826,0.002756652436707121,"{""type"":""MultiPoint"",""coordinates"":[]}"
20121206,2012-12-06,-8.691251312616169E-4,267.9679691588907,0.003033259521419607,"{""type"":""MultiPoint"",""coordinates"":[]}"
20121207,2012-12-07,-7.790764742970843E-4,265.5146035945646,6.750443779665148E-4,"{""type"":""MultiPoint"",""coordinates"":[]}"
20121208,2012-12-08,-7.490878397818778E-4,265.66298035850195,4.757965009936593E-4,"{""type"":""MultiPoint"",""coordinates"":[]}"
20121209,2012-12-09,-0.0012814477844997527,265.81239841133186,0.003241457068406054,"{""type"":""MultiPoint"",""coordinates"":[]}"
20121210,2012-12-10,-9.810781289230604E-4,270.47176272743815,0.007471803613435086,"{""type"":""MultiPoint"",""coordinates"":[]}"
20121211,2012-12-11,-5.871363257486273E-4,267.8968533595305,0.004909978660152135,"{""type"":""MultiPoint"",""coordinates"":[]}"
20121212,2012-12-12,-6.34740209146466E-4,264.30961542855573,5.69155021928574E-4,"{""type"":""MultiPoint"",""coordinates"":[]}"
20121213,2012-12-13,-3.953861391915062E-4,263.1213896463021,1.9626418274658672E-4,"{""type"":""MultiPoint"",""coordinates"":[]}"
20121214,2012-12-14,-7.430154394598065E-4,268.9359193896608,5.857338191101695E-4,"{""type"":""MultiPoint"",""coordinates"":[]}"
20121215,2012-12-15,-3.4811909374503596E-4,273.5932422443235,0.006926423710966928,"{""type"":""MultiPoint"",""coordinates"":[]}"
20121216,2012-12-16,-5.044402211258338E-4,273.3990788875443,0.0023108740766782615,"{""type"":""MultiPoint"",""coordinates"":[]}"
20121217,2012-12-17,-3.1937822142216364E-4,272.83201321849305,0.004714831067642098,"{""type"":""MultiPoint"",""coordinates"":[]}"
20121218,2012-12-18,-2.831696622921252E-4,272.6280732178578,0.00357476931738046,"{""type"":""MultiPoint"",""coordinates"":[]}"
20121219,2012-12-19,-4.014597862336643E-4,271.96537182328467,0.0011765126039656585,"{""type"":""MultiPoint"",""coordinates"":[]}"
20121220,2012-12-20,-4.4202472785837373E-4,269.74139112377264,8.884518914627612E-4,"{""type"":""MultiPoint"",""coordinates"":[]}"
20121221,2012-12-21,-2.2389570955618052E-4,271.84906941446013,0.00690621902481161,"{""type"":""MultiPoint"",""coordinates"":[]}"
20121222,2012-12-22,-4.2905003863045863E-4,272.6377973996806,0.004054592298031329,"{""type"":""MultiPoint"",""coordinates"":[]}"
20121223,2012-12-23,-0.0013552320263148867,276.2188288193513,0.01551001807321256,"{""type"":""MultiPoint"",""coordinates"":[]}"
20121224,2012-12-24,-0.0010039872728106,277.0893975858603,3.0147527398647814E-4,"{""type"":""MultiPoint"",""coordinates"":[]}"
20121225,2012-12-25,-8.629502870115243E-4,275.4971711063134,8.718253778583451E-4,"{""type"":""MultiPoint"",""coordinates"":[]}"
20121226,2012-12-26,-0.001021307056796634,275.52769321513307,0.002711840747433685,"{""type"":""MultiPoint"",""coordinates"":[]}"
20121227,2012-12-27,-0.0013705575748903015,274.72832554921155,0.006856256116693306,"{""type"":""MultiPoint"",""coordinates"":[]}"
20121228,2012-12-28,-6.018189119983999E-4,273.3483986577954,0.007915161972528973,"{""type"":""MultiPoint"",""coordinates"":[]}"
20121229,2012-12-29,-9.966615131731923E-4,272.13905857803917,1.4473502049835737E-6,"{""type"":""MultiPoint"",""coordinates"":[]}"
20121230,2012-12-30,-0.0010640554473007639,273.0859718608132,2.9610026741938073E-4,"{""type"":""MultiPoint"",""coordinates"":[]}"
20121231,2012-12-31,-7.298792737757885E-4,272.4778978351928,6.6384288514995525E-6,"{""type"":""MultiPoint"",""coordinates"":[]}"
20130101,2013-01-01,-7.447584148172261E-4,272.0459262399235,5.224467338521228E-4,"{""type"":""MultiPoint"",""coordinates"":[]}"
20130102,2013-01-02,-7.127640364501608E-4,272.3872880372349,0.001990242680852267,"{""type"":""MultiPoint"",""coordinates"":[]}"
20130103,2013-01-03,-9.974816666453977E-4,272.8583515180864,0.0029198528516033184,"{""type"":""MultiPoint"",""coordinates"":[]}"
20130104,2013-01-04,-5.261772715106569E-4,277.2109465939321,0.009118557346747666,"{""type"":""MultiPoint"",""coordinates"":[]}"
20130105,2013-01-05,-5.078892565683671E-4,276.7630583058004,0.01719877262613029,"{""type"":""MultiPoint"",""coordinates"":[]}"
20130106,2013-01-06,-6.510569683438411E-4,275.62929403459896,0.008933272716422969,"{""type"":""MultiPoint"",""coordinates"":[]}"
20130107,2013-01-07,-6.720085188590168E-4,274.5844898285859,0.005208870946143189,"{""type"":""MultiPoint"",""coordinates"":[]}"
20130108,2013-01-08,-8.784155914671258E-4,273.8774650310106,0.0038547599451999076,"{""type"":""MultiPoint"",""coordinates"":[]}"
20130109,2013-01-09,-5.025439863479212E-4,274.4038216712539,0.001456732931112761,"{""type"":""MultiPoint"",""coordinates"":[]}"
20130110,2013-01-10,-8.958064019512546E-4,273.6065348367085,0.0028920029521689087,"{""type"":""MultiPoint"",""coordinates"":[]}"
20130111,2013-01-11,-0.0011932172122659304,271.03984315635427,0.003071475394244824,"{""type"":""MultiPoint"",""coordinates"":[]}"
20130112,2013-01-12,-8.594121703891714E-4,269.0118296126643,0.001388378613261284,"{""type"":""MultiPoint"",""coordinates"":[]}"
20130113,2013-01-13,-0.0010063233782490052,268.18785914131365,3.447075564420998E-4,"{""type"":""MultiPoint"",""coordinates"":[]}"
20130114,2013-01-14,-6.314921957766542E-4,268.88068159992156,0.0028406326510001037,"{""type"":""MultiPoint"",""coordinates"":[]}"
20130115,2013-01-15,-7.354184494703311E-4,268.8409070478813,5.458833664935367E-4,"{""type"":""MultiPoint"",""coordinates"":[]}"
20130116,2013-01-16,-6.57962879825992E-4,269.230116784759,0.004015491481703051,"{""type"":""MultiPoint"",""coordinates"":[]}"
20130117,2013-01-17,-6.698375739665724E-4,267.6040358602024,0.009059634687230662,"{""type"":""MultiPoint"",""coordinates"":[]}"
20130118,2013-01-18,-7.10251252310632E-4,265.62814881430523,0.0014619582247512347,"{""type"":""MultiPoint"",""coordinates"":[]}"
20130119,2013-01-19,-5.660696392606916E-4,264.8771968212619,1.637175984386181E-4,"{""type"":""MultiPoint"",""coordinates"":[]}"
20130120,2013-01-20,-5.20367457032519E-4,268.701050224302,7.567980956519819E-4,"{""type"":""MultiPoint"",""coordinates"":[]}"
20130121,2013-01-21,-3.892849467474114E-4,269.8718820506529,0.0028478778563896605,"{""type"":""MultiPoint"",""coordinates"":[]}"
20130122,2013-01-22,-6.759869030729404E-4,269.4677754382231,0.0010760141461507546,"{""type"":""MultiPoint"",""coordinates"":[]}"
20130123,2013-01-23,-6.493583463141043E-4,267.94791638285415,2.487458358006915E-4,"{""type"":""MultiPoint"",""coordinates"":[]}"
20130124,2013-01-24,-5.536365659723455E-4,267.51207674500495,5.359058125506211E-4,"{""type"":""MultiPoint"",""coordinates"":[]}"
20130125,2013-01-25,-7.58419523469242E-4,265.9277161489003,7.748185450310837E-4,"{""type"":""MultiPoint"",""coordinates"":[]}"
20130126,2013-01-26,-7.596380721681424E-4,263.9272962740713,2.1581908999561466E-5,"{""type"":""MultiPoint"",""coordinates"":[]}"
20130127,2013-01-27,-8.148195975459459E-4,267.7029390132863,0.0011288117277686545,"{""type"":""MultiPoint"",""coordinates"":[]}"
20130128,2013-01-28,-5.70956203986316E-4,271.6289577463139,0.0024545915736961348,"{""type"":""MultiPoint"",""coordinates"":[]}"
20130129,2013-01-29,-0.0010325874783933568,273.4321427865265,0.009268558587054667,"{""type"":""MultiPoint"",""coordinates"":[]}"
20130130,2013-01-30,-0.002203807076841039,279.10369570200544,0.006451960451395025,"{""type"":""MultiPoint"",""coordinates"":[]}"
20130131,2013-01-31,-0.004760064256060641,277.03083658181697,0.002157008102943574,"{""type"":""MultiPoint"",""coordinates"":[]}"
20130201,2013-02-01,-0.0015180445037426033,276.09384413533667,0.009085559424473779,"{""type"":""MultiPoint"",""coordinates"":[]}"
20130202,2013-02-02,-0.0012300529139126007,273.82640653421987,0.009396568664622991,"{""type"":""MultiPoint"",""coordinates"":[]}"
20130203,2013-02-03,-0.0028938702231228086,270.8791518215205,0.0027833746020996626,"{""type"":""MultiPoint"",""coordinates"":[]}"
20130204,2013-02-04,-0.0014972177151497262,273.170189069585,0.010748255070665336,"{""type"":""MultiPoint"",""coordinates"":[]}"
20130205,2013-02-05,-0.0013832340282766155,274.45192044937227,0.006845034438211145,"{""type"":""MultiPoint"",""coordinates"":[]}"
20130206,2013-02-06,-0.0017481518730740092,271.2488516478687,0.0030243491297817873,"{""type"":""MultiPoint"",""coordinates"":[]}"
20130207,2013-02-07,-0.0013993323022282048,269.71426125455577,0.0036234182490479726,"{""type"":""MultiPoint"",""coordinates"":[]}"
20130208,2013-02-08,-0.0013474047258471887,268.3269320604903,0.0019763924545332587,"{""type"":""MultiPoint"",""coordinates"":[]}"
20130209,2013-02-09,-0.0012917311034764604,267.3362749965988,0.002303134182835913,"{""type"":""MultiPoint"",""coordinates"":[]}"
20130210,2013-02-10,-0.001609337224609577,265.71419879519476,0.001098127253072073,"{""type"":""MultiPoint"",""coordinates"":[]}"
20130211,2013-02-11,-0.0017773900625598746,266.40938232075337,5.332777277898537E-4,"{""type"":""MultiPoint"",""coordinates"":[]}"
20130212,2013-02-12,-8.718862751657967E-4,268.28665845212447,0.0041222382875289,"{""type"":""MultiPoint"",""coordinates"":[]}"
20130213,2013-02-13,-0.0011393985177974514,267.95040134554455,0.002211421780311779,"{""type"":""MultiPoint"",""coordinates"":[]}"
20130214,2013-02-14,-0.0013983168691921561,268.58905284276,4.744428094750768E-4,"{""type"":""MultiPoint"",""coordinates"":[]}"
20130215,2013-02-15,-0.0010595308189404501,270.31355451906234,0.0022165805782655337,"{""type"":""MultiPoint"",""coordinates"":[]}"
20130216,2013-02-16,-0.0012885016298745172,271.4021226927116,0.00154544455423621,"{""type"":""MultiPoint"",""coordinates"":[]}"
20130217,2013-02-17,-0.0012851323178958013,270.8889871261558,6.982877718174319E-4,"{""type"":""MultiPoint"",""coordinates"":[]}"
20130218,2013-02-18,-0.0015879887471418523,270.0637111353973,1.8531548588626102E-4,"{""type"":""MultiPoint"",""coordinates"":[]}"
20130219,2013-02-19,-0.0015370182668911201,269.9670985725072,0.004046141612917821,"{""type"":""MultiPoint"",""coordinates"":[]}"
20130220,2013-02-20,-0.0016278528178809723,268.7410167548865,0.002173754100324733,"{""type"":""MultiPoint"",""coordinates"":[]}"
20130221,2013-02-21,-0.0017927611886568004,266.1915218111389,5.231303880662156E-4,"{""type"":""MultiPoint"",""coordinates"":[]}"
20130222,2013-02-22,-0.0015430958406918208,266.10728906704065,0.0019512682027174734,"{""type"":""MultiPoint"",""coordinates"":[]}"
20130223,2013-02-23,-0.0013666479215059884,267.82973163358116,0.00522170631047935,"{""type"":""MultiPoint"",""coordinates"":[]}"
20130224,2013-02-24,-0.0010791799132828322,269.76558437726754,0.004532382435385539,"{""type"":""MultiPoint"",""coordinates"":[]}"
20130225,2013-02-25,-0.001686179037095487,271.075656704696,0.002202983691825861,"{""type"":""MultiPoint"",""coordinates"":[]}"
20130226,2013-02-26,-7.056697786464738E-4,271.58432266561607,0.004267007321783109,"{""type"":""MultiPoint"",""coordinates"":[]}"
20130227,2013-02-27,-0.0012839374919300286,273.05196520970844,3.683722880969059E-4,"{""type"":""MultiPoint"",""coordinates"":[]}"
20130228,2013-02-28,-0.0019834001390575486,273.437296204419,1.7854733149286152E-5,"{""type"":""MultiPoint"",""coordinates"":[]}"
20130301,2013-03-01,-0.0021613091299059876,272.58102382564925,1.0912224083583854E-4,"{""type"":""MultiPoint"",""coordinates"":[]}"
20130302,2013-03-02,-0.002631922780300045,272.0697435340396,7.82453515611009E-5,"{""type"":""MultiPoint"",""coordinates"":[]}"
20130303,2013-03-03,-0.0030984664809161505,271.5851588434744,5.292685908337655E-6,"{""type"":""MultiPoint"",""coordinates"":[]}"
20130304,2013-03-04,-0.0034442274188280064,272.5131532207558,4.0039488444691695E-6,"{""type"":""MultiPoint"",""coordinates"":[]}"
20130305,2013-03-05,-0.0040949627353992464,274.5571626341512,7.691875818394836E-6,"{""type"":""MultiPoint"",""coordinates"":[]}"
20130306,2013-03-06,-0.003084478829661808,276.9916741454066,1.1197479387916681E-4,"{""type"":""MultiPoint"",""coordinates"":[]}"
20130307,2013-03-07,-0.002688138639882849,279.13306495995516,2.0397431545666846E-4,"{""type"":""MultiPoint"",""coordinates"":[]}"
20130308,2013-03-08,-0.0027814169360526053,278.9618734860752,7.603870300433779E-4,"{""type"":""MultiPoint"",""coordinates"":[]}"
20130309,2013-03-09,-0.0018858375711662406,278.52285151324094,0.0030123360888143253,"{""type"":""MultiPoint"",""coordinates"":[]}"
20130310,2013-03-10,-0.002550590545916751,277.51608574515166,0.0025363779045018725,"{""type"":""MultiPoint"",""coordinates"":[]}"
20130311,2013-03-11,-0.002571364061394095,275.47576776110856,0.0014188939609985258,"{""type"":""MultiPoint"",""coordinates"":[]}"
20130312,2013-03-12,-0.0029517946712704166,274.46341881845797,0.002005061699976352,"{""type"":""MultiPoint"",""coordinates"":[]}"
20130313,2013-03-13,-0.0021557050594132703,272.43622767858324,0.0038146227268311254,"{""type"":""MultiPoint"",""coordinates"":[]}"
20130314,2013-03-14,-0.003883551193827443,268.37683208887125,0.002109233969451827,"{""type"":""MultiPoint"",""coordinates"":[]}"
20130315,2013-03-15,-0.004076499932717308,267.9744029286504,0.0012892587705846223,"{""type"":""MultiPoint"",""coordinates"":[]}"
20130316,2013-03-16,-0.004331974726043235,269.3955479041356,1.210524598831055E-4,"{""type"":""MultiPoint"",""coordinates"":[]}"
20130317,2013-03-17,-0.004978480942997081,272.18225565903896,4.2077545912531656E-4,"{""type"":""MultiPoint"",""coordinates"":[]}"
20130318,2013-03-18,-0.0019157497679049655,273.21979817303,0.00826498499531297,"{""type"":""MultiPoint"",""coordinates"":[]}"
20130319,2013-03-19,-0.003626512323812087,274.0051325506661,0.004120755401683276,"{""type"":""MultiPoint"",""coordinates"":[]}"
20130320,2013-03-20,-0.003740451331797463,274.8887017199505,0.001405760990651569,"{""type"":""MultiPoint"",""coordinates"":[]}"
20130321,2013-03-21,-0.0034384983456105275,273.78266812223563,0.0026851566166929625,"{""type"":""MultiPoint"",""coordinates"":[]}"
20130322,2013-03-22,-0.0044411803300410035,272.2958126255507,1.543742289454565E-4,"{""type"":""MultiPoint"",""coordinates"":[]}"
20130323,2013-03-23,-0.004013981417004943,270.78531865655276,0.001170081896845768,"{""type"":""MultiPoint"",""coordinates"":[]}"
20130324,2013-03-24,-0.00534035978850968,270.66163906650263,8.368916455335409E-4,"{""type"":""MultiPoint"",""coordinates"":[]}"
20130325,2013-03-25,-0.0035058355724270243,270.22152502182126,0.0027558566779569216,"{""type"":""MultiPoint"",""coordinates"":[]}"
20130326,2013-03-26,-0.0025394722920917784,268.7790662225958,0.004540434233461831,"{""type"":""MultiPoint"",""coordinates"":[]}"
20130327,2013-03-27,-0.0031734222992426367,269.44168971852935,6.060933122425815E-4,"{""type"":""MultiPoint"",""coordinates"":[]}"
20130328,2013-03-28,-0.0037752011846296,272.4387568267454,0.0013903938738266356,"{""type"":""MultiPoint"",""coordinates"":[]}"
20130329,2013-03-29,-0.0032017149571577103,274.0573566557831,0.004367080074407806,"{""type"":""MultiPoint"",""coordinates"":[]}"
20130330,2013-03-30,-0.0023810045721384286,274.5288715305999,0.005313546604690833,"{""type"":""MultiPoint"",""coordinates"":[]}"
20130331,2013-03-31,-0.0023331087692950825,272.16655293341114,0.009612156177440791,"{""type"":""MultiPoint"",""coordinates"":[]}"
20130401,2013-04-01,-0.003922480556066957,271.19499614655723,2.4590083575568917E-4,"{""type"":""MultiPoint"",""coordinates"":[]}"
20130402,2013-04-02,-0.003924747803425729,272.39240626062303,5.137480271118609E-4,"{""type"":""MultiPoint"",""coordinates"":[]}"
20130403,2013-04-03,-0.0035057470859021236,272.6701653868665,0.0024303814721044646,"{""type"":""MultiPoint"",""coordinates"":[]}"
20130404,2013-04-04,-0.004547189270917795,274.05500396527265,9.505424908343414E-5,"{""type"":""MultiPoint"",""coordinates"":[]}"
20130405,2013-04-05,-0.002747518607825941,274.49593922732174,0.0012543960055643756,"{""type"":""MultiPoint"",""coordinates"":[]}"
20130406,2013-04-06,-0.0027307124557914304,274.5808633020639,6.908597621602151E-4,"{""type"":""MultiPoint"",""coordinates"":[]}"
20130407,2013-04-07,-0.0033123390384645224,273.8321037924779,0.0011600434411116964,"{""type"":""MultiPoint"",""coordinates"":[]}"
20130408,2013-04-08,-0.004654076680998125,274.8740496409079,8.986193340922322E-4,"{""type"":""MultiPoint"",""coordinates"":[]}"
20130409,2013-04-09,-0.004402752315585459,277.2048157924487,0.0026977809632848454,"{""type"":""MultiPoint"",""coordinates"":[]}"
20130410,2013-04-10,-0.005426858720460067,278.0093759436164,0.0038173727389622936,"{""type"":""MultiPoint"",""coordinates"":[]}"
20130411,2013-04-11,-0.0033786707707508137,279.67529289895367,0.0038163888466586806,"{""type"":""MultiPoint"",""coordinates"":[]}"
20130412,2013-04-12,-0.003981167538989397,280.2244582616869,0.004721500153561696,"{""type"":""MultiPoint"",""coordinates"":[]}"
20130413,2013-04-13,-0.007277702284333679,280.0266820888151,9.789141278003274E-4,"{""type"":""MultiPoint"",""coordinates"":[]}"
20130414,2013-04-14,-0.00542852817470685,281.5129733185548,4.648476739008784E-5,"{""type"":""MultiPoint"",""coordinates"":[]}"
20130415,2013-04-15,-0.007454861194066077,283.57020232114826,1.439150983476167E-5,"{""type"":""MultiPoint"",""coordinates"":[]}"
20130416,2013-04-16,-0.0062877696158869486,283.9055030255242,0.0015393712379717457,"{""type"":""MultiPoint"",""coordinates"":[]}"
20130417,2013-04-17,-0.005700946259516098,285.4000309230986,6.954977794870769E-4,"{""type"":""MultiPoint"",""coordinates"":[]}"
20130418,2013-04-18,-0.007198841413625915,286.57635152570316,5.612999611198372E-4,"{""type"":""MultiPoint"",""coordinates"":[]}"
20130419,2013-04-19,-0.0019918873650080324,281.80904827705973,0.012827709583393583,"{""type"":""MultiPoint"",""coordinates"":[]}"
20130420,2013-04-20,-0.003433986635550459,279.8706769743217,0.006023377785186112,"{""type"":""MultiPoint"",""coordinates"":[]}"
20130421,2013-04-21,-0.0063472378315144115,282.7421856797053,7.596642306685661E-4,"{""type"":""MultiPoint"",""coordinates"":[]}"
20130422,2013-04-22,-0.0035225450646974243,282.6130674499639,0.0021572654234572586,"{""type"":""MultiPoint"",""coordinates"":[]}"
20130423,2013-04-23,-0.004806202980063713,283.5018293094804,6.472651068075593E-4,"{""type"":""MultiPoint"",""coordinates"":[]}"
20130424,2013-04-24,-0.0073037573812553816,285.124244293247,3.316904790009886E-6,"{""type"":""MultiPoint"",""coordinates"":[]}"
20130425,2013-04-25,-0.0075966283661686096,286.78046471225247,1.2381201368378264E-6,"{""type"":""MultiPoint"",""coordinates"":[]}"
20130426,2013-04-26,-0.007996264500826819,287.77401892606093,0.0015073554944417843,"{""type"":""MultiPoint"",""coordinates"":[]}"
20130427,2013-04-27,-0.005813855915858183,285.5528838465896,0.004394947570953071,"{""type"":""MultiPoint"",""coordinates"":[]}"
20130428,2013-04-28,-0.004064653217049852,282.25308335154233,8.521251296334737E-4,"{""type"":""MultiPoint"",""coordinates"":[]}"
20130429,2013-04-29,-0.0032346713414221546,283.3227439065969,0.0021743493861912876,"{""type"":""MultiPoint"",""coordinates"":[]}"
20130430,2013-04-30,-0.005173672519766786,285.29866274873814,0.0010022435112137151,"{""type"":""MultiPoint"",""coordinates"":[]}"
20130501,2013-05-01,-0.006695490193457853,285.96970559644274,9.34519881786442E-4,"{""type"":""MultiPoint"",""coordinates"":[]}"
20130502,2013-05-02,-0.0031049104528363307,285.5577454864117,0.010522909270374615,"{""type"":""MultiPoint"",""coordinates"":[]}"
20130503,2013-05-03,-0.003521355870188358,284.3961201923318,0.007829069954207006,"{""type"":""MultiPoint"",""coordinates"":[]}"
20130504,2013-05-04,-0.004499549387928655,284.0870925407319,0.00658280694709181,"{""type"":""MultiPoint"",""coordinates"":[]}"
20130505,2013-05-05,-0.006286239488133767,284.8089448446609,9.568958771933721E-4,"{""type"":""MultiPoint"",""coordinates"":[]}"
20130506,2013-05-06,-0.005301413453219652,286.0122562106757,0.0050363639607021605,"{""type"":""MultiPoint"",""coordinates"":[]}"
20130507,2013-05-07,-0.003887809495896453,286.36305434147886,0.004863969304755808,"{""type"":""MultiPoint"",""coordinates"":[]}"
20130508,2013-05-08,-0.006688708560857514,287.39733485535766,9.932256205039164E-4,"{""type"":""MultiPoint"",""coordinates"":[]}"
20130509,2013-05-09,-0.007768442121182965,288.1825148573635,9.939867007864994E-4,"{""type"":""MultiPoint"",""coordinates"":[]}"
20130510,2013-05-10,-0.0032790005603514313,284.96098191629926,0.015077354032776422,"{""type"":""MultiPoint"",""coordinates"":[]}"
20130511,2013-05-11,-0.0026690175711604073,282.5442737341671,0.008544299729188272,"{""type"":""MultiPoint"",""coordinates"":[]}"
20130512,2013-05-12,-0.00520221897527071,281.2756515604916,0.006364476775867138,"{""type"":""MultiPoint"",""coordinates"":[]}"
20130513,2013-05-13,-0.005555557035670902,280.5169841315729,0.0021262475992778365,"{""type"":""MultiPoint"",""coordinates"":[]}"
20130514,2013-05-14,-0.007224498639274739,284.1474465455382,4.184980055767426E-4,"{""type"":""MultiPoint"",""coordinates"":[]}"
20130515,2013-05-15,-0.010411292968975234,286.80559941460086,2.856447059781522E-4,"{""type"":""MultiPoint"",""coordinates"":[]}"
20130516,2013-05-16,-0.008752787196669642,286.83832130072597,0.0015634878641495966,"{""type"":""MultiPoint"",""coordinates"":[]}"
20130517,2013-05-17,-0.006171920808153546,286.4321486290521,0.007698893305095244,"{""type"":""MultiPoint"",""coordinates"":[]}"
20130518,2013-05-18,-0.00857190987823698,286.00158867592114,0.0022442725237045275,"{""type"":""MultiPoint"",""coordinates"":[]}"
20130519,2013-05-19,-0.007609308287533875,285.9327525266713,0.005710148016104822,"{""type"":""MultiPoint"",""coordinates"":[]}"
20130520,2013-05-20,-0.006848044813913106,283.6769222669593,0.0035298612484269284,"{""type"":""MultiPoint"",""coordinates"":[]}"
20130521,2013-05-21,-0.006423789978819481,283.1151700229038,0.005090390147585652,"{""type"":""MultiPoint"",""coordinates"":[]}"
20130522,2013-05-22,-0.005407611136272393,281.9745230958943,0.00502104207700316,"{""type"":""MultiPoint"",""coordinates"":[]}"
20130523,2013-05-23,-0.006454808135629624,280.17535314958604,0.0029519617121194176,"{""type"":""MultiPoint"",""coordinates"":[]}"
20130524,2013-05-24,-0.004224719832683142,278.68461766650876,0.004880684890052206,"{""type"":""MultiPoint"",""coordinates"":[]}"
20130525,2013-05-25,-0.00461478619502534,279.42663342239445,0.0053584519324205195,"{""type"":""MultiPoint"",""coordinates"":[]}"
20130526,2013-05-26,-0.005649820009369434,278.80307773155636,0.008764999728775447,"{""type"":""MultiPoint"",""coordinates"":[]}"
20130527,2013-05-27,-0.003942367651038441,280.1970753579551,0.007302619716730864,"{""type"":""MultiPoint"",""coordinates"":[]}"
20130528,2013-05-28,-0.006552549507681525,284.0232360776875,0.0018088472179281704,"{""type"":""MultiPoint"",""coordinates"":[]}"
20130529,2013-05-29,-0.003968855459182643,282.2039494554287,0.006773161644863487,"{""type"":""MultiPoint"",""coordinates"":[]}"
20130530,2013-05-30,-0.0029733564082630387,281.0919250834806,0.014354731490547371,"{""type"":""MultiPoint"",""coordinates"":[]}"
20130531,2013-05-31,-0.0019503986360751141,280.2809730917809,0.024971488553226354,"{""type"":""MultiPoint"",""coordinates"":[]}"
20130601,2013-06-01,-0.002905395621573856,282.1556428496018,0.018248661305424144,"{""type"":""MultiPoint"",""coordinates"":[]}"
20130602,2013-06-02,-0.002142999623634019,281.59049664300437,0.029284303623836064,"{""type"":""MultiPoint"",""coordinates"":[]}"
20130603,2013-06-03,-0.0021929166401857074,279.8569612648141,0.009193498805743251,"{""type"":""MultiPoint"",""coordinates"":[]}"
20130604,2013-06-04,-0.004281162647683626,282.88685547485477,0.00258162053380922,"{""type"":""MultiPoint"",""coordinates"":[]}"
20130605,2013-06-05,-0.006735031130476544,285.35520898093944,0.001655392303876483,"{""type"":""MultiPoint"",""coordinates"":[]}"
20130606,2013-06-06,-0.007104793067141848,286.4046246508073,8.854209675440801E-4,"{""type"":""MultiPoint"",""coordinates"":[]}"
20130607,2013-06-07,-0.0067688675511643395,287.6508838622827,0.0010316706028650135,"{""type"":""MultiPoint"",""coordinates"":[]}"
20130608,2013-06-08,-0.008142173094084047,288.9598201525502,0.0012331823279675784,"{""type"":""MultiPoint"",""coordinates"":[]}"
20130609,2013-06-09,-0.007098066756218595,288.8803190873754,0.006625761278485368,"{""type"":""MultiPoint"",""coordinates"":[]}"
20130610,2013-06-10,-0.004178974047001638,286.12088800830765,0.015691702692937712,"{""type"":""MultiPoint"",""coordinates"":[]}"
20130611,2013-06-11,-0.00531954460720799,285.9011598903705,0.0066035517200478955,"{""type"":""MultiPoint"",""coordinates"":[]}"
20130612,2013-06-12,-0.007550936539211953,287.0436944030479,0.0010192725224377516,"{""type"":""MultiPoint"",""coordinates"":[]}"
20130613,2013-06-13,-0.010553481886690384,289.90468772929904,3.085693182393302E-4,"{""type"":""MultiPoint"",""coordinates"":[]}"
20130614,2013-06-14,-0.005659830775213481,287.28782526948925,0.003184773262849457,"{""type"":""MultiPoint"",""coordinates"":[]}"
20130615,2013-06-15,-0.007350883230732263,289.88865230109116,0.002612300819223594,"{""type"":""MultiPoint"",""coordinates"":[]}"
20130616,2013-06-16,-0.007199474607355669,291.4260730433434,0.001653949789700373,"{""type"":""MultiPoint"",""coordinates"":[]}"
20130617,2013-06-17,-0.010082248851712711,294.5664217852735,2.2715412731358654E-4,"{""type"":""MultiPoint"",""coordinates"":[]}"
20130618,2013-06-18,-0.0112835748117063,296.26441975028564,7.577929395916439E-4,"{""type"":""MultiPoint"",""coordinates"":[]}"
20130619,2013-06-19,-0.012358650032735768,296.8274728418574,1.2816178708312115E-4,"{""type"":""MultiPoint"",""coordinates"":[]}"
20130620,2013-06-20,-0.01183867200768066,296.4804431191629,0.003218301150935526,"{""type"":""MultiPoint"",""coordinates"":[]}"
20130621,2013-06-21,-0.009604728813136393,292.1809192295498,0.0018184384973798993,"{""type"":""MultiPoint"",""coordinates"":[]}"
20130622,2013-06-22,-0.005309617007229899,290.08798308110727,0.005981190618828887,"{""type"":""MultiPoint"",""coordinates"":[]}"
20130623,2013-06-23,-0.006473972538291832,288.9346579120991,0.008504983321828127,"{""type"":""MultiPoint"",""coordinates"":[]}"
20130624,2013-06-24,-0.003937833691316529,284.50641963479643,0.017533873978719597,"{""type"":""MultiPoint"",""coordinates"":[]}"
20130625,2013-06-25,-0.003940883805281671,283.32549614678265,0.015273483691024641,"{""type"":""MultiPoint"",""coordinates"":[]}"
20130626,2013-06-26,-0.006356131707542118,282.866480633313,0.003323153548932075,"{""type"":""MultiPoint"",""coordinates"":[]}"
20130627,2013-06-27,-0.00692423276611405,283.5586589550902,0.0017905559882772082,"{""type"":""MultiPoint"",""coordinates"":[]}"
20130628,2013-06-28,-0.005816982589203321,284.0228001599909,0.002786473288131346,"{""type"":""MultiPoint"",""coordinates"":[]}"
20130629,2013-06-29,-0.005249071620100047,284.5177772874523,0.006174569977669094,"{""type"":""MultiPoint"",""coordinates"":[]}"
20130630,2013-06-30,-0.00728427268543025,285.25609492941766,0.002227879483118299,"{""type"":""MultiPoint"",""coordinates"":[]}"
20130701,2013-07-01,-0.008946306335031674,287.90006984843285,2.0022700913358222E-4,"{""type"":""MultiPoint"",""coordinates"":[]}"
20130702,2013-07-02,-0.00888957870583147,290.0673233659777,8.086933181065157E-4,"{""type"":""MultiPoint"",""coordinates"":[]}"
20130703,2013-07-03,-0.007219830586412508,290.2789505991001,0.007103054655989967,"{""type"":""MultiPoint"",""coordinates"":[]}"
20130704,2013-07-04,-0.00619406597807407,290.22136026083365,0.004008638785670928,"{""type"":""MultiPoint"",""coordinates"":[]}"
20130705,2013-07-05,-0.005918871708675436,290.41892976162484,0.004405412324278368,"{""type"":""MultiPoint"",""coordinates"":[]}"
20130706,2013-07-06,-0.007628749243970544,290.71153569399047,0.0022133592968228235,"{""type"":""MultiPoint"",""coordinates"":[]}"
20130707,2013-07-07,-0.0092605137130146,291.3438889120402,0.0012840616611998201,"{""type"":""MultiPoint"",""coordinates"":[]}"
20130708,2013-07-08,-0.010646118245724461,291.2092899828741,5.77635651083096E-4,"{""type"":""MultiPoint"",""coordinates"":[]}"
20130709,2013-07-09,-0.009678554309728481,291.70975914739563,0.0012572904277848593,"{""type"":""MultiPoint"",""coordinates"":[]}"
20130710,2013-07-10,-0.008855052115630074,291.83475819140295,9.705608554192742E-4,"{""type"":""MultiPoint"",""coordinates"":[]}"
20130711,2013-07-11,-0.007867558163373279,288.70618296374323,0.003045017044741095,"{""type"":""MultiPoint"",""coordinates"":[]}"
20130712,2013-07-12,-0.009809895460759773,288.56456054921824,4.699159322845697E-4,"{""type"":""MultiPoint"",""coordinates"":[]}"
20130713,2013-07-13,-0.010020270295715682,289.35143595442037,2.5567141972004383E-4,"{""type"":""MultiPoint"",""coordinates"":[]}"
20130714,2013-07-14,-0.010604720185420528,290.3836276870646,1.3630675702544547E-4,"{""type"":""MultiPoint"",""coordinates"":[]}"
20130715,2013-07-15,-0.010401814979841491,290.17013723403255,5.274301453434125E-4,"{""type"":""MultiPoint"",""coordinates"":[]}"
20130716,2013-07-16,-0.01145210289224768,290.8378422558891,3.7746695775261312E-6,"{""type"":""MultiPoint"",""coordinates"":[]}"
20130717,2013-07-17,-0.011283204119541437,292.4585886757599,1.6831366311832123E-4,"{""type"":""MultiPoint"",""coordinates"":[]}"
20130718,2013-07-18,-0.010401724451095414,292.96091014831023,0.0015633676799659956,"{""type"":""MultiPoint"",""coordinates"":[]}"
20130719,2013-07-19,-0.010323324366349241,293.13171671963306,0.0010497609818488462,"{""type"":""MultiPoint"",""coordinates"":[]}"
20130720,2013-07-20,-0.010514346848486846,292.73639780106043,5.946149665615959E-4,"{""type"":""MultiPoint"",""coordinates"":[]}"
20130721,2013-07-21,-0.012273570707278409,292.6488978147459,2.793708024689163E-4,"{""type"":""MultiPoint"",""coordinates"":[]}"
20130722,2013-07-22,-0.011869230571344204,293.6801728950354,1.4751094561111003E-4,"{""type"":""MultiPoint"",""coordinates"":[]}"
20130723,2013-07-23,-0.012129130519003441,294.4907726601009,5.107362642376547E-4,"{""type"":""MultiPoint"",""coordinates"":[]}"
20130724,2013-07-24,-0.009599140746718192,293.4292502898678,0.005398203947130032,"{""type"":""MultiPoint"",""coordinates"":[]}"
20130725,2013-07-25,-0.009359868418115556,293.35499561563455,0.001375527468984277,"{""type"":""MultiPoint"",""coordinates"":[]}"
20130726,2013-07-26,-0.010711780824753651,295.3801521343342,2.628146944770023E-4,"{""type"":""MultiPoint"",""coordinates"":[]}"
20130727,2013-07-27,-0.012321050225649149,297.35851172268104,7.266935540733912E-4,"{""type"":""MultiPoint"",""coordinates"":[]}"
20130728,2013-07-28,-0.013828098448755157,298.22921846618596,0.0016038192559090275,"{""type"":""MultiPoint"",""coordinates"":[]}"
20130729,2013-07-29,-0.008263864843268671,293.50904983475874,0.015886176443985312,"{""type"":""MultiPoint"",""coordinates"":[]}"
20130730,2013-07-30,-0.009227909984261495,290.3321078112782,0.00227007914468027,"{""type"":""MultiPoint"",""coordinates"":[]}"
20130731,2013-07-31,-0.009474219654507347,291.9552837316149,4.2779823682099805E-4,"{""type"":""MultiPoint"",""coordinates"":[]}"
20130801,2013-08-01,-0.011697637174162005,294.0841272803054,1.1711670020590197E-5,"{""type"":""MultiPoint"",""coordinates"":[]}"
20130802,2013-08-02,-0.012205909213071412,296.5822696637928,3.2969665571642175E-5,"{""type"":""MultiPoint"",""coordinates"":[]}"
20130803,2013-08-03,-0.012172358686743125,297.397369816096,0.001460190161387647,"{""type"":""MultiPoint"",""coordinates"":[]}"
20130804,2013-08-04,-0.008451084858151877,295.2481945375447,0.005490975028388756,"{""type"":""MultiPoint"",""coordinates"":[]}"
20130805,2013-08-05,-0.010365968417992163,295.52422351443846,4.177619930681075E-4,"{""type"":""MultiPoint"",""coordinates"":[]}"
20130806,2013-08-06,-0.010382078269758213,296.34837728605265,0.006121982511657785,"{""type"":""MultiPoint"",""coordinates"":[]}"
20130807,2013-08-07,-0.01091102330756974,296.3619488450162,9.534398942339719E-4,"{""type"":""MultiPoint"",""coordinates"":[]}"
20130808,2013-08-08,-0.00931338785319058,295.18887469629476,0.002920807639365032,"{""type"":""MultiPoint"",""coordinates"":[]}"
20130809,2013-08-09,-0.003793528032710386,290.7836205002877,0.02451572901885972,"{""type"":""MultiPoint"",""coordinates"":[]}"
20130810,2013-08-10,-0.008544384345835552,289.2809430965955,0.0015695120578582042,"{""type"":""MultiPoint"",""coordinates"":[]}"
20130811,2013-08-11,-0.008209765311388098,289.93499792390304,3.6406064797740603E-4,"{""type"":""MultiPoint"",""coordinates"":[]}"
20130812,2013-08-12,-0.007439083414913149,290.8672074364718,0.00137092329763835,"{""type"":""MultiPoint"",""coordinates"":[]}"
20130813,2013-08-13,-0.007308083114294432,289.2810339007391,0.0032139058400572932,"{""type"":""MultiPoint"",""coordinates"":[]}"
20130814,2013-08-14,-0.007147107863951665,287.8777221794284,6.022117580589447E-4,"{""type"":""MultiPoint"",""coordinates"":[]}"
20130815,2013-08-15,-0.008519389292242005,288.42051440775725,6.764624804113034E-5,"{""type"":""MultiPoint"",""coordinates"":[]}"
20130816,2013-08-16,-0.009934838188465942,290.0982313961598,1.2811691119496406E-5,"{""type"":""MultiPoint"",""coordinates"":[]}"
20130817,2013-08-17,-0.008900990473884426,292.0740224980017,4.447264877512491E-4,"{""type"":""MultiPoint"",""coordinates"":[]}"
20130818,2013-08-18,-0.009822996963031592,293.7484166092623,6.223850602718944E-4,"{""type"":""MultiPoint"",""coordinates"":[]}"
20130819,2013-08-19,-0.005056416026021895,291.0188127031132,0.01487776789168506,"{""type"":""MultiPoint"",""coordinates"":[]}"
20130820,2013-08-20,-0.006338437031087575,287.40146668484493,0.0022301164139213745,"{""type"":""MultiPoint"",""coordinates"":[]}"
20130821,2013-08-21,-0.008155121624034499,287.76424332766896,8.429297622279664E-5,"{""type"":""MultiPoint"",""coordinates"":[]}"
20130822,2013-08-22,-0.008726011925690011,288.8105779686003,3.103717479867203E-5,"{""type"":""MultiPoint"",""coordinates"":[]}"
20130823,2013-08-23,-0.007051450216152061,289.31469535650456,0.0010944632744380532,"{""type"":""MultiPoint"",""coordinates"":[]}"
20130824,2013-08-24,-0.006994929460360522,289.42947563953027,0.004986809848763473,"{""type"":""MultiPoint"",""coordinates"":[]}"
20130825,2013-08-25,-0.002033375506033146,286.82529545975933,0.0200455650313046,"{""type"":""MultiPoint"",""coordinates"":[]}"
20130826,2013-08-26,-0.003234625006226442,286.5096095761735,0.004361584718741467,"{""type"":""MultiPoint"",""coordinates"":[]}"
20130827,2013-08-27,-0.003676265631212219,286.7083384815935,0.007017848296621798,"{""type"":""MultiPoint"",""coordinates"":[]}"
20130828,2013-08-28,-0.003217059311198382,286.43777960836434,0.01047087685289596,"{""type"":""MultiPoint"",""coordinates"":[]}"
20130829,2013-08-29,-0.006623905476936678,287.31172193606295,0.0011727359719449818,"{""type"":""MultiPoint"",""coordinates"":[]}"
20130830,2013-08-30,-0.007594729088061014,288.06603511781975,1.0867523985515462E-4,"{""type"":""MultiPoint"",""coordinates"":[]}"
20130831,2013-08-31,-0.007570121745477078,288.7295262775012,0.001039214676575419,"{""type"":""MultiPoint"",""coordinates"":[]}"
20130901,2013-09-01,-0.004993323674249213,286.52284854935994,0.006946040414571573,"{""type"":""MultiPoint"",""coordinates"":[]}"
20130902,2013-09-02,-0.007885294804762105,285.8213646018453,1.1085982919053231E-4,"{""type"":""MultiPoint"",""coordinates"":[]}"
20130903,2013-09-03,-0.007043989814716983,288.89907922075804,0.0012851069663480212,"{""type"":""MultiPoint"",""coordinates"":[]}"
20130904,2013-09-04,-0.007038715893288801,289.8154793709501,2.4542905298679293E-4,"{""type"":""MultiPoint"",""coordinates"":[]}"
20130905,2013-09-05,-0.0078092727733413995,290.1462288339834,4.490275193782658E-5,"{""type"":""MultiPoint"",""coordinates"":[]}"
20130906,2013-09-06,-0.00723608511632712,290.2981085413941,5.264705925487566E-4,"{""type"":""MultiPoint"",""coordinates"":[]}"
20130907,2013-09-07,-0.007219866192685539,290.560092365425,2.662250374409896E-4,"{""type"":""MultiPoint"",""coordinates"":[]}"
20130908,2013-09-08,-0.006031049613228897,290.08961628721323,0.005385158391179595,"{""type"":""MultiPoint"",""coordinates"":[]}"
20130909,2013-09-09,-0.006145017747725013,286.63412882964155,0.010318763304052332,"{""type"":""MultiPoint"",""coordinates"":[]}"
20130910,2013-09-10,-0.0042001310170786685,285.0106129752075,0.009580634755694852,"{""type"":""MultiPoint"",""coordinates"":[]}"
20130911,2013-09-11,-0.005570110732405628,283.4433127870945,0.002612167358590897,"{""type"":""MultiPoint"",""coordinates"":[]}"
20130912,2013-09-12,-0.0035644226777399807,282.6845770590561,0.010102634433939675,"{""type"":""MultiPoint"",""coordinates"":[]}"
20130913,2013-09-13,-0.0024891553094329314,282.61936391935774,0.008127911144177626,"{""type"":""MultiPoint"",""coordinates"":[]}"
20130914,2013-09-14,-0.003038378490377551,284.50366023941353,0.004912292604455942,"{""type"":""MultiPoint"",""coordinates"":[]}"
20130915,2013-09-15,-0.0023827080993893326,285.9640381944415,0.0045479637606320915,"{""type"":""MultiPoint"",""coordinates"":[]}"
20130916,2013-09-16,-0.0029246826544901215,285.233346114612,0.013565445770683665,"{""type"":""MultiPoint"",""coordinates"":[]}"
20130917,2013-09-17,-0.004973155524809661,281.1907021615356,0.009674610316805261,"{""type"":""MultiPoint"",""coordinates"":[]}"
20130918,2013-09-18,-0.0021639482818040573,282.2665591989167,0.018102649075755282,"{""type"":""MultiPoint"",""coordinates"":[]}"
20130919,2013-09-19,-0.004793614353959359,282.25741097719293,0.004498178870218647,"{""type"":""MultiPoint"",""coordinates"":[]}"
20130920,2013-09-20,-0.003190650870643794,282.9066277508327,0.0015932260821834852,"{""type"":""MultiPoint"",""coordinates"":[]}"
20130921,2013-09-21,-0.003762991899851841,283.85952045181085,0.0015921965179270766,"{""type"":""MultiPoint"",""coordinates"":[]}"
20130922,2013-09-22,-0.005216723634304826,284.22435406502916,4.1250018246808266E-5,"{""type"":""MultiPoint"",""coordinates"":[]}"
20130923,2013-09-23,-0.005318166905954069,285.40546186057065,2.2920110366385165E-4,"{""type"":""MultiPoint"",""coordinates"":[]}"
20130924,2013-09-24,-0.00593169725249764,285.6408342237965,2.4956236013848115E-4,"{""type"":""MultiPoint"",""coordinates"":[]}"
20130925,2013-09-25,-0.005522010707851823,285.9798672116585,1.763626631677162E-4,"{""type"":""MultiPoint"",""coordinates"":[]}"
20130926,2013-09-26,-0.002820960321124014,286.16874676647956,0.0054186601593116486,"{""type"":""MultiPoint"",""coordinates"":[]}"
20130927,2013-09-27,-0.0025574531309599147,283.7356825516422,0.0032941369600626366,"{""type"":""MultiPoint"",""coordinates"":[]}"
20130928,2013-09-28,-0.004299427619281364,283.89619031264465,1.2579790770235398E-4,"{""type"":""MultiPoint"",""coordinates"":[]}"
20130929,2013-09-29,-0.005044487547899445,283.217283385163,0.0016606680783728203,"{""type"":""MultiPoint"",""coordinates"":[]}"
20130930,2013-09-30,-0.0034028452373344093,281.6817184043109,0.002428497317905381,"{""type"":""MultiPoint"",""coordinates"":[]}"
20131001,2013-10-01,-0.0035599881637885474,281.0580302151792,0.0010230845732569196,"{""type"":""MultiPoint"",""coordinates"":[]}"
20131002,2013-10-02,-0.0058854359630319125,279.86608060927057,3.580668801687925E-5,"{""type"":""MultiPoint"",""coordinates"":[]}"
20131003,2013-10-03,-0.006270804005368582,279.3714530467394,7.660335298207847E-5,"{""type"":""MultiPoint"",""coordinates"":[]}"
20131004,2013-10-04,-0.004555053058276093,280.9137457484469,0.0010943877892715449,"{""type"":""MultiPoint"",""coordinates"":[]}"
20131005,2013-10-05,-0.0030533757292416997,282.24420327910883,0.0038583177711575298,"{""type"":""MultiPoint"",""coordinates"":[]}"
20131006,2013-10-06,-0.0018469253142397487,283.4440538450287,9.842577433682772E-4,"{""type"":""MultiPoint"",""coordinates"":[]}"
20131007,2013-10-07,-0.0026642153674604555,283.5644663366135,2.5122611798404594E-4,"{""type"":""MultiPoint"",""coordinates"":[]}"
20131008,2013-10-08,-0.003722456930280034,283.86785761017137,3.119817582387816E-4,"{""type"":""MultiPoint"",""coordinates"":[]}"
20131009,2013-10-09,-0.0015016192891450513,283.37048098224545,0.0016572174381968058,"{""type"":""MultiPoint"",""coordinates"":[]}"
20131010,2013-10-10,-0.0022919349640931493,281.6064287221726,0.013425622362844789,"{""type"":""MultiPoint"",""coordinates"":[]}"
20131011,2013-10-11,-0.001879758527990807,278.2465611438131,0.009304529486016134,"{""type"":""MultiPoint"",""coordinates"":[]}"
20131012,2013-10-12,-0.002341285583058592,278.9299398554178,0.002695989162182492,"{""type"":""MultiPoint"",""coordinates"":[]}"
20131013,2013-10-13,-0.0032083422404518974,279.69720721504734,4.93099746536444E-4,"{""type"":""MultiPoint"",""coordinates"":[]}"
20131014,2013-10-14,-0.002642101949454272,280.84235993518786,7.03686371357175E-4,"{""type"":""MultiPoint"",""coordinates"":[]}"
20131015,2013-10-15,-0.0034400438262343915,282.0063435448726,0.0083894457148752,"{""type"":""MultiPoint"",""coordinates"":[]}"
20131016,2013-10-16,-0.0022844575193490886,279.9550520865601,0.007369720033895509,"{""type"":""MultiPoint"",""coordinates"":[]}"
20131017,2013-10-17,-0.003897034757241177,281.06620354620634,0.001480542140229171,"{""type"":""MultiPoint"",""coordinates"":[]}"
20131018,2013-10-18,-0.0036110473114441643,281.64061577759,0.0011549052995851483,"{""type"":""MultiPoint"",""coordinates"":[]}"
20131019,2013-10-19,-0.0034748249934833876,281.7156122527588,3.1043928284102E-6,"{""type"":""MultiPoint"",""coordinates"":[]}"
20131020,2013-10-20,-0.002827405354434067,283.53268736823225,0.0010268094632911256,"{""type"":""MultiPoint"",""coordinates"":[]}"
20131021,2013-10-21,-0.0026709258060572966,284.8562332886792,8.403836025889472E-5,"{""type"":""MultiPoint"",""coordinates"":[]}"
20131022,2013-10-22,-0.0029050170825791893,285.16539784679827,4.288378285803245E-5,"{""type"":""MultiPoint"",""coordinates"":[]}"
20131023,2013-10-23,-0.0018880552775425875,285.51620963473863,0.004698794278215792,"{""type"":""MultiPoint"",""coordinates"":[]}"
20131024,2013-10-24,-0.0020600834805303415,284.91459651025406,0.004104621215599191,"{""type"":""MultiPoint"",""coordinates"":[]}"
20131025,2013-10-25,-0.002265705263493935,284.1469136140376,6.692754570675332E-5,"{""type"":""MultiPoint"",""coordinates"":[]}"
20131026,2013-10-26,-0.0030496658809738724,285.3306793063577,2.5521800492479176E-5,"{""type"":""MultiPoint"",""coordinates"":[]}"
20131027,2013-10-27,-0.0035697244366338543,285.2094738006966,0.0020621427530470317,"{""type"":""MultiPoint"",""coordinates"":[]}"
20131028,2013-10-28,-0.004157221717318357,286.5216969123757,5.868272143255887E-4,"{""type"":""MultiPoint"",""coordinates"":[]}"
20131029,2013-10-29,-0.0018367089891423412,282.3801899948672,0.005190288843931327,"{""type"":""MultiPoint"",""coordinates"":[]}"
20131030,2013-10-30,-0.0015032845980221222,279.7683370935053,0.005157592474115384,"{""type"":""MultiPoint"",""coordinates"":[]}"
20131031,2013-10-31,-0.0020870581547426997,278.8995066071557,1.2798604277118495E-5,"{""type"":""MultiPoint"",""coordinates"":[]}"
20131101,2013-11-01,-0.0019516609910474063,279.854203023164,1.042078706463707E-5,"{""type"":""MultiPoint"",""coordinates"":[]}"
20131102,2013-11-02,-0.0014868598633307527,281.5438896463588,0.001724892507850881,"{""type"":""MultiPoint"",""coordinates"":[]}"
20131103,2013-11-03,-0.001583774168586468,279.58402943988375,0.010945612497463073,"{""type"":""MultiPoint"",""coordinates"":[]}"
20131104,2013-11-04,-0.0028517788821934334,279.15681944257847,0.0016742988879877812,"{""type"":""MultiPoint"",""coordinates"":[]}"
20131105,2013-11-05,-0.0021026296559673256,277.6264266758788,0.003592405389545638,"{""type"":""MultiPoint"",""coordinates"":[]}"
20131106,2013-11-06,-0.0015386780200609643,278.33365507096914,0.012120204224589209,"{""type"":""MultiPoint"",""coordinates"":[]}"
20131107,2013-11-07,-0.0032218852109181695,282.7440042896239,8.597118474811481E-4,"{""type"":""MultiPoint"",""coordinates"":[]}"
20131108,2013-11-08,-0.0021012904269652145,282.0921582735862,6.929577849156982E-4,"{""type"":""MultiPoint"",""coordinates"":[]}"
20131109,2013-11-09,-0.0013748926184155832,279.4203446523651,0.006618293124616949,"{""type"":""MultiPoint"",""coordinates"":[]}"
20131110,2013-11-10,-0.0015673528779361586,276.841320290712,0.008079847726156796,"{""type"":""MultiPoint"",""coordinates"":[]}"
20131111,2013-11-11,-0.0020548302109309672,275.1782910842888,0.0033231938136257804,"{""type"":""MultiPoint"",""coordinates"":[]}"
20131112,2013-11-12,-0.0014564789494976665,274.91421958204666,7.906409023304223E-6,"{""type"":""MultiPoint"",""coordinates"":[]}"
20131113,2013-11-13,-0.001150629339745386,275.18495556961454,3.1232267388037345E-4,"{""type"":""MultiPoint"",""coordinates"":[]}"
20131114,2013-11-14,-0.001204288470240614,274.9289565157207,0.0025649140100084586,"{""type"":""MultiPoint"",""coordinates"":[]}"
20131115,2013-11-15,-0.0011157007259628836,275.40159498929586,0.0012435681413469563,"{""type"":""MultiPoint"",""coordinates"":[]}"
20131116,2013-11-16,-9.9843617430174E-4,276.52468235986504,6.51064588481132E-5,"{""type"":""MultiPoint"",""coordinates"":[]}"
20131117,2013-11-17,-0.0011517602286318382,276.3525081736089,5.3110735301162756E-5,"{""type"":""MultiPoint"",""coordinates"":[]}"
20131118,2013-11-18,-0.001305146437524029,276.50914449061713,1.8210492689803472E-4,"{""type"":""MultiPoint"",""coordinates"":[]}"
20131119,2013-11-19,-9.301474540287785E-4,276.7386154461021,0.0025221608214671255,"{""type"":""MultiPoint"",""coordinates"":[]}"
20131120,2013-11-20,-0.0010720079361583917,275.6194093087888,0.0033142352720411717,"{""type"":""MultiPoint"",""coordinates"":[]}"
20131121,2013-11-21,-0.0013206412877443347,275.2249069909883,0.001899961189044518,"{""type"":""MultiPoint"",""coordinates"":[]}"
20131122,2013-11-22,-0.0011166073550817807,275.77116376048895,0.0020893108285818763,"{""type"":""MultiPoint"",""coordinates"":[]}"
20131123,2013-11-23,-8.522992089011103E-4,276.09739748057035,0.0063683189548724714,"{""type"":""MultiPoint"",""coordinates"":[]}"
20131124,2013-11-24,-9.780956769806137E-4,275.3649119072931,0.008583401856282815,"{""type"":""MultiPoint"",""coordinates"":[]}"
20131125,2013-11-25,-0.0025192651962125273,270.37722082185013,0.002156067813001999,"{""type"":""MultiPoint"",""coordinates"":[]}"
20131126,2013-11-26,-0.0015380747030991162,269.398568650065,0.002344510773583966,"{""type"":""MultiPoint"",""coordinates"":[]}"
20131127,2013-11-27,-0.001153083298172522,268.2192849156083,2.282886458209457E-4,"{""type"":""MultiPoint"",""coordinates"":[]}"
20131128,2013-11-28,-0.0010806022177348312,269.440480689042,7.992454569814261E-4,"{""type"":""MultiPoint"",""coordinates"":[]}"
20131129,2013-11-29,-0.0011494563401081113,272.8320555687348,0.0013699607912189913,"{""type"":""MultiPoint"",""coordinates"":[]}"
20131130,2013-11-30,-0.0010518059034114098,272.69748893043476,0.00307365072469678,"{""type"":""MultiPoint"",""coordinates"":[]}"
20131201,2013-12-01,-8.038078918541546E-4,271.7246975815529,9.871052992237406E-5,"{""type"":""MultiPoint"",""coordinates"":[]}"
20131202,2013-12-02,-8.395696472488775E-4,272.35091150304254,9.432314681129879E-5,"{""type"":""MultiPoint"",""coordinates"":[]}"
20131203,2013-12-03,-5.874133738805313E-4,271.16279303997914,1.4028060070372729E-6,"{""type"":""MultiPoint"",""coordinates"":[]}"
20131204,2013-12-04,-7.625344260628307E-4,271.84515066366123,1.156837240135871E-4,"{""type"":""MultiPoint"",""coordinates"":[]}"
20131205,2013-12-05,-0.0014416472872752202,273.2762741849238,0.001351829265014305,"{""type"":""MultiPoint"",""coordinates"":[]}"
20131206,2013-12-06,-0.0033307427290287937,272.2923298929988,0.006552564104419013,"{""type"":""MultiPoint"",""coordinates"":[]}"
20131207,2013-12-07,-0.002580298461249824,271.31407588528884,0.0027651553602798117,"{""type"":""MultiPoint"",""coordinates"":[]}"
20131208,2013-12-08,-8.572220998667188E-4,272.84083226238425,0.0012060154709410075,"{""type"":""MultiPoint"",""coordinates"":[]}"
20131209,2013-12-09,-0.0014177739546684376,274.4951625231631,0.0034228631486995097,"{""type"":""MultiPoint"",""coordinates"":[]}"
20131210,2013-12-10,-4.531026200970141E-4,275.11735216505764,5.977639464524488E-4,"{""type"":""MultiPoint"",""coordinates"":[]}"
20131211,2013-12-11,-5.400156526095271E-4,273.7268940169673,9.601409487661235E-5,"{""type"":""MultiPoint"",""coordinates"":[]}"
20131212,2013-12-12,-3.9824620446972657E-4,273.1504586924132,3.1833590619250025E-5,"{""type"":""MultiPoint"",""coordinates"":[]}"
20131213,2013-12-13,-5.027494667892897E-4,272.0473261394444,5.1661730690309716E-5,"{""type"":""MultiPoint"",""coordinates"":[]}"
20131214,2013-12-14,-6.487464473027497E-4,272.2139374299337,0.001219761076294258,"{""type"":""MultiPoint"",""coordinates"":[]}"
20131215,2013-12-15,-7.329036582807391E-4,273.0798217668339,8.105625111109212E-5,"{""type"":""MultiPoint"",""coordinates"":[]}"
20131216,2013-12-16,-6.181845655083222E-4,272.64787290006774,9.636395336124364E-6,"{""type"":""MultiPoint"",""coordinates"":[]}"
20131217,2013-12-17,-5.885265042283848E-4,271.6484569900093,6.388735649080426E-5,"{""type"":""MultiPoint"",""coordinates"":[]}"
20131218,2013-12-18,-5.458466181667727E-4,270.62522335129984,5.491956095049479E-5,"{""type"":""MultiPoint"",""coordinates"":[]}"
20131219,2013-12-19,-7.472563739039259E-4,271.03886070192056,5.557549578124664E-4,"{""type"":""MultiPoint"",""coordinates"":[]}"
20131220,2013-12-20,-4.147746184802788E-4,272.5634313102488,7.382463160007953E-4,"{""type"":""MultiPoint"",""coordinates"":[]}"
20131221,2013-12-21,-3.0008059152273584E-4,272.56080534801106,3.0313123586548804E-5,"{""type"":""MultiPoint"",""coordinates"":[]}"
20131222,2013-12-22,-6.117457982781396E-4,274.2423847926379,2.852288504154965E-4,"{""type"":""MultiPoint"",""coordinates"":[]}"
20131223,2013-12-23,-6.415369133562759E-4,275.20935261253663,2.389663190733603E-4,"{""type"":""MultiPoint"",""coordinates"":[]}"
20131224,2013-12-24,-0.001323251071240576,275.4339426132167,2.1431625866612708E-4,"{""type"":""MultiPoint"",""coordinates"":[]}"
20131225,2013-12-25,-0.0014906245448638067,277.28585683378043,0.0018403867359427372,"{""type"":""MultiPoint"",""coordinates"":[]}"
20131226,2013-12-26,-0.0010304331371231929,276.70159040700025,0.006919259088750451,"{""type"":""MultiPoint"",""coordinates"":[]}"
20131227,2013-12-27,-7.577317845663197E-4,274.99657403399397,0.0010233702883519983,"{""type"":""MultiPoint"",""coordinates"":[]}"
20131228,2013-12-28,-6.714534953101352E-4,274.53710891983616,7.066225806835047E-4,"{""type"":""MultiPoint"",""coordinates"":[]}"
20131229,2013-12-29,-7.494620878295507E-4,274.62198939954175,0.002429120093202203,"{""type"":""MultiPoint"",""coordinates"":[]}"
20131230,2013-12-30,-6.213927447507611E-4,272.13574284679487,5.906059912234477E-5,"{""type"":""MultiPoint"",""coordinates"":[]}"
20131231,2013-12-31,-4.371577334858699E-4,271.27933756199656,3.8128995441638695E-4,"{""type"":""MultiPoint"",""coordinates"":[]}"
20140101,2014-01-01,-6.309221256567754E-4,271.83401866820196,3.4197937502110023E-4,"{""type"":""MultiPoint"",""coordinates"":[]}"
20140102,2014-01-02,-5.123699653899613E-4,272.74731884282454,0.0011051323952250614,"{""type"":""MultiPoint"",""coordinates"":[]}"
20140103,2014-01-03,-4.906884772334556E-4,273.53378240137005,8.118415100782764E-5,"{""type"":""MultiPoint"",""coordinates"":[]}"
20140104,2014-01-04,-6.134982045290012E-4,275.397854644367,0.0034778461885250577,"{""type"":""MultiPoint"",""coordinates"":[]}"
20140105,2014-01-05,-2.9003666738656954E-4,275.29983357473975,0.004286297485801317,"{""type"":""MultiPoint"",""coordinates"":[]}"
20140106,2014-01-06,-5.807544317438453E-4,274.18848043796584,1.1062588182886316E-4,"{""type"":""MultiPoint"",""coordinates"":[]}"
20140107,2014-01-07,-4.773446351628348E-4,276.0341156978503,1.3372269074717402E-4,"{""type"":""MultiPoint"",""coordinates"":[]}"
20140108,2014-01-08,-5.350981149139033E-4,276.5128618227097,1.3982814799926932E-4,"{""type"":""MultiPoint"",""coordinates"":[]}"
20140109,2014-01-09,-0.0010381228632884217,276.4238214664478,6.996031282628445E-4,"{""type"":""MultiPoint"",""coordinates"":[]}"
20140110,2014-01-10,-0.0015471824263800901,275.7506189313178,0.0037787880519080494,"{""type"":""MultiPoint"",""coordinates"":[]}"
20140111,2014-01-11,-6.059995899000542E-4,274.7619715461673,0.0015202062775189157,"{""type"":""MultiPoint"",""coordinates"":[]}"
20140112,2014-01-12,-0.0012120767601351704,273.69832994698396,5.015694077803282E-4,"{""type"":""MultiPoint"",""coordinates"":[]}"
20140113,2014-01-13,-8.335521514075453E-4,272.6952567362144,4.24762853784665E-4,"{""type"":""MultiPoint"",""coordinates"":[]}"
20140114,2014-01-14,-3.365723085325654E-4,273.71851374714004,0.006615681325726439,"{""type"":""MultiPoint"",""coordinates"":[]}"
20140115,2014-01-15,-0.001194502974723377,273.336406596978,0.001140135382361047,"{""type"":""MultiPoint"",""coordinates"":[]}"
20140116,2014-01-16,-9.179489775838356E-4,273.7972512353148,5.852501045519349E-4,"{""type"":""MultiPoint"",""coordinates"":[]}"
20140117,2014-01-17,-4.159317981410624E-4,274.0821598847892,0.0012972080735994041,"{""type"":""MultiPoint"",""coordinates"":[]}"
20140118,2014-01-18,-4.964532952670342E-4,274.10906999088905,3.58761130571756E-4,"{""type"":""MultiPoint"",""coordinates"":[]}"
20140119,2014-01-19,-7.05033961558786E-4,276.83506473677545,2.471933754829037E-4,"{""type"":""MultiPoint"",""coordinates"":[]}"
20140120,2014-01-20,-4.760043517691755E-4,276.02935897198387,0.003667636993758186,"{""type"":""MultiPoint"",""coordinates"":[]}"
20140121,2014-01-21,-5.983676501409686E-4,274.1415978738636,0.006116213754561803,"{""type"":""MultiPoint"",""coordinates"":[]}"
20140122,2014-01-22,-0.0010512315713188296,273.16675887288926,5.482329260562207E-4,"{""type"":""MultiPoint"",""coordinates"":[]}"
20140123,2014-01-23,-0.001203702233266196,272.4402578468389,5.938648142425891E-4,"{""type"":""MultiPoint"",""coordinates"":[]}"
20140124,2014-01-24,-7.370516333920124E-4,271.4679570895753,0.004627650493698972,"{""type"":""MultiPoint"",""coordinates"":[]}"
20140125,2014-01-25,-0.001375833623057987,269.07543623767975,0.001789718129267212,"{""type"":""MultiPoint"",""coordinates"":[]}"
20140126,2014-01-26,-0.0012426119750756294,269.07255334733435,0.005688776130849902,"{""type"":""MultiPoint"",""coordinates"":[]}"
20140127,2014-01-27,-9.502382205819541E-4,270.2911688432064,0.004504312196398381,"{""type"":""MultiPoint"",""coordinates"":[]}"
20140128,2014-01-28,-8.839644440734235E-4,269.59606880577434,7.656125662934677E-4,"{""type"":""MultiPoint"",""coordinates"":[]}"
20140129,2014-01-29,-0.001223483849126743,268.69306423714113,3.449129042176808E-4,"{""type"":""MultiPoint"",""coordinates"":[]}"
20140130,2014-01-30,-0.0011849635891324122,269.9150700023584,0.0010670871208815066,"{""type"":""MultiPoint"",""coordinates"":[]}"
20140131,2014-01-31,-0.0012667765544027124,272.1074282965334,0.0018522631063448182,"{""type"":""MultiPoint"",""coordinates"":[]}"
20140201,2014-02-01,-0.0016157320942411135,272.89123410590935,9.393137452718756E-4,"{""type"":""MultiPoint"",""coordinates"":[]}"
20140202,2014-02-02,-7.759706712962299E-4,272.6573109242986,0.0035850714844154583,"{""type"":""MultiPoint"",""coordinates"":[]}"
20140203,2014-02-03,-0.001638355319053673,272.71840937526764,3.770457147883248E-4,"{""type"":""MultiPoint"",""coordinates"":[]}"
20140204,2014-02-04,-0.001568295566520989,272.39490560865676,3.7552215509549866E-4,"{""type"":""MultiPoint"",""coordinates"":[]}"
20140205,2014-02-05,-0.001793359470180639,273.3742925657542,3.8226602056548825E-4,"{""type"":""MultiPoint"",""coordinates"":[]}"
20140206,2014-02-06,-0.002037558618959833,274.6595948542815,7.117851948849271E-4,"{""type"":""MultiPoint"",""coordinates"":[]}"
20140207,2014-02-07,-0.0017229285341044077,275.2470857835543,0.0030259340872778677,"{""type"":""MultiPoint"",""coordinates"":[]}"
20140208,2014-02-08,-0.001994484318706027,275.67600445054654,7.491815188997392E-4,"{""type"":""MultiPoint"",""coordinates"":[]}"
20140209,2014-02-09,-0.0013398428598798283,274.25260197610913,0.004742412754405297,"{""type"":""MultiPoint"",""coordinates"":[]}"
20140210,2014-02-10,-0.0023167295349880474,273.8794681678031,5.542118215218523E-4,"{""type"":""MultiPoint"",""coordinates"":[]}"
20140211,2014-02-11,-0.002076102464041455,275.0622835495008,0.0035723404893723597,"{""type"":""MultiPoint"",""coordinates"":[]}"
20140212,2014-02-12,-0.0014712774059111062,272.5962668740873,0.001380904927129111,"{""type"":""MultiPoint"",""coordinates"":[]}"
20140213,2014-02-13,-0.0024422487407268494,274.08047204608494,0.0019864583675530587,"{""type"":""MultiPoint"",""coordinates"":[]}"
20140214,2014-02-14,-0.0037938780582602244,274.7809423893983,8.513640490669692E-4,"{""type"":""MultiPoint"",""coordinates"":[]}"
20140215,2014-02-15,-0.0029254552947258973,276.7166791904426,0.0010693739189675535,"{""type"":""MultiPoint"",""coordinates"":[]}"
20140216,2014-02-16,-0.0012643256989765153,275.76627500691916,0.004157537010693464,"{""type"":""MultiPoint"",""coordinates"":[]}"
20140217,2014-02-17,-0.00179885092005691,275.1069842805145,0.0016445732384948995,"{""type"":""MultiPoint"",""coordinates"":[]}"
20140218,2014-02-18,-0.0021405695052368534,275.1456689275397,5.158417169717421E-5,"{""type"":""MultiPoint"",""coordinates"":[]}"
20140219,2014-02-19,-9.527336264136692E-4,275.85897614997623,0.0037719406149473817,"{""type"":""MultiPoint"",""coordinates"":[]}"
20140220,2014-02-20,-0.0026116048225272507,276.0708466226897,6.627416731756244E-4,"{""type"":""MultiPoint"",""coordinates"":[]}"
20140221,2014-02-21,-0.0018273297974463587,275.91931233689485,0.0032549226366368625,"{""type"":""MultiPoint"",""coordinates"":[]}"
20140222,2014-02-22,-0.00205630313190745,274.8803727099395,0.0019362230611123838,"{""type"":""MultiPoint"",""coordinates"":[]}"
20140223,2014-02-23,-0.0031852810580359193,274.6379961614529,6.173849265398099E-5,"{""type"":""MultiPoint"",""coordinates"":[]}"
20140224,2014-02-24,-0.00308225822198006,274.67384068477986,6.363582129454354E-7,"{""type"":""MultiPoint"",""coordinates"":[]}"
20140225,2014-02-25,-0.003130521347512363,275.3497940307519,3.6851026492723715E-5,"{""type"":""MultiPoint"",""coordinates"":[]}"
20140226,2014-02-26,-0.002741199458611869,275.60186326721805,4.979367995649781E-4,"{""type"":""MultiPoint"",""coordinates"":[]}"
20140227,2014-02-27,-0.0023503278612331787,275.48331999601146,0.0014990530165267244,"{""type"":""MultiPoint"",""coordinates"":[]}"
20140228,2014-02-28,-0.0031093314491311558,275.3836610263563,0.0012407527752391445,"{""type"":""MultiPoint"",""coordinates"":[]}"
20140301,2014-03-01,-0.0027247152207216445,275.47243410196046,7.523456925204689E-4,"{""type"":""MultiPoint"",""coordinates"":[]}"
20140302,2014-03-02,-0.001890585520847589,275.895094214841,0.0011733880911005887,"{""type"":""MultiPoint"",""coordinates"":[]}"
20140303,2014-03-03,-0.003222581865637235,276.0707014470443,6.373293191655277E-4,"{""type"":""MultiPoint"",""coordinates"":[]}"
20140304,2014-03-04,-0.0018805038143038118,276.1331058564781,0.002644831892673469,"{""type"":""MultiPoint"",""coordinates"":[]}"
20140305,2014-03-05,-0.0025494587763170364,275.8908930077323,0.0026954568385141554,"{""type"":""MultiPoint"",""coordinates"":[]}"
20140306,2014-03-06,-0.002798207268541291,275.7225566702632,0.001172399291591598,"{""type"":""MultiPoint"",""coordinates"":[]}"
20140307,2014-03-07,-0.0035674963713492563,276.2137066585724,1.9855347914096752E-5,"{""type"":""MultiPoint"",""coordinates"":[]}"
20140308,2014-03-08,-0.004106978689044704,277.2574169810571,1.2724748839020635E-4,"{""type"":""MultiPoint"",""coordinates"":[]}"
20140309,2014-03-09,-0.0052210109180489865,277.6570978428723,1.7179332873805556E-6,"{""type"":""MultiPoint"",""coordinates"":[]}"
20140310,2014-03-10,-0.005415424313877244,277.7459216615849,4.361256318697158E-7,"{""type"":""MultiPoint"",""coordinates"":[]}"
20140311,2014-03-11,-0.005563677963464423,277.5761015320054,0.0,"{""type"":""MultiPoint"",""coordinates"":[]}"
20140312,2014-03-12,-0.0060502212609839,278.57515163437444,0.0,"{""type"":""MultiPoint"",""coordinates"":[]}"
20140313,2014-03-13,-0.004938035080696303,279.48211837375976,2.571940399320738E-6,"{""type"":""MultiPoint"",""coordinates"":[]}"
20140314,2014-03-14,-0.005082011016956784,280.24415828131606,8.79168396750174E-7,"{""type"":""MultiPoint"",""coordinates"":[]}"
20140315,2014-03-15,-0.004731780903021163,278.2092979154745,0.0035446365352979673,"{""type"":""MultiPoint"",""coordinates"":[]}"
20140316,2014-03-16,-0.0037567437844452383,279.1327811284368,0.004165398963229489,"{""type"":""MultiPoint"",""coordinates"":[]}"
20140317,2014-03-17,-0.006971085366788084,281.6125325010193,1.454115451842661E-4,"{""type"":""MultiPoint"",""coordinates"":[]}"
20140318,2014-03-18,-0.006226315959145247,282.00548646350865,2.1086425005827598E-4,"{""type"":""MultiPoint"",""coordinates"":[]}"
20140319,2014-03-19,-0.005997580457233637,280.1683299580443,0.0022010663324189502,"{""type"":""MultiPoint"",""coordinates"":[]}"
20140320,2014-03-20,-0.006429839929817884,281.8367190624758,4.667520109330887E-7,"{""type"":""MultiPoint"",""coordinates"":[]}"
20140321,2014-03-21,-0.006854451523156561,283.12603285609856,1.3580871479886258E-5,"{""type"":""MultiPoint"",""coordinates"":[]}"
20140322,2014-03-22,-0.0053046782316399565,281.68192600472855,0.0037182268506313967,"{""type"":""MultiPoint"",""coordinates"":[]}"
20140323,2014-03-23,-0.001219819718813639,276.57808425508836,0.016475378315400063,"{""type"":""MultiPoint"",""coordinates"":[]}"
20140324,2014-03-24,-0.002850701686274631,274.653460543947,0.005497414176901686,"{""type"":""MultiPoint"",""coordinates"":[]}"
20140325,2014-03-25,-0.0037855653642932213,273.86905011031666,0.0010119141364728754,"{""type"":""MultiPoint"",""coordinates"":[]}"
20140326,2014-03-26,-0.005315224535066495,275.234439912745,4.694064775149998E-4,"{""type"":""MultiPoint"",""coordinates"":[]}"
20140327,2014-03-27,-0.006232518930735568,277.9027276800435,7.433547197154729E-5,"{""type"":""MultiPoint"",""coordinates"":[]}"
20140328,2014-03-28,-0.006014761832596302,279.4003206973733,7.637928376780891E-5,"{""type"":""MultiPoint"",""coordinates"":[]}"
20140329,2014-03-29,-0.00664338672446194,280.97793684910346,9.78152917888711E-7,"{""type"":""MultiPoint"",""coordinates"":[]}"
20140330,2014-03-30,-0.006521541526076392,282.4476649057201,8.724433495727406E-7,"{""type"":""MultiPoint"",""coordinates"":[]}"
20140331,2014-03-31,-0.0070601279728370195,282.92290192722646,6.967026757101543E-6,"{""type"":""MultiPoint"",""coordinates"":[]}"
20140401,2014-04-01,-0.006126771797165106,282.8033720531557,7.571850717230415E-5,"{""type"":""MultiPoint"",""coordinates"":[]}"
20140402,2014-04-02,-0.006113708942857073,283.2214695840917,3.525147122070166E-4,"{""type"":""MultiPoint"",""coordinates"":[]}"
20140403,2014-04-03,-0.0066922701211888655,284.48966573576604,1.4519249573468972E-4,"{""type"":""MultiPoint"",""coordinates"":[]}"
20140404,2014-04-04,-0.006888615767584194,284.734357006656,2.8555999228638035E-4,"{""type"":""MultiPoint"",""coordinates"":[]}"
20140405,2014-04-05,-0.004341487039020484,283.6619244379657,0.00403041722935185,"{""type"":""MultiPoint"",""coordinates"":[]}"
20140406,2014-04-06,-0.0035354446393720896,283.1035814026866,0.003396467115995333,"{""type"":""MultiPoint"",""coordinates"":[]}"
20140407,2014-04-07,-0.006443386715512001,284.5809987235834,5.153596712764702E-5,"{""type"":""MultiPoint"",""coordinates"":[]}"
20140408,2014-04-08,-0.004842040696797995,283.2645457713886,0.0069180271858707764,"{""type"":""MultiPoint"",""coordinates"":[]}"
20140409,2014-04-09,-0.007583354338891593,279.116460132611,0.002322406205527069,"{""type"":""MultiPoint"",""coordinates"":[]}"
20140410,2014-04-10,-0.003633694619852597,279.0125564031874,0.00492444261062806,"{""type"":""MultiPoint"",""coordinates"":[]}"
20140411,2014-04-11,-0.004644791038995199,280.2429423628091,5.065192674955738E-4,"{""type"":""MultiPoint"",""coordinates"":[]}"
20140412,2014-04-12,-0.005419746108613498,281.4352821588411,0.0010421047790671776,"{""type"":""MultiPoint"",""coordinates"":[]}"
20140413,2014-04-13,-0.0049197488257210625,281.62386881526845,0.0030279336984664483,"{""type"":""MultiPoint"",""coordinates"":[]}"
20140414,2014-04-14,-0.0063588797581518525,279.46530629302987,0.005431257612148152,"{""type"":""MultiPoint"",""coordinates"":[]}"
20140415,2014-04-15,-0.0057505794575094865,275.90031762402083,0.0048053261909266065,"{""type"":""MultiPoint"",""coordinates"":[]}"
20140416,2014-04-16,-0.005896265709176369,276.2895952720618,0.002148648868130391,"{""type"":""MultiPoint"",""coordinates"":[]}"
20140417,2014-04-17,-0.007459197431829928,277.6445012616985,3.699839760768436E-5,"{""type"":""MultiPoint"",""coordinates"":[]}"
20140418,2014-04-18,-0.004347679337148422,278.0618102953505,0.0047324872802763165,"{""type"":""MultiPoint"",""coordinates"":[]}"
20140419,2014-04-19,-0.005973611071528477,280.699540080455,0.0024195929599094565,"{""type"":""MultiPoint"",""coordinates"":[]}"
20140420,2014-04-20,-0.005389505752621691,281.9714053032826,0.002672942355047858,"{""type"":""MultiPoint"",""coordinates"":[]}"
20140421,2014-04-21,-0.005774869202281531,282.7601115738354,0.002090218917959735,"{""type"":""MultiPoint"",""coordinates"":[]}"
20140422,2014-04-22,-0.004780916212548345,283.6017393638275,0.003570910374788775,"{""type"":""MultiPoint"",""coordinates"":[]}"
20140423,2014-04-23,-0.006394722901572813,284.41726175988526,9.977546500140302E-4,"{""type"":""MultiPoint"",""coordinates"":[]}"
20140424,2014-04-24,-0.006608531514134344,285.1659047795675,0.002264614078120502,"{""type"":""MultiPoint"",""coordinates"":[]}"
20140425,2014-04-25,-0.0070311320590882905,285.45322251641704,0.0020891044945275305,"{""type"":""MultiPoint"",""coordinates"":[]}"
20140426,2014-04-26,-0.004526201497582445,285.0306235611761,0.0033752623758874427,"{""type"":""MultiPoint"",""coordinates"":[]}"
20140427,2014-04-27,-0.0036620445234359744,283.0741572287692,0.006321124434058969,"{""type"":""MultiPoint"",""coordinates"":[]}"
20140428,2014-04-28,-0.0032951986504228805,283.0251092092677,0.0035715370206032245,"{""type"":""MultiPoint"",""coordinates"":[]}"
20140429,2014-04-29,-0.0036933650136893206,283.4696465229712,0.004116958713019253,"{""type"":""MultiPoint"",""coordinates"":[]}"
20140430,2014-04-30,-0.006153989288641996,284.04873437716293,0.0031121825959218776,"{""type"":""MultiPoint"",""coordinates"":[]}"
20140501,2014-05-01,-0.005589671925834025,284.01994388895093,0.0026486125508402725,"{""type"":""MultiPoint"",""coordinates"":[]}"
20140502,2014-05-02,-0.0044557330773711415,283.2846661188872,0.006922748233359053,"{""type"":""MultiPoint"",""coordinates"":[]}"
20140503,2014-05-03,-0.0033669878227696884,278.62713020971233,0.006105966847621528,"{""type"":""MultiPoint"",""coordinates"":[]}"
20140504,2014-05-04,-0.008305224570485928,279.4386646109055,5.639707228242265E-4,"{""type"":""MultiPoint"",""coordinates"":[]}"
20140505,2014-05-05,-0.00825632473826418,281.25822707186194,9.274358370794665E-6,"{""type"":""MultiPoint"",""coordinates"":[]}"
20140506,2014-05-06,-0.0094493372914059,285.044928553671,2.620447248340131E-5,"{""type"":""MultiPoint"",""coordinates"":[]}"
20140507,2014-05-07,-0.003968111152791749,283.8070774719917,0.010313531498835017,"{""type"":""MultiPoint"",""coordinates"":[]}"
20140508,2014-05-08,-0.008196968092797432,284.262371047757,0.0011187497654033748,"{""type"":""MultiPoint"",""coordinates"":[]}"
20140509,2014-05-09,-0.0061657910643300754,285.2030259939491,0.004376263797409532,"{""type"":""MultiPoint"",""coordinates"":[]}"
20140510,2014-05-10,-0.008294465926888109,285.75787235120674,0.0021001518275356335,"{""type"":""MultiPoint"",""coordinates"":[]}"
20140511,2014-05-11,-0.00445224686903391,282.6332167255416,0.011045875904768554,"{""type"":""MultiPoint"",""coordinates"":[]}"
20140512,2014-05-12,-0.007953085496662028,281.06740553186575,0.003413906300016503,"{""type"":""MultiPoint"",""coordinates"":[]}"
20140513,2014-05-13,-0.004499028328831976,280.3319817073283,0.005550621582615584,"{""type"":""MultiPoint"",""coordinates"":[]}"
20140514,2014-05-14,-0.006422281966778845,279.97197414022065,0.006054860793961413,"{""type"":""MultiPoint"",""coordinates"":[]}"
20140515,2014-05-15,-0.005960002810732624,279.58545122592835,0.005357777665051814,"{""type"":""MultiPoint"",""coordinates"":[]}"
20140516,2014-05-16,-0.00494130712890096,280.26100008467597,0.013526307108208986,"{""type"":""MultiPoint"",""coordinates"":[]}"
20140517,2014-05-17,-0.0030427074975357547,281.0171994407034,0.008920802614522607,"{""type"":""MultiPoint"",""coordinates"":[]}"
20140518,2014-05-18,-0.004380880016773133,282.8256604574332,0.0049148690476212165,"{""type"":""MultiPoint"",""coordinates"":[]}"
20140519,2014-05-19,-0.008444055727933636,285.931245641948,3.381614309286385E-4,"{""type"":""MultiPoint"",""coordinates"":[]}"
20140520,2014-05-20,-0.009493619781833173,287.843674800452,3.111798363685421E-5,"{""type"":""MultiPoint"",""coordinates"":[]}"
20140521,2014-05-21,-0.011002127844129576,289.59147575459235,1.0536393555362905E-5,"{""type"":""MultiPoint"",""coordinates"":[]}"
20140522,2014-05-22,-0.011334508511160385,291.6174493157619,3.0271998544364673E-4,"{""type"":""MultiPoint"",""coordinates"":[]}"
20140523,2014-05-23,-0.007874095090271803,288.9974498082465,0.0027723493864562814,"{""type"":""MultiPoint"",""coordinates"":[]}"
20140524,2014-05-24,-0.00694506079154561,287.5858827012214,0.004674185164458784,"{""type"":""MultiPoint"",""coordinates"":[]}"
20140525,2014-05-25,-0.009900264326715836,288.67899411024365,5.246234455843017E-4,"{""type"":""MultiPoint"",""coordinates"":[]}"
20140526,2014-05-26,-0.006957420910121708,288.1902107557125,0.00798786316688656,"{""type"":""MultiPoint"",""coordinates"":[]}"
20140527,2014-05-27,-0.004041488203755919,286.237293853483,0.012808704384034905,"{""type"":""MultiPoint"",""coordinates"":[]}"
20140528,2014-05-28,-0.004229966611681776,284.6764329238561,0.010682337114631438,"{""type"":""MultiPoint"",""coordinates"":[]}"
20140529,2014-05-29,-0.003263337401914526,283.218010860691,0.01003583344021374,"{""type"":""MultiPoint"",""coordinates"":[]}"
20140530,2014-05-30,-0.00488156768503888,281.77819046686557,0.0028562297205432536,"{""type"":""MultiPoint"",""coordinates"":[]}"
20140531,2014-05-31,-0.007740521410849924,283.6619232595659,0.0019343784962339728,"{""type"":""MultiPoint"",""coordinates"":[]}"
20140601,2014-06-01,-0.007454079998362496,284.8205706150757,0.0017070715282668128,"{""type"":""MultiPoint"",""coordinates"":[]}"
20140602,2014-06-02,-0.008255282535002207,285.1527017451759,0.0013101961305647186,"{""type"":""MultiPoint"",""coordinates"":[]}"
20140603,2014-06-03,-0.006500215384140643,285.2963477567755,0.00292008692274586,"{""type"":""MultiPoint"",""coordinates"":[]}"
20140604,2014-06-04,-0.008363576677227237,286.4990653989411,0.002440580794065076,"{""type"":""MultiPoint"",""coordinates"":[]}"
20140605,2014-06-05,-0.0066585757890512045,286.2810106197818,0.002666946393108531,"{""type"":""MultiPoint"",""coordinates"":[]}"
20140606,2014-06-06,-0.01024068515656891,288.7627016958819,4.814736576274264E-5,"{""type"":""MultiPoint"",""coordinates"":[]}"
20140607,2014-06-07,-0.010492623853888546,291.49382884163134,5.998428791556398E-5,"{""type"":""MultiPoint"",""coordinates"":[]}"
20140608,2014-06-08,-0.011901371522828927,293.74908826203654,4.652035646476599E-5,"{""type"":""MultiPoint"",""coordinates"":[]}"
20140609,2014-06-09,-0.012203547242931531,295.08730660380127,1.4046601686894413E-4,"{""type"":""MultiPoint"",""coordinates"":[]}"
20140610,2014-06-10,-0.011866982210296396,295.4965258227892,4.968224308996341E-4,"{""type"":""MultiPoint"",""coordinates"":[]}"
20140611,2014-06-11,-0.010134639614160447,294.28153072961237,0.00196362842180693,"{""type"":""MultiPoint"",""coordinates"":[]}"
20140612,2014-06-12,-0.008491543558194307,292.433767007064,0.0021927835527476612,"{""type"":""MultiPoint"",""coordinates"":[]}"
20140613,2014-06-13,-0.010163582624760217,290.43878255037936,0.0015709474513149054,"{""type"":""MultiPoint"",""coordinates"":[]}"
20140614,2014-06-14,-0.009065850671164012,287.52697109887544,0.0016160813952481449,"{""type"":""MultiPoint"",""coordinates"":[]}"
20140615,2014-06-15,-0.009571655132172915,286.8299006772487,6.545311510570552E-4,"{""type"":""MultiPoint"",""coordinates"":[]}"
20140616,2014-06-16,-0.00939080598107265,287.2751027060682,2.678441726941136E-4,"{""type"":""MultiPoint"",""coordinates"":[]}"
20140617,2014-06-17,-0.009645861002148313,287.6750620078207,9.850028795782844E-4,"{""type"":""MultiPoint"",""coordinates"":[]}"
20140618,2014-06-18,-0.010499330249542554,288.5167036272998,8.441105433780384E-4,"{""type"":""MultiPoint"",""coordinates"":[]}"
20140619,2014-06-19,-0.010413435389105873,288.6908035768525,0.001516678229342514,"{""type"":""MultiPoint"",""coordinates"":[]}"
20140620,2014-06-20,-0.006074954957437388,285.6010226686822,0.005771966233825487,"{""type"":""MultiPoint"",""coordinates"":[]}"
20140621,2014-06-21,-0.008372821263445107,286.44152137964574,4.377767965090395E-4,"{""type"":""MultiPoint"",""coordinates"":[]}"
20140622,2014-06-22,-0.011025462412037182,288.5811253995685,2.3043876311820227E-4,"{""type"":""MultiPoint"",""coordinates"":[]}"
20140623,2014-06-23,-0.010322064380737274,289.7049063801226,0.0019791121002112233,"{""type"":""MultiPoint"",""coordinates"":[]}"
20140624,2014-06-24,-0.005913852032992577,288.149599012459,0.004948209438323848,"{""type"":""MultiPoint"",""coordinates"":[]}"
20140625,2014-06-25,-0.007264879460829208,286.8953150690209,0.007415247560663333,"{""type"":""MultiPoint"",""coordinates"":[]}"
20140626,2014-06-26,-0.009148991171007015,286.54204084423094,5.350707222436659E-4,"{""type"":""MultiPoint"",""coordinates"":[]}"
20140627,2014-06-27,-0.010024894264333154,289.2634228542486,3.3185100078689993E-4,"{""type"":""MultiPoint"",""coordinates"":[]}"
20140628,2014-06-28,-0.010136844846385449,291.41185625505005,0.0013783529678778586,"{""type"":""MultiPoint"",""coordinates"":[]}"
20140629,2014-06-29,-0.00453788375935611,288.275710648764,0.015642133096800976,"{""type"":""MultiPoint"",""coordinates"":[]}"
20140630,2014-06-30,-0.0049890550216819055,285.39324049229526,0.011080704811167748,"{""type"":""MultiPoint"",""coordinates"":[]}"
20140701,2014-07-01,-0.008940684875081687,287.037935792365,6.996031687329819E-4,"{""type"":""MultiPoint"",""coordinates"":[]}"
20140702,2014-07-02,-0.004520314347292189,287.22532334057854,0.00881586609467683,"{""type"":""MultiPoint"",""coordinates"":[]}"
20140703,2014-07-03,-0.010851897329232998,289.2337245418626,1.2405684307869295E-4,"{""type"":""MultiPoint"",""coordinates"":[]}"
20140704,2014-07-04,-0.012610029861132018,292.40040742021637,6.926743558080551E-4,"{""type"":""MultiPoint"",""coordinates"":[]}"
20140705,2014-07-05,-0.008505678423757138,291.30853802389083,0.004655943286563947,"{""type"":""MultiPoint"",""coordinates"":[]}"
20140706,2014-07-06,-0.010589779675508459,293.3652926863198,3.7925543441848626E-4,"{""type"":""MultiPoint"",""coordinates"":[]}"
20140707,2014-07-07,-0.008026239877138141,293.0384645530293,0.0027283027473403326,"{""type"":""MultiPoint"",""coordinates"":[]}"
20140708,2014-07-08,-0.005624026761086091,289.69030374893345,0.015439306540858145,"{""type"":""MultiPoint"",""coordinates"":[]}"
20140709,2014-07-09,-0.004851963120833089,285.13646657375585,0.008839913703298672,"{""type"":""MultiPoint"",""coordinates"":[]}"
20140710,2014-07-10,-0.005516076389492477,285.5901036594666,0.002714855856127093,"{""type"":""MultiPoint"",""coordinates"":[]}"
20140711,2014-07-11,-0.004884824946998551,287.58841754329063,0.007921278851825728,"{""type"":""MultiPoint"",""coordinates"":[]}"
20140712,2014-07-12,-0.005778936914028551,288.6570404131904,0.005576282057184375,"{""type"":""MultiPoint"",""coordinates"":[]}"
20140713,2014-07-13,-0.006398617192886929,289.0885586851094,0.004182677891497649,"{""type"":""MultiPoint"",""coordinates"":[]}"
20140714,2014-07-14,-0.006748810166203935,289.77801654853187,0.003959180415697488,"{""type"":""MultiPoint"",""coordinates"":[]}"
20140715,2014-07-15,-0.007833454869052797,291.0122203731186,0.001413130732424215,"{""type"":""MultiPoint"",""coordinates"":[]}"
20140716,2014-07-16,-0.00926580337291561,292.2191864242448,8.021453877054917E-4,"{""type"":""MultiPoint"",""coordinates"":[]}"
20140717,2014-07-17,-0.00970796686718563,292.438906180719,0.001181933210466276,"{""type"":""MultiPoint"",""coordinates"":[]}"
20140718,2014-07-18,-0.010606692589813166,293.3061684999632,2.639155685065192E-4,"{""type"":""MultiPoint"",""coordinates"":[]}"
20140719,2014-07-19,-0.011923737169948037,294.96616337112204,2.4705368941611282E-5,"{""type"":""MultiPoint"",""coordinates"":[]}"
20140720,2014-07-20,-0.010594397799070536,295.83735490844515,0.0019741437038405672,"{""type"":""MultiPoint"",""coordinates"":[]}"
20140721,2014-07-21,-0.004460196105150202,291.8583205852763,0.024145550988048565,"{""type"":""MultiPoint"",""coordinates"":[]}"
20140722,2014-07-22,-0.0044012628923010165,290.68255494691647,0.020452942392212962,"{""type"":""MultiPoint"",""coordinates"":[]}"
20140723,2014-07-23,-0.008985567312707757,291.2842755175039,0.0024834231676558833,"{""type"":""MultiPoint"",""coordinates"":[]}"
20140724,2014-07-24,-0.00876402535669848,290.6307964181219,8.218872662459259E-4,"{""type"":""MultiPoint"",""coordinates"":[]}"
20140725,2014-07-25,-0.008372328398107027,291.18597680034406,0.0012159208463306678,"{""type"":""MultiPoint"",""coordinates"":[]}"
20140726,2014-07-26,-0.0073567994751854,291.7243493536911,0.006094419977145414,"{""type"":""MultiPoint"",""coordinates"":[]}"
20140727,2014-07-27,-0.00510752937248705,291.4722051792741,0.008660060647553581,"{""type"":""MultiPoint"",""coordinates"":[]}"
20140728,2014-07-28,-0.005186368015126112,291.46603460158866,0.009135856807268083,"{""type"":""MultiPoint"",""coordinates"":[]}"
20140729,2014-07-29,-0.004693277034198868,290.968174470503,0.006642997823293128,"{""type"":""MultiPoint"",""coordinates"":[]}"
20140730,2014-07-30,-0.003162300598505492,290.4208818084999,0.012779214715653577,"{""type"":""MultiPoint"",""coordinates"":[]}"
20140731,2014-07-31,-0.003661199515618173,290.3036806320205,0.013302839631620905,"{""type"":""MultiPoint"",""coordinates"":[]}"
20140801,2014-08-01,-0.006021169921145358,291.008699794666,0.0013284084142887523,"{""type"":""MultiPoint"",""coordinates"":[]}"
20140802,2014-08-02,-0.00785466138778052,292.6036309727989,0.003167871597545788,"{""type"":""MultiPoint"",""coordinates"":[]}"
20140803,2014-08-03,-0.006002841618691389,291.5275486392711,0.010730052965759133,"{""type"":""MultiPoint"",""coordinates"":[]}"
20140804,2014-08-04,-0.006017017665435047,290.9954812397008,0.006753695211373746,"{""type"":""MultiPoint"",""coordinates"":[]}"
20140805,2014-08-05,-0.005061451670763674,289.4185542476144,0.005346167864457705,"{""type"":""MultiPoint"",""coordinates"":[]}"
20140806,2014-08-06,-0.007729954044080644,289.8993936639999,8.443631531337395E-4,"{""type"":""MultiPoint"",""coordinates"":[]}"
20140807,2014-08-07,-0.006970659518621198,290.212070226603,0.0021699111219361878,"{""type"":""MultiPoint"",""coordinates"":[]}"
20140808,2014-08-08,-0.008509435660703047,291.3957881238839,2.0905255924291317E-4,"{""type"":""MultiPoint"",""coordinates"":[]}"
20140809,2014-08-09,-0.006499454471710939,291.86092602117293,0.004674764354159942,"{""type"":""MultiPoint"",""coordinates"":[]}"
20140810,2014-08-10,-0.00886603297569761,293.46808766620404,9.38591211214508E-4,"{""type"":""MultiPoint"",""coordinates"":[]}"
20140811,2014-08-11,-0.004220138026029938,290.7863009897516,0.007421542483671048,"{""type"":""MultiPoint"",""coordinates"":[]}"
20140812,2014-08-12,-0.00454666564433022,288.39416566386507,0.006218464180806368,"{""type"":""MultiPoint"",""coordinates"":[]}"
20140813,2014-08-13,-0.0032618578633624197,288.2625656866969,0.017334434585069117,"{""type"":""MultiPoint"",""coordinates"":[]}"
20140814,2014-08-14,-0.0052438184826914015,286.7146874312554,0.002419873950387643,"{""type"":""MultiPoint"",""coordinates"":[]}"
20140815,2014-08-15,-0.005149218838534934,285.8488186337194,0.0054759236250243645,"{""type"":""MultiPoint"",""coordinates"":[]}"
20140816,2014-08-16,-0.005820944674336086,285.20556705962866,0.004369457041363861,"{""type"":""MultiPoint"",""coordinates"":[]}"
20140817,2014-08-17,-0.008747467184963461,286.9070877943822,2.602988278045978E-4,"{""type"":""MultiPoint"",""coordinates"":[]}"
20140818,2014-08-18,-0.008514658027100417,288.261488068984,0.0014012705863153247,"{""type"":""MultiPoint"",""coordinates"":[]}"
20140819,2014-08-19,-0.0041538286810752535,287.3432845530403,0.004312272099036665,"{""type"":""MultiPoint"",""coordinates"":[]}"
20140820,2014-08-20,-0.002907339025102748,285.7717937709892,0.0029010167449224043,"{""type"":""MultiPoint"",""coordinates"":[]}"
20140821,2014-08-21,-0.006369627273874157,286.0390388370006,0.0037828264548220325,"{""type"":""MultiPoint"",""coordinates"":[]}"
20140822,2014-08-22,-0.005346043925229001,286.72022898550733,0.002426906449186906,"{""type"":""MultiPoint"",""coordinates"":[]}"
20140823,2014-08-23,-0.003841820591603402,286.4141319345201,0.005987182124952382,"{""type"":""MultiPoint"",""coordinates"":[]}"
20140824,2014-08-24,-0.006871705062934263,284.395011043296,0.003302604831467236,"{""type"":""MultiPoint"",""coordinates"":[]}"
20140825,2014-08-25,-0.007730684590648713,285.6271326482378,8.993860061663708E-4,"{""type"":""MultiPoint"",""coordinates"":[]}"
20140826,2014-08-26,-0.003006880830140118,286.86486673084903,0.011436461307958817,"{""type"":""MultiPoint"",""coordinates"":[]}"
20140827,2014-08-27,-0.003921451805550555,285.96139557477017,0.008557454349142514,"{""type"":""MultiPoint"",""coordinates"":[]}"
20140828,2014-08-28,-0.006461105354030691,286.93289273855476,8.393647198134027E-5,"{""type"":""MultiPoint"",""coordinates"":[]}"
20140829,2014-08-29,-0.005750056966829069,288.8349607279384,0.0025337495733430823,"{""type"":""MultiPoint"",""coordinates"":[]}"
20140830,2014-08-30,-0.002986686806356946,288.3236312989249,0.00548649577076397,"{""type"":""MultiPoint"",""coordinates"":[]}"
20140831,2014-08-31,-0.0025221353324983626,286.3910399816318,0.01581931827065183,"{""type"":""MultiPoint"",""coordinates"":[]}"
20140901,2014-09-01,-0.0027827678937699793,284.3315200555723,0.012945545737527313,"{""type"":""MultiPoint"",""coordinates"":[]}"
20140902,2014-09-02,-0.0029194806225441797,284.96751325486565,0.007578203133412423,"{""type"":""MultiPoint"",""coordinates"":[]}"
20140903,2014-09-03,-0.003952769739211253,286.7362709030305,0.0019798921027845864,"{""type"":""MultiPoint"",""coordinates"":[]}"
20140904,2014-09-04,-0.006245257864327764,289.3517025231825,6.585823782885118E-4,"{""type"":""MultiPoint"",""coordinates"":[]}"
20140905,2014-09-05,-0.004504135293080688,289.45809880296014,0.00293179489571096,"{""type"":""MultiPoint"",""coordinates"":[]}"
20140906,2014-09-06,-0.0048123859314337224,289.2317158651074,0.002205127211398972,"{""type"":""MultiPoint"",""coordinates"":[]}"
20140907,2014-09-07,-0.00519421495182696,289.2148622226004,0.0018815856512972805,"{""type"":""MultiPoint"",""coordinates"":[]}"
20140908,2014-09-08,-0.006091830213797145,289.863551849945,0.0014426884365523855,"{""type"":""MultiPoint"",""coordinates"":[]}"
20140909,2014-09-09,-0.004468966851841039,288.8803778006074,0.0051615259000226755,"{""type"":""MultiPoint"",""coordinates"":[]}"
20140910,2014-09-10,-0.004512173457179104,287.24113569909565,0.002754314117000257,"{""type"":""MultiPoint"",""coordinates"":[]}"
20140911,2014-09-11,-0.0028183020161528976,284.98242899387697,0.010314933754978755,"{""type"":""MultiPoint"",""coordinates"":[]}"
20140912,2014-09-12,-0.0018869366254144642,283.93755942654997,0.014059672123378114,"{""type"":""MultiPoint"",""coordinates"":[]}"
20140913,2014-09-13,-0.0019139848101741715,285.34645228951894,0.011214123310189512,"{""type"":""MultiPoint"",""coordinates"":[]}"
20140914,2014-09-14,-0.0022477012915709934,286.60855472283464,0.007228747978108298,"{""type"":""MultiPoint"",""coordinates"":[]}"
20140915,2014-09-15,-0.004472003942303657,287.53556963158735,0.0015122272037758398,"{""type"":""MultiPoint"",""coordinates"":[]}"
20140916,2014-09-16,-0.005059408451665221,287.40164003509733,8.807710799584916E-4,"{""type"":""MultiPoint"",""coordinates"":[]}"
20140917,2014-09-17,-0.0061106988473924855,287.8189930834299,1.7368315604357687E-4,"{""type"":""MultiPoint"",""coordinates"":[]}"
20140918,2014-09-18,-0.006244957772779526,288.29496339026116,2.054688115926795E-4,"{""type"":""MultiPoint"",""coordinates"":[]}"
20140919,2014-09-19,-0.005368784627608611,288.9818021778478,0.0016669050485086264,"{""type"":""MultiPoint"",""coordinates"":[]}"
20140920,2014-09-20,-0.0040510320263257545,288.5359278754125,0.004744617089465237,"{""type"":""MultiPoint"",""coordinates"":[]}"
20140921,2014-09-21,-0.004172449399784573,287.3735332117265,0.00970268253126758,"{""type"":""MultiPoint"",""coordinates"":[]}"
20140922,2014-09-22,-0.005077044450676326,282.68137093288317,0.007873423581190956,"{""type"":""MultiPoint"",""coordinates"":[]}"
20140923,2014-09-23,-0.0052066030838080445,281.2591095753032,0.00178514353368055,"{""type"":""MultiPoint"",""coordinates"":[]}"
20140924,2014-09-24,-0.0058185945369054895,282.9350363892355,0.001120822107265189,"{""type"":""MultiPoint"",""coordinates"":[]}"
20140925,2014-09-25,-0.00404041090229987,283.270201772439,0.004967761294115463,"{""type"":""MultiPoint"",""coordinates"":[]}"
20140926,2014-09-26,-0.0026445710872412868,283.4255134557748,0.0016272063691353251,"{""type"":""MultiPoint"",""coordinates"":[]}"
20140927,2014-09-27,-0.003253681534074945,285.5770926842942,0.0014328617624144013,"{""type"":""MultiPoint"",""coordinates"":[]}"
20140928,2014-09-28,-0.004567922905971102,285.57175351296786,7.3236848731662585E-6,"{""type"":""MultiPoint"",""coordinates"":[]}"
20140929,2014-09-29,-0.004755337642788609,286.37988728070565,1.532365126577644E-5,"{""type"":""MultiPoint"",""coordinates"":[]}"
20140930,2014-09-30,-0.0037809281930159064,286.9467382557305,0.0024256048305937496,"{""type"":""MultiPoint"",""coordinates"":[]}"
20141001,2014-10-01,-0.001304991250236319,286.246508528035,0.009137846368860404,"{""type"":""MultiPoint"",""coordinates"":[]}"
20141002,2014-10-02,-0.0035533494815022586,285.53737970339546,8.264395276937845E-4,"{""type"":""MultiPoint"",""coordinates"":[]}"
20141003,2014-10-03,-0.004595123864514857,284.4514469351534,8.228879859837792E-5,"{""type"":""MultiPoint"",""coordinates"":[]}"
20141004,2014-10-04,-0.003961022000361545,283.5809513906698,4.6913329872303323E-4,"{""type"":""MultiPoint"",""coordinates"":[]}"
20141005,2014-10-05,-0.0031844390791683245,283.89670620382384,9.51792160009281E-4,"{""type"":""MultiPoint"",""coordinates"":[]}"
20141006,2014-10-06,-0.004494634071826856,283.9354799626626,5.764298208066248E-5,"{""type"":""MultiPoint"",""coordinates"":[]}"
20141007,2014-10-07,-0.004905547280976602,284.97055006077386,5.921376019897222E-4,"{""type"":""MultiPoint"",""coordinates"":[]}"
20141008,2014-10-08,-0.0036711087205084586,286.4241222592024,6.28486611550549E-4,"{""type"":""MultiPoint"",""coordinates"":[]}"
20141009,2014-10-09,-0.004538647874797111,287.73350240341233,1.1945800073996687E-4,"{""type"":""MultiPoint"",""coordinates"":[]}"
20141010,2014-10-10,-0.0032151891970336297,287.1876091128267,4.7605969892535377E-4,"{""type"":""MultiPoint"",""coordinates"":[]}"
20141011,2014-10-11,-0.002659142677827672,286.7431993906199,0.0018954014685480885,"{""type"":""MultiPoint"",""coordinates"":[]}"
20141012,2014-10-12,-0.0036590203794822614,286.3912663339173,4.2009121302428745E-5,"{""type"":""MultiPoint"",""coordinates"":[]}"
20141013,2014-10-13,-0.00231328929215512,286.8314554486907,0.002308778007574348,"{""type"":""MultiPoint"",""coordinates"":[]}"
20141014,2014-10-14,-0.0035749692490650836,285.93681588081694,0.0031128827124275184,"{""type"":""MultiPoint"",""coordinates"":[]}"
20141015,2014-10-15,-0.002838196050192643,284.74485629250296,0.0024139937903073175,"{""type"":""MultiPoint"",""coordinates"":[]}"
20141016,2014-10-16,-0.003285091564048444,285.8501111871898,0.002951194818885478,"{""type"":""MultiPoint"",""coordinates"":[]}"
20141017,2014-10-17,-0.0010389570897857772,284.2728685129569,0.00970037898328516,"{""type"":""MultiPoint"",""coordinates"":[]}"
20141018,2014-10-18,-0.003321059297531793,284.2117636884503,1.5995138372954054E-5,"{""type"":""MultiPoint"",""coordinates"":[]}"
20141019,2014-10-19,-0.003786331660079757,285.54856955412725,7.552166519715257E-6,"{""type"":""MultiPoint"",""coordinates"":[]}"
20141020,2014-10-20,-0.00336523650285148,286.9431823803665,0.003990832685835837,"{""type"":""MultiPoint"",""coordinates"":[]}"
20141021,2014-10-21,-0.0030956427487207295,284.57070706140775,0.010492312135346113,"{""type"":""MultiPoint"",""coordinates"":[]}"
20141022,2014-10-22,-0.0028005716424948372,277.0864977100452,0.01792814376945124,"{""type"":""MultiPoint"",""coordinates"":[]}"
20141023,2014-10-23,-0.0014773694011701837,278.08093943343374,0.02011452878141243,"{""type"":""MultiPoint"",""coordinates"":[]}"
20141024,2014-10-24,-0.0021526097874796585,278.54046442562276,0.0013267854808167092,"{""type"":""MultiPoint"",""coordinates"":[]}"
20141025,2014-10-25,-0.002233535411993241,278.59634917386734,0.0012423704962239816,"{""type"":""MultiPoint"",""coordinates"":[]}"
20141026,2014-10-26,-0.001848817255151703,279.3997895363673,2.7405607225974783E-4,"{""type"":""MultiPoint"",""coordinates"":[]}"
20141027,2014-10-27,-0.0023357436871539686,277.8456991345755,1.6811525067310996E-5,"{""type"":""MultiPoint"",""coordinates"":[]}"
20141028,2014-10-28,-0.0025735501922499685,277.1496664091189,6.207369677600196E-6,"{""type"":""MultiPoint"",""coordinates"":[]}"
20141029,2014-10-29,-0.001784994258834298,277.8252091948218,1.4209886827768828E-4,"{""type"":""MultiPoint"",""coordinates"":[]}"
20141030,2014-10-30,-0.0014905042205185296,279.5393161063798,4.7066576394024764E-4,"{""type"":""MultiPoint"",""coordinates"":[]}"
20141031,2014-10-31,-0.001803669212804299,280.62168578237055,5.046887689463603E-5,"{""type"":""MultiPoint"",""coordinates"":[]}"
20141101,2014-11-01,-0.002021015371498449,281.23867677953535,4.709925363161887E-6,"{""type"":""MultiPoint"",""coordinates"":[]}"
20141102,2014-11-02,-0.002149341315901571,281.04380386845577,1.2763157465765068E-5,"{""type"":""MultiPoint"",""coordinates"":[]}"
20141103,2014-11-03,-0.002493341904311302,280.3150569412254,1.3861157721524068E-4,"{""type"":""MultiPoint"",""coordinates"":[]}"
20141104,2014-11-04,-0.0040489415915695515,282.24674116461205,6.461548903997289E-4,"{""type"":""MultiPoint"",""coordinates"":[]}"
20141105,2014-11-05,-0.0024701092697883794,281.82336052467986,0.009577965034967011,"{""type"":""MultiPoint"",""coordinates"":[]}"
20141106,2014-11-06,-9.511536575991216E-4,279.1445597128946,0.007034808270319559,"{""type"":""MultiPoint"",""coordinates"":[]}"
20141107,2014-11-07,-9.207272398645894E-4,280.3031105269621,0.0033135336223070926,"{""type"":""MultiPoint"",""coordinates"":[]}"
20141108,2014-11-08,-0.0012879725847948819,279.5903311676975,0.003228586114730264,"{""type"":""MultiPoint"",""coordinates"":[]}"
20141109,2014-11-09,-0.001512640779283662,280.2748571456187,1.1190321174408513E-4,"{""type"":""MultiPoint"",""coordinates"":[]}"
20141110,2014-11-10,-0.0012880369200494318,280.4286553505519,0.0014241773333400888,"{""type"":""MultiPoint"",""coordinates"":[]}"
20141111,2014-11-11,-0.0019256225233726468,281.980096111425,3.5400208316013824E-4,"{""type"":""MultiPoint"",""coordinates"":[]}"
20141112,2014-11-12,-0.002150103712384563,282.06478952218305,4.809416906318738E-4,"{""type"":""MultiPoint"",""coordinates"":[]}"
20141113,2014-11-13,-7.776943090997698E-4,280.65496289648445,0.0011503003507173245,"{""type"":""MultiPoint"",""coordinates"":[]}"
20141114,2014-11-14,-0.0017153946914712798,280.61727560167645,5.429846833477551E-5,"{""type"":""MultiPoint"",""coordinates"":[]}"
20141115,2014-11-15,-0.0019657832722201965,281.02384947380835,0.002252688602680895,"{""type"":""MultiPoint"",""coordinates"":[]}"
20141116,2014-11-16,-0.0014325221777908776,279.1877792654185,0.0031510255660801645,"{""type"":""MultiPoint"",""coordinates"":[]}"
20141117,2014-11-17,-0.0012605856262492589,277.8839457451446,8.906438908576925E-4,"{""type"":""MultiPoint"",""coordinates"":[]}"
20141118,2014-11-18,-7.267666085686974E-4,277.6086803284607,0.012412684728784176,"{""type"":""MultiPoint"",""coordinates"":[]}"
20141119,2014-11-19,-9.537059507007526E-4,276.9380038587985,0.00359843182208969,"{""type"":""MultiPoint"",""coordinates"":[]}"
20141120,2014-11-20,-0.0013336975327790342,276.8297985295773,3.2809761815184147E-4,"{""type"":""MultiPoint"",""coordinates"":[]}"
20141121,2014-11-21,-0.0015131090534613197,276.67172636911124,1.2800335004899122E-4,"{""type"":""MultiPoint"",""coordinates"":[]}"
20141122,2014-11-22,-0.0010815443052884857,276.6919073356267,3.5913598880797994E-5,"{""type"":""MultiPoint"",""coordinates"":[]}"
20141123,2014-11-23,-0.0012324150179060644,277.02805784082904,4.878340872014487E-5,"{""type"":""MultiPoint"",""coordinates"":[]}"
20141124,2014-11-24,-0.0010613164862213521,277.9075784505422,4.08539716292488E-4,"{""type"":""MultiPoint"",""coordinates"":[]}"
20141125,2014-11-25,-0.0010910787103753606,276.9385334048523,2.4625172686785286E-4,"{""type"":""MultiPoint"",""coordinates"":[]}"
20141126,2014-11-26,-0.0015209075091460345,275.6340575507581,2.8776650085433344E-4,"{""type"":""MultiPoint"",""coordinates"":[]}"
20141127,2014-11-27,-0.0015003181948837038,275.1926167676425,2.234640306660861E-4,"{""type"":""MultiPoint"",""coordinates"":[]}"
20141128,2014-11-28,-0.0013382794025966788,274.99230765502216,2.1132975520999156E-4,"{""type"":""MultiPoint"",""coordinates"":[]}"
20141129,2014-11-29,-0.0012066998305458538,275.1007121102556,2.8455546919452327E-4,"{""type"":""MultiPoint"",""coordinates"":[]}"
20141130,2014-11-30,-0.001021943205294259,274.95205073822643,6.29366018776942E-4,"{""type"":""MultiPoint"",""coordinates"":[]}"
20141201,2014-12-01,-8.39287325496391E-4,274.6452762703722,0.006209417558157694,"{""type"":""MultiPoint"",""coordinates"":[]}"
20141202,2014-12-02,-6.659964510561815E-4,273.91221474711136,0.002930437463475097,"{""type"":""MultiPoint"",""coordinates"":[]}"
20141203,2014-12-03,-8.016458286834158E-4,274.6902442607401,3.9282947294536796E-4,"{""type"":""MultiPoint"",""coordinates"":[]}"
20141204,2014-12-04,-7.9442553758168E-4,275.6846271271356,7.027243555287702E-4,"{""type"":""MultiPoint"",""coordinates"":[]}"
20141205,2014-12-05,-7.136684743013427E-4,275.4913447385723,4.029066988938755E-4,"{""type"":""MultiPoint"",""coordinates"":[]}"
20141206,2014-12-06,-4.904541239320333E-4,275.19827102899916,0.0028498358236165515,"{""type"":""MultiPoint"",""coordinates"":[]}"
20141207,2014-12-07,-6.671588396298868E-4,274.63112945931636,0.0034235415325504517,"{""type"":""MultiPoint"",""coordinates"":[]}"
20141208,2014-12-08,-9.505955452493355E-4,273.6910614800181,0.00196662309201835,"{""type"":""MultiPoint"",""coordinates"":[]}"
20141209,2014-12-09,-9.234739265530956E-4,271.42800081641394,5.20653667125661E-4,"{""type"":""MultiPoint"",""coordinates"":[]}"
20141210,2014-12-10,-0.0014973665059373473,271.6161224326653,4.86550725136579E-4,"{""type"":""MultiPoint"",""coordinates"":[]}"
20141211,2014-12-11,-0.0013755530200481798,274.4588021667672,0.00277438542653338,"{""type"":""MultiPoint"",""coordinates"":[]}"
20141212,2014-12-12,-0.002176366789695663,275.1552602649722,3.172977696826865E-4,"{""type"":""MultiPoint"",""coordinates"":[]}"
20141213,2014-12-13,-0.0014231628722821774,275.11631860825173,3.6415848137384654E-5,"{""type"":""MultiPoint"",""coordinates"":[]}"
20141214,2014-12-14,-8.035384974817942E-4,275.70538255130987,6.296905831808996E-4,"{""type"":""MultiPoint"",""coordinates"":[]}"
20141215,2014-12-15,-4.848828731317637E-4,276.1339453098023,9.977922957328357E-4,"{""type"":""MultiPoint"",""coordinates"":[]}"
20141216,2014-12-16,-2.8153991254206153E-4,275.6260232308762,0.00329090539194778,"{""type"":""MultiPoint"",""coordinates"":[]}"
20141217,2014-12-17,-7.82265124661992E-4,275.117286589515,0.0036952000738074806,"{""type"":""MultiPoint"",""coordinates"":[]}"
20141218,2014-12-18,-8.44512167293788E-4,278.4260005265009,0.004855125055831452,"{""type"":""MultiPoint"",""coordinates"":[]}"
20141219,2014-12-19,-0.002053569069373874,280.35475083529496,0.003910265020347072,"{""type"":""MultiPoint"",""coordinates"":[]}"
20141220,2014-12-20,-0.00274826683343872,276.3727143203743,0.005567244265954408,"{""type"":""MultiPoint"",""coordinates"":[]}"
20141221,2014-12-21,-0.002295006404610125,274.4873290217031,0.0021903879543907585,"{""type"":""MultiPoint"",""coordinates"":[]}"
20141222,2014-12-22,-0.003607212253468409,276.41014833592624,2.3013609789282135E-4,"{""type"":""MultiPoint"",""coordinates"":[]}"
20141223,2014-12-23,-0.0029387748976342815,277.54176603454346,4.670820271000092E-5,"{""type"":""MultiPoint"",""coordinates"":[]}"
20141224,2014-12-24,-0.002641100695961585,275.9527997019392,2.6545184145253606E-4,"{""type"":""MultiPoint"",""coordinates"":[]}"
20141225,2014-12-25,-0.0019736314720662793,275.26597182736884,0.0030311887563868375,"{""type"":""MultiPoint"",""coordinates"":[]}"
20141226,2014-12-26,-0.0011873395616322233,270.8244900573913,0.0037021891017178523,"{""type"":""MultiPoint"",""coordinates"":[]}"
20141227,2014-12-27,-0.0010547612869750292,268.6808291258286,0.0035646467322470237,"{""type"":""MultiPoint"",""coordinates"":[]}"
20141228,2014-12-28,-0.001067351153518919,266.9407710932811,0.003280307314859517,"{""type"":""MultiPoint"",""coordinates"":[]}"
20141229,2014-12-29,-8.307776371826069E-4,264.63911042896456,0.004448926601419735,"{""type"":""MultiPoint"",""coordinates"":[]}"
20141230,2014-12-30,-5.168522454150261E-4,266.2286460764535,0.005824749110443385,"{""type"":""MultiPoint"",""coordinates"":[]}"
20141231,2014-12-31,-4.8538268154570894E-4,268.5040111708802,0.003202266208468813,"{""type"":""MultiPoint"",""coordinates"":[]}"
20150101,2015-01-01,-4.619882587161878E-4,270.51982472524105,4.023060907048967E-4,"{""type"":""MultiPoint"",""coordinates"":[]}"
20150102,2015-01-02,-0.0010994325196192294,272.8368421942107,0.003242074979672781,"{""type"":""MultiPoint"",""coordinates"":[]}"
20150103,2015-01-03,-9.910874813311788E-4,273.66336318517205,0.011479794970126283,"{""type"":""MultiPoint"",""coordinates"":[]}"
20150104,2015-01-04,-0.0014769137107963851,272.0087965107456,0.007651879542285485,"{""type"":""MultiPoint"",""coordinates"":[]}"
20150105,2015-01-05,-0.001199334928264203,270.9689424947497,0.003195098665384715,"{""type"":""MultiPoint"",""coordinates"":[]}"
20150106,2015-01-06,-5.57260640580095E-4,269.4851561422732,3.780420575339567E-4,"{""type"":""MultiPoint"",""coordinates"":[]}"
20150107,2015-01-07,-4.1675568489482666E-4,269.5383793029785,0.0011438538719787386,"{""type"":""MultiPoint"",""coordinates"":[]}"
20150108,2015-01-08,-9.151369164780867E-4,272.4862075152808,0.0020281533365828276,"{""type"":""MultiPoint"",""coordinates"":[]}"
20150109,2015-01-09,-0.0026812452968919694,276.66914589568313,0.0077799843795364355,"{""type"":""MultiPoint"",""coordinates"":[]}"
20150110,2015-01-10,-0.003608079219793473,281.1149679363022,0.009233538797987594,"{""type"":""MultiPoint"",""coordinates"":[]}"
20150111,2015-01-11,-0.0027362175113836676,274.54510408693613,0.009821560255627916,"{""type"":""MultiPoint"",""coordinates"":[]}"
20150112,2015-01-12,-0.003495353604960853,274.1021004810458,0.0016768331080977755,"{""type"":""MultiPoint"",""coordinates"":[]}"
20150113,2015-01-13,-0.0018710695595341067,274.03744470311165,6.073267639317571E-6,"{""type"":""MultiPoint"",""coordinates"":[]}"
20150114,2015-01-14,-0.0010380492701009356,273.996934570502,0.003642414074517119,"{""type"":""MultiPoint"",""coordinates"":[]}"
20150115,2015-01-15,-0.001152875040673077,273.43907856021104,3.8084527394743704E-5,"{""type"":""MultiPoint"",""coordinates"":[]}"
20150116,2015-01-16,-8.499385961865665E-4,274.6790159468803,7.977350925314112E-4,"{""type"":""MultiPoint"",""coordinates"":[]}"
20150117,2015-01-17,-4.4401343204994773E-4,274.3899688368017,0.009146922115721975,"{""type"":""MultiPoint"",""coordinates"":[]}"
20150118,2015-01-18,-8.616904762382512E-4,272.6572345832561,7.055554741181192E-4,"{""type"":""MultiPoint"",""coordinates"":[]}"
20150119,2015-01-19,-8.289779874002908E-4,271.14398451910284,1.205287579074499E-4,"{""type"":""MultiPoint"",""coordinates"":[]}"
20150120,2015-01-20,-6.601219701528166E-4,271.5103145312083,6.976947795101859E-4,"{""type"":""MultiPoint"",""coordinates"":[]}"
20150121,2015-01-21,-8.754606471954324E-4,271.44826241770784,1.528011326845414E-4,"{""type"":""MultiPoint"",""coordinates"":[]}"
20150122,2015-01-22,-7.062210525125778E-4,273.58576678747767,3.4215349037435526E-4,"{""type"":""MultiPoint"",""coordinates"":[]}"
20150123,2015-01-23,-7.61071768326797E-4,272.7586076989182,0.002180019229084503,"{""type"":""MultiPoint"",""coordinates"":[]}"
20150124,2015-01-24,-0.0013638135540219984,271.20871600257897,0.0025435706787755234,"{""type"":""MultiPoint"",""coordinates"":[]}"
20150125,2015-01-25,-0.0014379166898359553,270.66284894558953,0.003992072606407653,"{""type"":""MultiPoint"",""coordinates"":[]}"
20150126,2015-01-26,-0.00127923957498062,270.064171593327,0.002723427662779115,"{""type"":""MultiPoint"",""coordinates"":[]}"
20150127,2015-01-27,-9.483139138882214E-4,270.88717128597017,0.00790049892427045,"{""type"":""MultiPoint"",""coordinates"":[]}"
20150128,2015-01-28,-0.0015911938214333886,270.7468152438835,0.0011537281664612004,"{""type"":""MultiPoint"",""coordinates"":[]}"
20150129,2015-01-29,-0.001459681253645716,271.59014054304845,0.003923507923959331,"{""type"":""MultiPoint"",""coordinates"":[]}"
20150130,2015-01-30,-0.0014049602882491425,270.35143548558676,0.005486627587250406,"{""type"":""MultiPoint"",""coordinates"":[]}"
20150131,2015-01-31,-0.0015306914046410284,269.19285339524066,8.522246602603709E-4,"{""type"":""MultiPoint"",""coordinates"":[]}"
20150201,2015-02-01,-0.0010319488810295548,268.49222647059855,0.0012334036934618913,"{""type"":""MultiPoint"",""coordinates"":[]}"
20150202,2015-02-02,-0.0010810135775823507,269.00493169849926,0.003624816956476622,"{""type"":""MultiPoint"",""coordinates"":[]}"
20150203,2015-02-03,-0.0011114732037338156,267.54794384906296,1.4460879868554498E-4,"{""type"":""MultiPoint"",""coordinates"":[]}"
20150204,2015-02-04,-9.704713196339664E-4,267.3020054072499,2.8576609352028864E-4,"{""type"":""MultiPoint"",""coordinates"":[]}"
20150205,2015-02-05,-0.0014007598127339764,268.0058328322274,6.648367567987073E-4,"{""type"":""MultiPoint"",""coordinates"":[]}"
20150206,2015-02-06,-0.002038269012028226,268.2374756356935,2.2639682577622268E-4,"{""type"":""MultiPoint"",""coordinates"":[]}"
20150207,2015-02-07,-0.0015828844680397876,267.4483602724107,3.870873806168916E-5,"{""type"":""MultiPoint"",""coordinates"":[]}"
20150208,2015-02-08,-0.0020950454484984704,268.5536522607887,0.004056676696888317,"{""type"":""MultiPoint"",""coordinates"":[]}"
20150209,2015-02-09,-0.0012519456210835433,269.5383677050085,0.005010999716452972,"{""type"":""MultiPoint"",""coordinates"":[]}"
20150210,2015-02-10,-0.0013129615478291348,272.7727495596354,9.268142927575045E-4,"{""type"":""MultiPoint"",""coordinates"":[]}"
20150211,2015-02-11,-0.0013815546201156952,272.6012220970025,3.849407893144296E-5,"{""type"":""MultiPoint"",""coordinates"":[]}"
20150212,2015-02-12,-0.0016690978139162111,271.67823583397654,2.104469167476682E-5,"{""type"":""MultiPoint"",""coordinates"":[]}"
20150213,2015-02-13,-0.0017658084550192287,271.2995781719131,9.14000649735828E-6,"{""type"":""MultiPoint"",""coordinates"":[]}"
20150214,2015-02-14,-0.0017470373550105983,271.72244966175026,6.40255777849462E-5,"{""type"":""MultiPoint"",""coordinates"":[]}"
20150215,2015-02-15,-0.001984820184136691,272.8329690429873,9.785063709337805E-5,"{""type"":""MultiPoint"",""coordinates"":[]}"
20150216,2015-02-16,-0.002076469819221818,272.58700402119285,5.11533046301521E-6,"{""type"":""MultiPoint"",""coordinates"":[]}"
20150217,2015-02-17,-0.002055859854661931,272.02589035886314,2.6314407663120328E-5,"{""type"":""MultiPoint"",""coordinates"":[]}"
20150218,2015-02-18,-0.0015515950301426555,271.8699228377021,1.1806094446338615E-4,"{""type"":""MultiPoint"",""coordinates"":[]}"
20150219,2015-02-19,-0.00221201566354978,271.76203899334723,3.928044892786072E-6,"{""type"":""MultiPoint"",""coordinates"":[]}"
20150220,2015-02-20,-0.0026337411087402197,272.7980698255063,2.077554175752039E-6,"{""type"":""MultiPoint"",""coordinates"":[]}"
20150221,2015-02-21,-0.002516440251391462,273.4167372946063,5.558664642117916E-4,"{""type"":""MultiPoint"",""coordinates"":[]}"
20150222,2015-02-22,-0.0011996692440882145,273.36680637884206,0.0030640903233477013,"{""type"":""MultiPoint"",""coordinates"":[]}"
20150223,2015-02-23,-0.0018490762222474796,273.9197130471138,0.002020284372120312,"{""type"":""MultiPoint"",""coordinates"":[]}"
20150224,2015-02-24,-0.0012471880920005424,274.3123315151934,0.005367674675255724,"{""type"":""MultiPoint"",""coordinates"":[]}"
20150225,2015-02-25,-0.002139182486474443,273.3632476786656,0.0017924010526287175,"{""type"":""MultiPoint"",""coordinates"":[]}"
20150226,2015-02-26,-0.002396485144946379,273.0300145772323,4.579108471151097E-4,"{""type"":""MultiPoint"",""coordinates"":[]}"
20150227,2015-02-27,-0.002230488829757674,273.44511530848325,0.0020860823237922967,"{""type"":""MultiPoint"",""coordinates"":[]}"
20150228,2015-02-28,-0.0018965427447142364,273.7753871726961,0.0011380935618744452,"{""type"":""MultiPoint"",""coordinates"":[]}"
20150301,2015-03-01,-0.0012459354543628532,274.1971049303826,0.0024607525037184676,"{""type"":""MultiPoint"",""coordinates"":[]}"
20150302,2015-03-02,-0.0016144467870820402,275.78174022017936,0.011774105324714164,"{""type"":""MultiPoint"",""coordinates"":[]}"
20150303,2015-03-03,-0.0051944349273108995,274.0205832823545,7.115477591474589E-4,"{""type"":""MultiPoint"",""coordinates"":[]}"
20150304,2015-03-04,-0.0031390047284113364,273.38350946247874,0.0022212756278699804,"{""type"":""MultiPoint"",""coordinates"":[]}"
20150305,2015-03-05,-0.0026646184745389998,272.26450262105385,0.003116566586408701,"{""type"":""MultiPoint"",""coordinates"":[]}"
20150306,2015-03-06,-0.0027067847916101575,272.7009169175113,8.299099863013087E-4,"{""type"":""MultiPoint"",""coordinates"":[]}"
20150307,2015-03-07,-0.003141889168822818,274.39306335541295,5.542969306613069E-5,"{""type"":""MultiPoint"",""coordinates"":[]}"
20150308,2015-03-08,-0.004352885092362914,275.4571006502824,1.3321037270677226E-6,"{""type"":""MultiPoint"",""coordinates"":[]}"
20150309,2015-03-09,-0.0035683720424518586,275.7824715120167,6.657989699748726E-6,"{""type"":""MultiPoint"",""coordinates"":[]}"
20150310,2015-03-10,-0.004046871707806349,276.5900166201594,1.751888773923224E-4,"{""type"":""MultiPoint"",""coordinates"":[]}"
20150311,2015-03-11,-0.002488521499957566,275.1453122529419,0.004534062641413813,"{""type"":""MultiPoint"",""coordinates"":[]}"
20150312,2015-03-12,-0.0035301758901185635,273.99381915554045,6.70075940722686E-4,"{""type"":""MultiPoint"",""coordinates"":[]}"
20150313,2015-03-13,-0.003459338643904633,273.92817238223955,3.1118604493049625E-4,"{""type"":""MultiPoint"",""coordinates"":[]}"
20150314,2015-03-14,-0.0030603025771634954,274.1744844797042,0.0012346427463830224,"{""type"":""MultiPoint"",""coordinates"":[]}"
20150315,2015-03-15,-0.004643203037446431,275.7973804957884,7.147038074979765E-4,"{""type"":""MultiPoint"",""coordinates"":[]}"
20150316,2015-03-16,-0.005141507627834995,278.0057755185257,1.8901641543166844E-4,"{""type"":""MultiPoint"",""coordinates"":[]}"
20150317,2015-03-17,-0.005308662713327773,279.34466588039123,5.681901686576649E-5,"{""type"":""MultiPoint"",""coordinates"":[]}"
20150318,2015-03-18,-0.005072453030527022,278.38671385991375,4.8833540943332986E-5,"{""type"":""MultiPoint"",""coordinates"":[]}"
20150319,2015-03-19,-0.005004825916867971,277.26730271158084,2.19097683531568E-5,"{""type"":""MultiPoint"",""coordinates"":[]}"
20150320,2015-03-20,-0.005426068825709214,276.8783673926655,1.352900806074445E-6,"{""type"":""MultiPoint"",""coordinates"":[]}"
20150321,2015-03-21,-0.0038619458975607014,277.21912195407054,0.002902707845869738,"{""type"":""MultiPoint"",""coordinates"":[]}"
20150322,2015-03-22,-0.0035356650049562367,275.91802110495786,0.002323504164825691,"{""type"":""MultiPoint"",""coordinates"":[]}"
20150323,2015-03-23,-0.004364164476483727,276.22289717952606,4.537498161762785E-6,"{""type"":""MultiPoint"",""coordinates"":[]}"
20150324,2015-03-24,-0.004839744345777748,278.143598179608,1.2939943602718797E-4,"{""type"":""MultiPoint"",""coordinates"":[]}"
20150325,2015-03-25,-0.004895443245528335,280.02333345897773,0.0010430680382974193,"{""type"":""MultiPoint"",""coordinates"":[]}"
20150326,2015-03-26,-0.0024331783385855977,279.0917391371099,0.003939225512518519,"{""type"":""MultiPoint"",""coordinates"":[]}"
20150327,2015-03-27,-0.0037900932471534262,277.26677005367316,0.0052213999156465974,"{""type"":""MultiPoint"",""coordinates"":[]}"
20150328,2015-03-28,-0.005889599255830789,277.0716226966268,9.739446789927753E-4,"{""type"":""MultiPoint"",""coordinates"":[]}"
20150329,2015-03-29,-0.003087397673949015,279.015434978687,0.006640330631910827,"{""type"":""MultiPoint"",""coordinates"":[]}"
20150330,2015-03-30,-0.004238479860460161,278.00111106822186,0.015083188094846505,"{""type"":""MultiPoint"",""coordinates"":[]}"
20150331,2015-03-31,-0.005726588045837908,278.2873849187697,0.009065262924231666,"{""type"":""MultiPoint"",""coordinates"":[]}"
20150401,2015-04-01,-0.005596146631740111,274.65361954320696,0.007918948744884644,"{""type"":""MultiPoint"",""coordinates"":[]}"
20150402,2015-04-02,-0.002741906455873866,273.6689849143164,0.011838041362604334,"{""type"":""MultiPoint"",""coordinates"":[]}"
20150403,2015-04-03,-0.005889120449760446,274.3137633287069,8.817468256559034E-4,"{""type"":""MultiPoint"",""coordinates"":[]}"
20150404,2015-04-04,-0.0024549481467664993,274.0684921032356,0.004541599292196758,"{""type"":""MultiPoint"",""coordinates"":[]}"
20150405,2015-04-05,-0.004875179935403445,273.5509118321819,0.0015956683875018463,"{""type"":""MultiPoint"",""coordinates"":[]}"
20150406,2015-04-06,-0.0037828856447348386,272.91263751011485,0.0038591897758395704,"{""type"":""MultiPoint"",""coordinates"":[]}"
20150407,2015-04-07,-0.00517370410390058,274.1294388895445,4.887711875586503E-4,"{""type"":""MultiPoint"",""coordinates"":[]}"
20150408,2015-04-08,-0.005247116893496017,276.98495333641677,6.506726545659949E-4,"{""type"":""MultiPoint"",""coordinates"":[]}"
20150409,2015-04-09,-0.006111477263525761,280.069206853289,1.1272139917039048E-5,"{""type"":""MultiPoint"",""coordinates"":[]}"
20150410,2015-04-10,-0.006802671381118785,282.22980927379905,4.808277798213787E-6,"{""type"":""MultiPoint"",""coordinates"":[]}"
20150411,2015-04-11,-0.0064123368981486495,282.3615836483158,9.039328217967672E-4,"{""type"":""MultiPoint"",""coordinates"":[]}"
20150412,2015-04-12,-0.005861866937469954,282.53942067109296,4.0015354881456225E-4,"{""type"":""MultiPoint"",""coordinates"":[]}"
20150413,2015-04-13,-0.007357611214185278,281.8194598262171,0.001172954697204916,"{""type"":""MultiPoint"",""coordinates"":[]}"
20150414,2015-04-14,-0.007597477615466553,281.5716990462601,4.993286391794758E-4,"{""type"":""MultiPoint"",""coordinates"":[]}"
20150415,2015-04-15,-0.009056099678516023,284.8336762781152,9.555919678181614E-7,"{""type"":""MultiPoint"",""coordinates"":[]}"
20150416,2015-04-16,-0.008414012089310145,285.73076759948475,1.402617552237006E-4,"{""type"":""MultiPoint"",""coordinates"":[]}"
20150417,2015-04-17,-0.00379389485569446,282.44231001454483,0.011568069327265161,"{""type"":""MultiPoint"",""coordinates"":[]}"
20150418,2015-04-18,-0.006311549590363584,277.75623329371297,0.0018949041316301022,"{""type"":""MultiPoint"",""coordinates"":[]}"
20150419,2015-04-19,-0.007749469177258085,278.36831369023474,1.706575859915891E-5,"{""type"":""MultiPoint"",""coordinates"":[]}"
20150420,2015-04-20,-0.008734614358984288,280.64967854518375,1.8146773322034451E-6,"{""type"":""MultiPoint"",""coordinates"":[]}"
20150421,2015-04-21,-0.009667267231712398,282.38164044257286,1.5808571862609653E-5,"{""type"":""MultiPoint"",""coordinates"":[]}"
20150422,2015-04-22,-0.009043014986873555,282.5422846822206,6.742987964795928E-4,"{""type"":""MultiPoint"",""coordinates"":[]}"
20150423,2015-04-23,-0.005572685190602921,280.49802383677377,0.003994596413399267,"{""type"":""MultiPoint"",""coordinates"":[]}"
20150424,2015-04-24,-0.007392767491078395,282.0896712980769,2.9129343418174837E-4,"{""type"":""MultiPoint"",""coordinates"":[]}"
20150425,2015-04-25,-0.006952410377730724,284.3177742904378,0.0011836317823801944,"{""type"":""MultiPoint"",""coordinates"":[]}"
20150426,2015-04-26,-0.005951884168391224,285.43780329410873,0.0029311913146655246,"{""type"":""MultiPoint"",""coordinates"":[]}"
20150427,2015-04-27,-0.007553849544843965,285.8483465388026,0.002569455713500144,"{""type"":""MultiPoint"",""coordinates"":[]}"
20150428,2015-04-28,-0.0029891444241345344,280.06833438272776,0.01059049954582676,"{""type"":""MultiPoint"",""coordinates"":[]}"
20150429,2015-04-29,-0.008041569308986739,280.0230391166918,8.19259998004118E-5,"{""type"":""MultiPoint"",""coordinates"":[]}"
20150430,2015-04-30,-0.005016211086303687,280.8123373624306,0.0036292224990505935,"{""type"":""MultiPoint"",""coordinates"":[]}"
20150501,2015-05-01,-0.0020482581373285676,280.7457643090943,0.011710345149602498,"{""type"":""MultiPoint"",""coordinates"":[]}"
20150502,2015-05-02,-0.003115408705793734,282.05328662625055,0.005640917713928689,"{""type"":""MultiPoint"",""coordinates"":[]}"
20150503,2015-05-03,-0.0015835734523947217,283.2500195744822,0.007882449281584557,"{""type"":""MultiPoint"",""coordinates"":[]}"
20150504,2015-05-04,-0.004214198299406882,287.1865545067926,0.001997655459375387,"{""type"":""MultiPoint"",""coordinates"":[]}"
20150505,2015-05-05,-0.00746539458371438,289.77876122972117,0.002858525539160229,"{""type"":""MultiPoint"",""coordinates"":[]}"
20150506,2015-05-06,-0.0028514001906710003,284.97506973962373,0.011788655075619629,"{""type"":""MultiPoint"",""coordinates"":[]}"
20150507,2015-05-07,-0.007536358664696957,284.0494558624422,4.575286615563036E-4,"{""type"":""MultiPoint"",""coordinates"":[]}"
20150508,2015-05-08,-0.007189682277553739,285.915673233349,0.0017207160490776488,"{""type"":""MultiPoint"",""coordinates"":[]}"
20150509,2015-05-09,-0.005071234665351926,285.4970969436283,0.004684020630680004,"{""type"":""MultiPoint"",""coordinates"":[]}"
20150510,2015-05-10,-0.00836993227737125,284.8897200752175,0.0013011131517608552,"{""type"":""MultiPoint"",""coordinates"":[]}"
20150511,2015-05-11,-0.009604857124457555,285.81868821049557,3.02738710770162E-6,"{""type"":""MultiPoint"",""coordinates"":[]}"
20150512,2015-05-12,-0.01038295125190995,288.9117473802517,4.738790569655712E-5,"{""type"":""MultiPoint"",""coordinates"":[]}"
20150513,2015-05-13,-0.007704843877818187,288.2617066624976,0.0026321748518852617,"{""type"":""MultiPoint"",""coordinates"":[]}"
20150514,2015-05-14,-0.0067211957629315635,286.109802552023,0.00845412276539032,"{""type"":""MultiPoint"",""coordinates"":[]}"
20150515,2015-05-15,-0.003179068783579779,284.04286073912067,0.0071974550843823025,"{""type"":""MultiPoint"",""coordinates"":[]}"
20150516,2015-05-16,-0.007187276989061844,286.0066446524898,4.658064371535002E-4,"{""type"":""MultiPoint"",""coordinates"":[]}"
20150517,2015-05-17,-0.006092221607102168,284.9626003673248,7.619629085920291E-4,"{""type"":""MultiPoint"",""coordinates"":[]}"
20150518,2015-05-18,-0.008401274036550853,287.0674702711785,3.668920010820785E-4,"{""type"":""MultiPoint"",""coordinates"":[]}"
20150519,2015-05-19,-0.0038179098241967976,285.7394223657237,0.010346747438081394,"{""type"":""MultiPoint"",""coordinates"":[]}"
20150520,2015-05-20,-0.0022241035952871562,281.60618668828687,0.01684253042962614,"{""type"":""MultiPoint"",""coordinates"":[]}"
20150521,2015-05-21,-0.0035289805707404195,280.9692364071079,0.0057082944398163275,"{""type"":""MultiPoint"",""coordinates"":[]}"
20150522,2015-05-22,-0.0052476132253415995,282.38210433718575,0.004883052247377072,"{""type"":""MultiPoint"",""coordinates"":[]}"
20150523,2015-05-23,-0.003085772629076394,282.157589485322,0.012605202690101675,"{""type"":""MultiPoint"",""coordinates"":[]}"
20150524,2015-05-24,-0.0033349151063215843,283.06732784822424,0.004086709575512097,"{""type"":""MultiPoint"",""coordinates"":[]}"
20150525,2015-05-25,-0.005246214636624399,284.74474624722234,0.0038430156493083107,"{""type"":""MultiPoint"",""coordinates"":[]}"
20150526,2015-05-26,-0.00433672980758794,283.26423101141205,0.00795752086925505,"{""type"":""MultiPoint"",""coordinates"":[]}"
20150527,2015-05-27,-0.00688862060370729,281.67037534619806,0.0022716809403640586,"{""type"":""MultiPoint"",""coordinates"":[]}"
20150528,2015-05-28,-0.009120338167824503,283.84474252588853,4.331770923496091E-5,"{""type"":""MultiPoint"",""coordinates"":[]}"
20150529,2015-05-29,-0.008816160565406512,286.6826987426438,0.0014872752420851051,"{""type"":""MultiPoint"",""coordinates"":[]}"
20150530,2015-05-30,-0.006809856456813345,285.97088914976365,0.004064798340790017,"{""type"":""MultiPoint"",""coordinates"":[]}"
20150531,2015-05-31,-0.007248853008781103,287.0674926426536,7.89933817415805E-4,"{""type"":""MultiPoint"",""coordinates"":[]}"
20150601,2015-06-01,-0.007677501313848533,289.0786519250338,0.0028399965190392634,"{""type"":""MultiPoint"",""coordinates"":[]}"
20150602,2015-06-02,-0.00893402144169016,290.2139931012366,4.805296395452976E-4,"{""type"":""MultiPoint"",""coordinates"":[]}"
20150603,2015-06-03,-0.010268704685681631,292.1320063529671,4.357757162749915E-4,"{""type"":""MultiPoint"",""coordinates"":[]}"
20150604,2015-06-04,-0.010304404125181748,291.5455516456275,5.806377300466512E-4,"{""type"":""MultiPoint"",""coordinates"":[]}"
20150605,2015-06-05,-0.010775217282288163,292.1237874108008,2.8423603846544767E-4,"{""type"":""MultiPoint"",""coordinates"":[]}"
20150606,2015-06-06,-0.009429500457539304,293.2690348243868,0.002431278748398385,"{""type"":""MultiPoint"",""coordinates"":[]}"
20150607,2015-06-07,-0.008549144737093102,292.8404207487961,0.003958191498060059,"{""type"":""MultiPoint"",""coordinates"":[]}"
20150608,2015-06-08,-0.006037958698831797,289.65124803905877,0.010798038259038542,"{""type"":""MultiPoint"",""coordinates"":[]}"
20150609,2015-06-09,-0.004584659523348702,286.4754956074852,0.004149251967458751,"{""type"":""MultiPoint"",""coordinates"":[]}"
20150610,2015-06-10,-0.007921701606968794,288.28111103087525,6.639768403494263E-4,"{""type"":""MultiPoint"",""coordinates"":[]}"
20150611,2015-06-11,-0.007432690790705652,290.233079104195,0.001415298502527184,"{""type"":""MultiPoint"",""coordinates"":[]}"
20150612,2015-06-12,-0.010199985071001198,292.94520181528185,0.0011846287193873696,"{""type"":""MultiPoint"",""coordinates"":[]}"
20150613,2015-06-13,-0.008002792297317565,292.36587616859214,0.0034539977589568265,"{""type"":""MultiPoint"",""coordinates"":[]}"
20150614,2015-06-14,-0.007215353256840558,291.5984126233362,0.0050684315031467855,"{""type"":""MultiPoint"",""coordinates"":[]}"
20150615,2015-06-15,-0.003224774125812405,288.2546431733972,0.012426648531747513,"{""type"":""MultiPoint"",""coordinates"":[]}"
20150616,2015-06-16,-0.005636252545611728,286.98326820105547,0.0031648849640182144,"{""type"":""MultiPoint"",""coordinates"":[]}"
20150617,2015-06-17,-0.007060035965672209,285.6772626257588,9.733655708428597E-4,"{""type"":""MultiPoint"",""coordinates"":[]}"
20150618,2015-06-18,-0.004897259731457023,286.2837604634522,0.005545976696315585,"{""type"":""MultiPoint"",""coordinates"":[]}"
20150619,2015-06-19,-0.005986996893451192,285.29974077336095,0.007014113873567961,"{""type"":""MultiPoint"",""coordinates"":[]}"
20150620,2015-06-20,-0.0049729225724069815,283.2845743468391,0.008800297515344122,"{""type"":""MultiPoint"",""coordinates"":[]}"
20150621,2015-06-21,-0.005808631311932327,284.4844131180098,0.0027281176594700783,"{""type"":""MultiPoint"",""coordinates"":[]}"
20150622,2015-06-22,-0.006515706542004685,286.59326444657563,0.005089704160461738,"{""type"":""MultiPoint"",""coordinates"":[]}"
20150623,2015-06-23,-0.0067172266534824545,284.7366309165083,0.008801490136385292,"{""type"":""MultiPoint"",""coordinates"":[]}"
20150624,2015-06-24,-0.00750875617611606,285.1367307859831,8.569675650364091E-4,"{""type"":""MultiPoint"",""coordinates"":[]}"
20150625,2015-06-25,-0.008830927948038069,287.1772981023906,9.40215727774877E-5,"{""type"":""MultiPoint"",""coordinates"":[]}"
20150626,2015-06-26,-0.00957503617235248,289.40587172832187,8.190725856614374E-5,"{""type"":""MultiPoint"",""coordinates"":[]}"
20150627,2015-06-27,-0.005986410319994548,289.361220403941,0.007199137200828651,"{""type"":""MultiPoint"",""coordinates"":[]}"
20150628,2015-06-28,-0.008031562592892446,288.71159881042865,0.00248726953382486,"{""type"":""MultiPoint"",""coordinates"":[]}"
20150629,2015-06-29,-0.0080121220047595,289.83626221920946,7.609818244020829E-4,"{""type"":""MultiPoint"",""coordinates"":[]}"
20150630,2015-06-30,-0.010037800463605698,292.0289160541516,1.1712367407841807E-4,"{""type"":""MultiPoint"",""coordinates"":[]}"
20150701,2015-07-01,-0.011896556403532347,293.6452683094756,2.8991460380605902E-5,"{""type"":""MultiPoint"",""coordinates"":[]}"
20150702,2015-07-02,-0.011973023749491014,294.56551095459787,2.64746917261696E-4,"{""type"":""MultiPoint"",""coordinates"":[]}"
20150703,2015-07-03,-0.011441826735460426,295.4103349979867,5.426756948425478E-4,"{""type"":""MultiPoint"",""coordinates"":[]}"
20150704,2015-07-04,-0.012850797475971069,296.7660736251216,3.2380443303965374E-4,"{""type"":""MultiPoint"",""coordinates"":[]}"
20150705,2015-07-05,-0.013970797860058356,297.9620427001375,1.0999108716234273E-4,"{""type"":""MultiPoint"",""coordinates"":[]}"
20150706,2015-07-06,-0.010934125659143762,296.05436669143074,0.0011356982056445891,"{""type"":""MultiPoint"",""coordinates"":[]}"
20150707,2015-07-07,-0.011779545396515182,297.448291744043,7.60255966334735E-4,"{""type"":""MultiPoint"",""coordinates"":[]}"
20150708,2015-07-08,-0.0071134465722948684,291.9775796666901,0.010916813596831571,"{""type"":""MultiPoint"",""coordinates"":[]}"
20150709,2015-07-09,-0.010551089103142492,288.0577929951304,0.002216035244519095,"{""type"":""MultiPoint"",""coordinates"":[]}"
20150710,2015-07-10,-0.012149161297738168,288.25238821629745,3.090647694170584E-5,"{""type"":""MultiPoint"",""coordinates"":[]}"
20150711,2015-07-11,-0.011832278551305593,291.2185956321246,2.5548004813952767E-4,"{""type"":""MultiPoint"",""coordinates"":[]}"
20150712,2015-07-12,-0.012717907425181755,293.4909571642176,4.1206324482628116E-4,"{""type"":""MultiPoint"",""coordinates"":[]}"
20150713,2015-07-13,-0.007379199145423092,290.01210201407247,0.0018971252206637825,"{""type"":""MultiPoint"",""coordinates"":[]}"
20150714,2015-07-14,-0.00814242842997821,291.43586385039464,0.002717967242535375,"{""type"":""MultiPoint"",""coordinates"":[]}"
20150715,2015-07-15,-0.009431134426147559,292.72826451842496,5.092868124381149E-4,"{""type"":""MultiPoint"",""coordinates"":[]}"
20150716,2015-07-16,-0.009437591791405239,294.7711148464768,6.520139467525592E-4,"{""type"":""MultiPoint"",""coordinates"":[]}"
20150717,2015-07-17,-0.012443550412056121,297.16722341352636,4.969404456780143E-4,"{""type"":""MultiPoint"",""coordinates"":[]}"
20150718,2015-07-18,-0.010794544594210441,296.07003141333365,0.0029624628613907,"{""type"":""MultiPoint"",""coordinates"":[]}"
20150719,2015-07-19,-0.010716692985432812,295.8307666729117,0.0033371307525203527,"{""type"":""MultiPoint"",""coordinates"":[]}"
20150720,2015-07-20,-0.009464388919960615,294.5660252946747,0.0010209506680132906,"{""type"":""MultiPoint"",""coordinates"":[]}"
20150721,2015-07-21,-0.010296154284473634,296.3808722547431,6.66677491051896E-4,"{""type"":""MultiPoint"",""coordinates"":[]}"
20150722,2015-07-22,-0.01187463727705702,297.82707883539086,0.0023005722323538695,"{""type"":""MultiPoint"",""coordinates"":[]}"
20150723,2015-07-23,-0.007032136213192522,294.35476538802635,0.006186832676114656,"{""type"":""MultiPoint"",""coordinates"":[]}"
20150724,2015-07-24,-0.008994611101589103,295.1581796992421,0.0016567990262815694,"{""type"":""MultiPoint"",""coordinates"":[]}"
20150725,2015-07-25,-0.009759884668881608,292.7020720100572,0.00733711361211459,"{""type"":""MultiPoint"",""coordinates"":[]}"
20150726,2015-07-26,-0.011978646062723223,289.45545515412783,0.0015944530653253118,"{""type"":""MultiPoint"",""coordinates"":[]}"
20150727,2015-07-27,-0.00828944662326533,289.57217177087665,0.005873254399296303,"{""type"":""MultiPoint"",""coordinates"":[]}"
20150728,2015-07-28,-0.009021299710981728,290.09279291432847,0.001114222728483966,"{""type"":""MultiPoint"",""coordinates"":[]}"
20150729,2015-07-29,-0.005854652071822715,287.9358992033872,0.009349639987410164,"{""type"":""MultiPoint"",""coordinates"":[]}"
20150730,2015-07-30,-0.007648111843245247,287.6160912334275,0.0014826881837782945,"{""type"":""MultiPoint"",""coordinates"":[]}"
20150731,2015-07-31,-0.011111138527332743,289.0250126970883,1.4512590413093903E-4,"{""type"":""MultiPoint"",""coordinates"":[]}"
20150801,2015-08-01,-0.008911672596479422,290.43326975838346,0.0033697492580155634,"{""type"":""MultiPoint"",""coordinates"":[]}"
20150802,2015-08-02,-0.004893795012655021,290.09325221566127,0.006269931975353811,"{""type"":""MultiPoint"",""coordinates"":[]}"
20150803,2015-08-03,-0.009369065346165705,292.686128617419,1.639355162924172E-4,"{""type"":""MultiPoint"",""coordinates"":[]}"
20150804,2015-08-04,-0.010347613706198956,294.5442872787828,9.242240860176796E-4,"{""type"":""MultiPoint"",""coordinates"":[]}"
20150805,2015-08-05,-0.010247502727354665,294.85509125273546,2.169485774273955E-4,"{""type"":""MultiPoint"",""coordinates"":[]}"
20150806,2015-08-06,-0.010924926902877883,297.0272594737279,4.6593768893099695E-5,"{""type"":""MultiPoint"",""coordinates"":[]}"
20150807,2015-08-07,-0.0116344196131958,298.091380192475,3.665264823958268E-4,"{""type"":""MultiPoint"",""coordinates"":[]}"
20150808,2015-08-08,-0.01204711740460971,298.0845214319164,0.00136675516545289,"{""type"":""MultiPoint"",""coordinates"":[]}"
20150809,2015-08-09,-0.011428371380675236,297.2469393039672,0.0014588340120916849,"{""type"":""MultiPoint"",""coordinates"":[]}"
20150810,2015-08-10,-0.011252894718177843,296.4460307122587,5.749293953685912E-4,"{""type"":""MultiPoint"",""coordinates"":[]}"
20150811,2015-08-11,-0.00955746981055676,296.19712877394096,6.125783417787104E-4,"{""type"":""MultiPoint"",""coordinates"":[]}"
20150812,2015-08-12,-0.011746743756621752,297.1452361688241,5.671403593769294E-4,"{""type"":""MultiPoint"",""coordinates"":[]}"
20150813,2015-08-13,-0.014110428517103837,297.85992718480975,1.7897181307696575E-4,"{""type"":""MultiPoint"",""coordinates"":[]}"
20150814,2015-08-14,-0.012521817872271076,296.747212627336,0.002820396232205178,"{""type"":""MultiPoint"",""coordinates"":[]}"
20150815,2015-08-15,-0.008118602432646845,293.61844147694785,0.0069030625578232335,"{""type"":""MultiPoint"",""coordinates"":[]}"
20150816,2015-08-16,-0.0035421280015868794,290.02633512204375,0.010572738002767439,"{""type"":""MultiPoint"",""coordinates"":[]}"
20150817,2015-08-17,-0.002428449620514143,287.8189097410541,0.01422219399186691,"{""type"":""MultiPoint"",""coordinates"":[]}"
20150818,2015-08-18,-0.005294011959730374,287.89605462755094,0.007938072725318261,"{""type"":""MultiPoint"",""coordinates"":[]}"
20150819,2015-08-19,-0.0034885657593363754,287.46405281330277,0.00611351275612986,"{""type"":""MultiPoint"",""coordinates"":[]}"
20150820,2015-08-20,-0.004308632562085401,287.436032502023,0.004818820210034908,"{""type"":""MultiPoint"",""coordinates"":[]}"
20150821,2015-08-21,-0.006565739486381512,288.2467108451167,0.001254322910920805,"{""type"":""MultiPoint"",""coordinates"":[]}"
20150822,2015-08-22,-0.009090492823371465,288.857720452467,1.9419425004752123E-4,"{""type"":""MultiPoint"",""coordinates"":[]}"
20150823,2015-08-23,-0.008877186988742092,289.75329213335283,0.0014910884336036294,"{""type"":""MultiPoint"",""coordinates"":[]}"
20150824,2015-08-24,-0.008241804798472127,291.17726443144045,0.004409334719346709,"{""type"":""MultiPoint"",""coordinates"":[]}"
20150825,2015-08-25,-0.0063071216637334525,288.2482842999638,0.0034699496947145276,"{""type"":""MultiPoint"",""coordinates"":[]}"
20150826,2015-08-26,-0.009357478605437682,289.9494646219768,2.1449937888494734E-6,"{""type"":""MultiPoint"",""coordinates"":[]}"
20150827,2015-08-27,-0.009821455470273074,292.8836884344658,1.5940554138460312E-6,"{""type"":""MultiPoint"",""coordinates"":[]}"
20150828,2015-08-28,-0.008865590324940444,294.46747633100523,9.182125652779885E-5,"{""type"":""MultiPoint"",""coordinates"":[]}"
20150829,2015-08-29,-0.009555233027287518,295.4108630927464,4.2255766459551224E-5,"{""type"":""MultiPoint"",""coordinates"":[]}"
20150830,2015-08-30,-0.010488352245285286,296.48901991096017,1.653986745068963E-5,"{""type"":""MultiPoint"",""coordinates"":[]}"
20150831,2015-08-31,-0.010914553990383559,296.2844089614569,1.7798095375372857E-5,"{""type"":""MultiPoint"",""coordinates"":[]}"
20150901,2015-09-01,-0.010199796451613093,294.5438516481185,0.0049980003180661444,"{""type"":""MultiPoint"",""coordinates"":[]}"
20150902,2015-09-02,-0.004060779897346489,288.2183226819411,0.0058406527360568205,"{""type"":""MultiPoint"",""coordinates"":[]}"
20150903,2015-09-03,-0.003924692872542733,287.63475083799443,0.012273600300213076,"{""type"":""MultiPoint"",""coordinates"":[]}"
20150904,2015-09-04,-0.006425872600313972,287.3099941088257,0.0038562056732123033,"{""type"":""MultiPoint"",""coordinates"":[]}"
20150905,2015-09-05,-0.004124684629501286,284.9155217799998,0.007007978159647485,"{""type"":""MultiPoint"",""coordinates"":[]}"
20150906,2015-09-06,-0.0071339090814566955,283.17578840193124,0.003338248346500555,"{""type"":""MultiPoint"",""coordinates"":[]}"
20150907,2015-09-07,-0.00567810672559232,282.8793329278542,0.0022119035209254485,"{""type"":""MultiPoint"",""coordinates"":[]}"
20150908,2015-09-08,-0.006065048578449947,284.23006549508204,7.859179696549478E-4,"{""type"":""MultiPoint"",""coordinates"":[]}"
20150909,2015-09-09,-0.005842275659297566,284.00038822735576,0.002764440860494113,"{""type"":""MultiPoint"",""coordinates"":[]}"
20150910,2015-09-10,-0.006078322741973144,283.81941753796826,0.0015308178086950233,"{""type"":""MultiPoint"",""coordinates"":[]}"
20150911,2015-09-11,-0.005961103647653603,285.3330632026216,7.592700099879018E-4,"{""type"":""MultiPoint"",""coordinates"":[]}"
20150912,2015-09-12,-0.006860837012103204,287.58878436375636,9.849173068063254E-5,"{""type"":""MultiPoint"",""coordinates"":[]}"
20150913,2015-09-13,-0.007097477589431039,289.0651245072555,4.792476215204558E-4,"{""type"":""MultiPoint"",""coordinates"":[]}"
20150914,2015-09-14,-0.0038796658431406606,287.7646848969103,0.005085460708327169,"{""type"":""MultiPoint"",""coordinates"":[]}"
20150915,2015-09-15,-0.004664044532646851,287.33770343204105,0.0015472307002023181,"{""type"":""MultiPoint"",""coordinates"":[]}"
20150916,2015-09-16,-0.006606049754070591,290.1468754231928,2.092865311000577E-4,"{""type"":""MultiPoint"",""coordinates"":[]}"
20150917,2015-09-17,-0.008219459091421466,290.6514405188955,0.0025123087238575945,"{""type"":""MultiPoint"",""coordinates"":[]}"
20150918,2015-09-18,-0.004034273866799827,286.81451807252284,0.0028138628698031157,"{""type"":""MultiPoint"",""coordinates"":[]}"
20150919,2015-09-19,-0.003932358392970235,286.0084896510387,0.0025293607859746894,"{""type"":""MultiPoint"",""coordinates"":[]}"
20150920,2015-09-20,-0.005239081719049467,284.7157259001339,0.001752628802365237,"{""type"":""MultiPoint"",""coordinates"":[]}"
20150921,2015-09-21,-0.005962100791509948,284.34672434488414,9.540040610730246E-5,"{""type"":""MultiPoint"",""coordinates"":[]}"
20150922,2015-09-22,-0.005446538771072156,285.10261134120213,0.0016408234234664336,"{""type"":""MultiPoint"",""coordinates"":[]}"
20150923,2015-09-23,-0.0025788920015017624,282.708762778258,0.011032331088991461,"{""type"":""MultiPoint"",""coordinates"":[]}"
20150924,2015-09-24,-0.003459886372929755,283.18355908443226,0.001815998223667033,"{""type"":""MultiPoint"",""coordinates"":[]}"
20150925,2015-09-25,-0.0037266569595647498,284.4028732671319,0.001746266711847777,"{""type"":""MultiPoint"",""coordinates"":[]}"
20150926,2015-09-26,-0.0037330961343491256,284.33596866101743,0.001757749851972902,"{""type"":""MultiPoint"",""coordinates"":[]}"
20150927,2015-09-27,-0.006016605897112193,283.39235250347633,2.5826874456079776E-4,"{""type"":""MultiPoint"",""coordinates"":[]}"
20150928,2015-09-28,-0.006700288930518713,282.4648828815145,2.3189751112112744E-4,"{""type"":""MultiPoint"",""coordinates"":[]}"
20150929,2015-09-29,-0.007104490643282582,282.13115291326454,1.3785754152019226E-4,"{""type"":""MultiPoint"",""coordinates"":[]}"
20150930,2015-09-30,-0.007213036741087422,281.3374930944871,1.619604988523258E-4,"{""type"":""MultiPoint"",""coordinates"":[]}"
20151001,2015-10-01,-0.006751119802237054,281.53303546567804,1.1583739998441656E-5,"{""type"":""MultiPoint"",""coordinates"":[]}"
20151002,2015-10-02,-0.005981312075596709,283.5909241544383,4.547325721646912E-5,"{""type"":""MultiPoint"",""coordinates"":[]}"
20151003,2015-10-03,-0.00496495878297654,285.64325967428204,2.588200852619617E-4,"{""type"":""MultiPoint"",""coordinates"":[]}"
20151004,2015-10-04,-0.0020394469803741043,283.95113743214364,0.005857904247298422,"{""type"":""MultiPoint"",""coordinates"":[]}"
20151005,2015-10-05,-0.004695839445633581,284.43372203214824,0.0010888160164554644,"{""type"":""MultiPoint"",""coordinates"":[]}"
20151006,2015-10-06,-0.0027342301968576108,285.7843078210021,0.004197653937045281,"{""type"":""MultiPoint"",""coordinates"":[]}"
20151007,2015-10-07,-8.740574756110364E-4,284.6603015549281,0.013991913033209515,"{""type"":""MultiPoint"",""coordinates"":[]}"
20151008,2015-10-08,-0.0020766107666130205,283.7520117494157,0.004612317352704157,"{""type"":""MultiPoint"",""coordinates"":[]}"
20151009,2015-10-09,-0.0029173959387427026,283.3605922743168,0.001186443793750955,"{""type"":""MultiPoint"",""coordinates"":[]}"
20151010,2015-10-10,-0.002978904920774293,281.8949353081261,0.0012491033157561117,"{""type"":""MultiPoint"",""coordinates"":[]}"
20151011,2015-10-11,-0.003902410930137269,279.3456783634736,0.0019667192549445056,"{""type"":""MultiPoint"",""coordinates"":[]}"
20151012,2015-10-12,-0.00448430209138469,278.09084415389384,7.042239313123657E-5,"{""type"":""MultiPoint"",""coordinates"":[]}"
20151013,2015-10-13,-0.002250115212811442,278.8502731375137,0.004952711666288438,"{""type"":""MultiPoint"",""coordinates"":[]}"
20151014,2015-10-14,-0.001610961026518479,278.47675534816096,0.012424723148967448,"{""type"":""MultiPoint"",""coordinates"":[]}"
20151015,2015-10-15,-0.0012181749010429868,278.88345883051693,0.00919760709912791,"{""type"":""MultiPoint"",""coordinates"":[]}"
20151016,2015-10-16,-0.0011472204566330539,278.22221412729925,0.006568783646171394,"{""type"":""MultiPoint"",""coordinates"":[]}"
20151017,2015-10-17,-0.0026271386031927785,278.022512925271,6.808551728116673E-4,"{""type"":""MultiPoint"",""coordinates"":[]}"
20151018,2015-10-18,-0.001914895320484688,278.41054598168654,0.0027131072060429333,"{""type"":""MultiPoint"",""coordinates"":[]}"
20151019,2015-10-19,-0.0014201050162827964,278.00151854321103,0.007019970237076789,"{""type"":""MultiPoint"",""coordinates"":[]}"
20151020,2015-10-20,-0.0025975204640876167,277.5705410001569,0.0018217129394899135,"{""type"":""MultiPoint"",""coordinates"":[]}"
20151021,2015-10-21,-0.002136901140083048,278.5850269171367,8.568729078727037E-4,"{""type"":""MultiPoint"",""coordinates"":[]}"
20151022,2015-10-22,-0.0029229400433570434,279.06385454223783,4.265858234593247E-4,"{""type"":""MultiPoint"",""coordinates"":[]}"
20151023,2015-10-23,-0.0016527790436492156,280.52372155169854,9.670950059489148E-4,"{""type"":""MultiPoint"",""coordinates"":[]}"
20151024,2015-10-24,-0.002815881364597872,280.040450736265,9.436363929034089E-6,"{""type"":""MultiPoint"",""coordinates"":[]}"
20151025,2015-10-25,-0.002766985738386099,281.6673176937921,2.1200700700297267E-4,"{""type"":""MultiPoint"",""coordinates"":[]}"
20151026,2015-10-26,-0.0027632533497923416,281.4195360314258,2.5852440971558608E-5,"{""type"":""MultiPoint"",""coordinates"":[]}"
20151027,2015-10-27,-0.0029573080595681435,280.57948636589634,2.539675674672241E-5,"{""type"":""MultiPoint"",""coordinates"":[]}"
20151028,2015-10-28,-0.0025379281198570714,280.4752462562023,3.3615788829617497E-4,"{""type"":""MultiPoint"",""coordinates"":[]}"
20151029,2015-10-29,-0.0011462004602653282,280.38663556835814,0.001990980651718295,"{""type"":""MultiPoint"",""coordinates"":[]}"
20151030,2015-10-30,-0.002130329278057595,280.96700593672773,3.670164336696646E-5,"{""type"":""MultiPoint"",""coordinates"":[]}"
20151031,2015-10-31,-0.0034897891280442697,280.73671944041587,6.930644607612818E-6,"{""type"":""MultiPoint"",""coordinates"":[]}"
20151101,2015-11-01,-0.0038088706780094114,279.3076220733151,2.4369274758884373E-6,"{""type"":""MultiPoint"",""coordinates"":[]}"
20151102,2015-11-02,-0.0027588588888426448,277.8036169981981,1.764841715729341E-6,"{""type"":""MultiPoint"",""coordinates"":[]}"
20151103,2015-11-03,-0.0024700792458401564,277.6148875152695,5.45809799517423E-5,"{""type"":""MultiPoint"",""coordinates"":[]}"
20151104,2015-11-04,-0.002297082905326879,279.2286754418722,1.0945684849175325E-4,"{""type"":""MultiPoint"",""coordinates"":[]}"
20151105,2015-11-05,-0.0022016235469364772,279.7961260575463,4.55107993978594E-5,"{""type"":""MultiPoint"",""coordinates"":[]}"
20151106,2015-11-06,-0.002257210641944627,280.69826764283795,2.1292084239559822E-5,"{""type"":""MultiPoint"",""coordinates"":[]}"
20151107,2015-11-07,-8.744389975224311E-4,282.8941791637108,0.0013201441124022543,"{""type"":""MultiPoint"",""coordinates"":[]}"
20151108,2015-11-08,-0.0018059565010553722,284.1207976900198,3.668997078136179E-5,"{""type"":""MultiPoint"",""coordinates"":[]}"
20151109,2015-11-09,-0.0033808989536552557,284.2162887101709,4.2125922275647104E-4,"{""type"":""MultiPoint"",""coordinates"":[]}"
20151110,2015-11-10,-0.005186220742426411,284.8025633412963,4.1374664471266896E-5,"{""type"":""MultiPoint"",""coordinates"":[]}"
20151111,2015-11-11,-0.002711394022875273,283.13805230720516,2.1717677498584722E-4,"{""type"":""MultiPoint"",""coordinates"":[]}"
20151112,2015-11-12,-0.002207528378831519,280.081909668177,1.1409032209040118E-5,"{""type"":""MultiPoint"",""coordinates"":[]}"
20151113,2015-11-13,-0.002207605919820395,280.2112371334357,1.6954171067877597E-4,"{""type"":""MultiPoint"",""coordinates"":[]}"
20151114,2015-11-14,-0.0036953826893636084,279.4993136764643,0.001764553482589634,"{""type"":""MultiPoint"",""coordinates"":[]}"
20151115,2015-11-15,-0.004937771459960456,281.69878682944585,0.004877598048348293,"{""type"":""MultiPoint"",""coordinates"":[]}"
20151116,2015-11-16,-0.0035679723521268546,282.6079929903946,3.5703133183137743E-4,"{""type"":""MultiPoint"",""coordinates"":[]}"
20151117,2015-11-17,-0.0029547353119787198,281.6814580198118,0.0013410534812997893,"{""type"":""MultiPoint"",""coordinates"":[]}"
20151118,2015-11-18,-0.005302156849659811,283.03080232138376,7.22881223584098E-4,"{""type"":""MultiPoint"",""coordinates"":[]}"
20151119,2015-11-19,-0.004872963417355973,282.3489126954945,0.0013333880331792523,"{""type"":""MultiPoint"",""coordinates"":[]}"
20151120,2015-11-20,-0.0021572546169428167,280.1879934874571,0.027849059669598074,"{""type"":""MultiPoint"",""coordinates"":[]}"
20151121,2015-11-21,-0.0013746928836532784,274.54978482847326,0.005828443016615927,"{""type"":""MultiPoint"",""coordinates"":[]}"
20151122,2015-11-22,-0.0015357033539013102,271.99253201844664,0.0029226454035983845,"{""type"":""MultiPoint"",""coordinates"":[]}"
20151123,2015-11-23,-0.001856641507061901,270.76763746686106,5.42228953972035E-4,"{""type"":""MultiPoint"",""coordinates"":[]}"
20151124,2015-11-24,-0.001509761157912172,270.22489973217375,3.073058854974129E-5,"{""type"":""MultiPoint"",""coordinates"":[]}"
20151125,2015-11-25,-0.0011319181301049166,271.7437063477933,0.0018564181258183907,"{""type"":""MultiPoint"",""coordinates"":[]}"
20151126,2015-11-26,-6.378221479402048E-4,272.3686026489073,0.0033825632034985348,"{""type"":""MultiPoint"",""coordinates"":[]}"
20151127,2015-11-27,-9.59029005317914E-4,272.013456918623,4.4051577380983093E-4,"{""type"":""MultiPoint"",""coordinates"":[]}"
20151128,2015-11-28,-0.0012350419187979159,271.78447908524794,0.0022260506833723078,"{""type"":""MultiPoint"",""coordinates"":[]}"
20151129,2015-11-29,-0.002163931476581935,274.5103907105631,0.0033191060962200884,"{""type"":""MultiPoint"",""coordinates"":[]}"
20151130,2015-11-30,-0.0034979617466721477,278.2242090191513,0.006416759522989601,"{""type"":""MultiPoint"",""coordinates"":[]}"
20151201,2015-12-01,-0.001936858776648893,278.6775120366147,0.01104003118678157,"{""type"":""MultiPoint"",""coordinates"":[]}"
20151202,2015-12-02,-7.607003318383823E-4,278.41524073495907,8.133435355304783E-4,"{""type"":""MultiPoint"",""coordinates"":[]}"
20151203,2015-12-03,-8.046915656041244E-4,275.81634781543215,1.0575940432753308E-5,"{""type"":""MultiPoint"",""coordinates"":[]}"
20151204,2015-12-04,-0.0012301263828647276,276.140104203181,4.094935350037653E-4,"{""type"":""MultiPoint"",""coordinates"":[]}"
20151205,2015-12-05,-7.953004975460049E-4,277.08011691911156,3.066409464587624E-5,"{""type"":""MultiPoint"",""coordinates"":[]}"
20151206,2015-12-06,-0.0010148349958296725,276.0738629977746,5.971507719286924E-5,"{""type"":""MultiPoint"",""coordinates"":[]}"
20151207,2015-12-07,-8.491440806459274E-4,276.45420869060297,4.067789556516149E-5,"{""type"":""MultiPoint"",""coordinates"":[]}"
20151208,2015-12-08,-8.249316260712169E-4,274.89537327374006,8.684445922371312E-5,"{""type"":""MultiPoint"",""coordinates"":[]}"
20151209,2015-12-09,-3.3554934336440785E-4,275.1790885798144,0.004470943145180266,"{""type"":""MultiPoint"",""coordinates"":[]}"
20151210,2015-12-10,-8.619340795411654E-4,273.44739402874353,1.1659351674734629E-4,"{""type"":""MultiPoint"",""coordinates"":[]}"
20151211,2015-12-11,-0.001308898200577401,273.4917357986926,1.8441998246399035E-4,"{""type"":""MultiPoint"",""coordinates"":[]}"
20151212,2015-12-12,-0.0015036556448290099,275.9401648365161,6.805895321948797E-4,"{""type"":""MultiPoint"",""coordinates"":[]}"
20151213,2015-12-13,-0.001516930294156132,275.79476042032326,1.614925805084438E-4,"{""type"":""MultiPoint"",""coordinates"":[]}"
20151214,2015-12-14,-0.00101371838582702,274.335815788072,3.767214984225291E-5,"{""type"":""MultiPoint"",""coordinates"":[]}"
20151215,2015-12-15,-8.368475192413574E-4,274.55681868992707,1.1050255297371197E-4,"{""type"":""MultiPoint"",""coordinates"":[]}"
20151216,2015-12-16,-4.960343403981136E-4,276.0176999125074,0.0030405291964281022,"{""type"":""MultiPoint"",""coordinates"":[]}"
20151217,2015-12-17,-2.881684654773699E-4,277.6474412169277,0.0026377774207089356,"{""type"":""MultiPoint"",""coordinates"":[]}"
20151218,2015-12-18,-4.182267463365312E-4,277.33401738697427,0.0013801302447479754,"{""type"":""MultiPoint"",""coordinates"":[]}"
20151219,2015-12-19,-3.796993673509824E-4,277.38524208328346,3.0767037895970526E-5,"{""type"":""MultiPoint"",""coordinates"":[]}"
20151220,2015-12-20,-6.13799483042325E-4,276.1040680270651,1.5400262457966997E-4,"{""type"":""MultiPoint"",""coordinates"":[]}"
20151221,2015-12-21,-6.000642081889058E-4,276.45771735283375,0.0010448081489853615,"{""type"":""MultiPoint"",""coordinates"":[]}"
20151222,2015-12-22,-0.0015122700931241883,278.39383231756176,1.237451570559734E-4,"{""type"":""MultiPoint"",""coordinates"":[]}"
20151223,2015-12-23,-0.0012784546536996311,277.68316526881716,1.2992389555303432E-5,"{""type"":""MultiPoint"",""coordinates"":[]}"
20151224,2015-12-24,-8.718977152267444E-4,276.63479617188784,6.845186973100876E-6,"{""type"":""MultiPoint"",""coordinates"":[]}"
20151225,2015-12-25,-0.0010101457657372822,277.31534182549996,5.659531604151875E-5,"{""type"":""MultiPoint"",""coordinates"":[]}"
20151226,2015-12-26,-9.708732098400127E-4,277.0457138302788,1.7895908250515972E-5,"{""type"":""MultiPoint"",""coordinates"":[]}"
20151227,2015-12-27,-8.636148332721281E-4,275.55266527244453,6.2379677887476386E-6,"{""type"":""MultiPoint"",""coordinates"":[]}"
20151228,2015-12-28,-7.183001664343881E-4,274.96010326359806,1.1616210600256066E-5,"{""type"":""MultiPoint"",""coordinates"":[]}"
20151229,2015-12-29,-8.20946776295026E-4,274.3298290872244,1.511515143447134E-4,"{""type"":""MultiPoint"",""coordinates"":[]}"
20151230,2015-12-30,-0.001276209034514859,272.5724147671452,1.1497866866332883E-4,"{""type"":""MultiPoint"",""coordinates"":[]}"
20151231,2015-12-31,-0.0015296368711541048,271.4480236196086,0.0019021356803331274,"{""type"":""MultiPoint"",""coordinates"":[]}"
20160101,2016-01-01,-5.054124622703294E-4,272.6835242964295,9.72356879538434E-4,"{""type"":""MultiPoint"",""coordinates"":[]}"
20160102,2016-01-02,-0.0010444901236118791,271.787577337172,0.002645729885861681,"{""type"":""MultiPoint"",""coordinates"":[]}"
20160103,2016-01-03,-0.001250468246667151,270.2033127957067,0.0031240210083283053,"{""type"":""MultiPoint"",""coordinates"":[]}"
20160104,2016-01-04,-0.0011325333219813825,269.76545988092937,0.0043290462649581505,"{""type"":""MultiPoint"",""coordinates"":[]}"
20160105,2016-01-05,-6.617348842110984E-4,270.04260599971633,0.001390200949239224,"{""type"":""MultiPoint"",""coordinates"":[]}"
20160106,2016-01-06,-6.61267874697971E-4,270.3538747758087,0.0010850856817413916,"{""type"":""MultiPoint"",""coordinates"":[]}"
20160107,2016-01-07,-8.163892426712001E-4,271.81118044766566,0.0026229886755998917,"{""type"":""MultiPoint"",""coordinates"":[]}"
20160108,2016-01-08,-0.0011185984620582024,273.8662502889742,0.0011978327177104104,"{""type"":""MultiPoint"",""coordinates"":[]}"
20160109,2016-01-09,-4.667620563508646E-4,274.1347834102164,0.0034634723265427507,"{""type"":""MultiPoint"",""coordinates"":[]}"
20160110,2016-01-10,-2.836711698773436E-4,274.0952735024775,0.0030755104895794265,"{""type"":""MultiPoint"",""coordinates"":[]}"
20160111,2016-01-11,-5.720689472246823E-4,274.81112815945085,0.007442429233763867,"{""type"":""MultiPoint"",""coordinates"":[]}"
20160112,2016-01-12,-0.001321599320933436,273.9060102085803,0.005034430032235394,"{""type"":""MultiPoint"",""coordinates"":[]}"
20160113,2016-01-13,-0.001728670912875168,272.522742490959,0.005347729294252687,"{""type"":""MultiPoint"",""coordinates"":[]}"
20160114,2016-01-14,-0.0011591418408865035,270.889135267062,7.882508384973824E-4,"{""type"":""MultiPoint"",""coordinates"":[]}"
20160115,2016-01-15,-0.001835229001153712,270.76332446206516,0.0037052719558204462,"{""type"":""MultiPoint"",""coordinates"":[]}"
20160116,2016-01-16,-0.0010599606292403662,269.2241763157003,0.0036869510242537357,"{""type"":""MultiPoint"",""coordinates"":[]}"
20160117,2016-01-17,-9.745964486699336E-4,267.04341117320473,0.004230191864319957,"{""type"":""MultiPoint"",""coordinates"":[]}"
20160118,2016-01-18,-8.909388855749031E-4,264.56035964771246,2.1595271682602366E-4,"{""type"":""MultiPoint"",""coordinates"":[]}"
20160119,2016-01-19,-6.907012715272772E-4,264.58384183915587,2.4703128015828675E-4,"{""type"":""MultiPoint"",""coordinates"":[]}"
20160120,2016-01-20,-0.0010099695057278657,267.15681202668617,7.059702418001953E-4,"{""type"":""MultiPoint"",""coordinates"":[]}"
20160121,2016-01-21,-9.358719205368777E-4,267.10211507369695,9.904130266826523E-4,"{""type"":""MultiPoint"",""coordinates"":[]}"
20160122,2016-01-22,-7.934246802065914E-4,264.0419592742965,2.6449087146524436E-6,"{""type"":""MultiPoint"",""coordinates"":[]}"
20160123,2016-01-23,-4.5978660847716796E-4,269.651446679686,0.004289169609522128,"{""type"":""MultiPoint"",""coordinates"":[]}"
20160124,2016-01-24,-6.787175025682713E-4,272.5885900833655,5.914558287976554E-4,"{""type"":""MultiPoint"",""coordinates"":[]}"
20160125,2016-01-25,-5.759055060377667E-4,275.4798510101497,0.004040517271538924,"{""type"":""MultiPoint"",""coordinates"":[]}"
20160126,2016-01-26,-9.331457142240145E-4,275.9662461722361,1.6112647868193745E-5,"{""type"":""MultiPoint"",""coordinates"":[]}"
20160127,2016-01-27,-0.001641265302039952,277.2571992308912,1.2168573684588706E-5,"{""type"":""MultiPoint"",""coordinates"":[]}"
20160128,2016-01-28,-0.0017705098661823582,277.9634491593131,0.0010872236957863643,"{""type"":""MultiPoint"",""coordinates"":[]}"
20160129,2016-01-29,-0.0012662707040349852,275.98248667307735,0.002441002294448936,"{""type"":""MultiPoint"",""coordinates"":[]}"
20160130,2016-01-30,-0.0019976093773862507,275.47332249703334,0.002459631841342738,"{""type"":""MultiPoint"",""coordinates"":[]}"
20160131,2016-01-31,-0.0012845331310508887,275.3267916269459,0.014021349964902138,"{""type"":""MultiPoint"",""coordinates"":[]}"
20160201,2016-02-01,-0.0014544742907103875,279.66741524779604,0.009841957450112139,"{""type"":""MultiPoint"",""coordinates"":[]}"
20160202,2016-02-02,-0.0027679872109565083,279.251479274602,8.527177986720845E-5,"{""type"":""MultiPoint"",""coordinates"":[]}"
20160203,2016-02-03,-0.0011953655636211978,275.1428766501264,0.00800382581504262,"{""type"":""MultiPoint"",""coordinates"":[]}"
20160204,2016-02-04,-0.00249081550132048,272.65374601612206,0.0062336371774950015,"{""type"":""MultiPoint"",""coordinates"":[]}"
20160205,2016-02-05,-0.0014246529451434925,273.78271956372373,0.0031313076366389966,"{""type"":""MultiPoint"",""coordinates"":[]}"
20160206,2016-02-06,-0.001737520536901479,274.75427979898814,2.911634622779033E-5,"{""type"":""MultiPoint"",""coordinates"":[]}"
20160207,2016-02-07,-0.0021022802002133648,276.18314048604935,9.376779373593213E-4,"{""type"":""MultiPoint"",""coordinates"":[]}"
20160208,2016-02-08,-0.00287478920363376,277.561840806539,0.003044142692857486,"{""type"":""MultiPoint"",""coordinates"":[]}"
20160209,2016-02-09,-0.002767379338056097,277.8634253772264,0.003292884298446573,"{""type"":""MultiPoint"",""coordinates"":[]}"
20160210,2016-02-10,-0.002767807722275234,273.7703854434689,0.009481956564138559,"{""type"":""MultiPoint"",""coordinates"":[]}"
20160211,2016-02-11,-0.0031776374222563485,272.548552972074,0.0012174986801598232,"{""type"":""MultiPoint"",""coordinates"":[]}"
20160212,2016-02-12,-0.0022502596762607363,271.8543428984072,6.20436601494327E-4,"{""type"":""MultiPoint"",""coordinates"":[]}"
20160213,2016-02-13,-0.0015772595700301979,273.6854572060623,0.001810126226063644,"{""type"":""MultiPoint"",""coordinates"":[]}"
20160214,2016-02-14,-0.002052732201944985,275.6051674353518,0.003942543586767841,"{""type"":""MultiPoint"",""coordinates"":[]}"
20160215,2016-02-15,-0.0014510263295059564,275.37957942758567,0.002475710554857222,"{""type"":""MultiPoint"",""coordinates"":[]}"
20160216,2016-02-16,-0.0020574172216130783,273.82511664082847,0.0016606052199092864,"{""type"":""MultiPoint"",""coordinates"":[]}"
20160217,2016-02-17,-0.001964010385031432,273.85341466839833,0.0025815471957204984,"{""type"":""MultiPoint"",""coordinates"":[]}"
20160218,2016-02-18,-0.0017427848366748347,274.53842725104636,0.003122602555830448,"{""type"":""MultiPoint"",""coordinates"":[]}"
20160219,2016-02-19,-0.001525027194759136,273.52287082447265,0.004441801725153496,"{""type"":""MultiPoint"",""coordinates"":[]}"
20160220,2016-02-20,-0.0029396760853281287,273.5283684274637,0.008170002706423003,"{""type"":""MultiPoint"",""coordinates"":[]}"
20160221,2016-02-21,-0.002299532384163075,279.8107534501799,0.0072990271051487626,"{""type"":""MultiPoint"",""coordinates"":[]}"
20160222,2016-02-22,-0.005799382180028144,281.2708557661612,2.537635771790748E-4,"{""type"":""MultiPoint"",""coordinates"":[]}"
20160223,2016-02-23,-0.0022518613208618726,277.3688766422331,0.007341488562982978,"{""type"":""MultiPoint"",""coordinates"":[]}"
20160224,2016-02-24,-0.003327057243452744,273.08123347012935,0.0010575542434289903,"{""type"":""MultiPoint"",""coordinates"":[]}"
20160225,2016-02-25,-0.0016642687744452675,272.63341412700765,0.0030142395049664863,"{""type"":""MultiPoint"",""coordinates"":[]}"
20160226,2016-02-26,-0.0029625794115434984,271.6038729881553,1.7627869572361566E-4,"{""type"":""MultiPoint"",""coordinates"":[]}"
20160227,2016-02-27,-0.0031319439147547527,272.8347190986599,9.91375603774064E-5,"{""type"":""MultiPoint"",""coordinates"":[]}"
20160228,2016-02-28,-0.002116952534073091,275.4251305378067,7.404010971581324E-4,"{""type"":""MultiPoint"",""coordinates"":[]}"
20160229,2016-02-29,-8.041607277669627E-4,275.2237068448791,0.011022632258758346,"{""type"":""MultiPoint"",""coordinates"":[]}"
20160301,2016-03-01,-0.0022332065559813536,272.5052470968154,0.004419438234145312,"{""type"":""MultiPoint"",""coordinates"":[]}"
20160302,2016-03-02,-0.001914147309954007,274.85477531787086,0.006754961821388626,"{""type"":""MultiPoint"",""coordinates"":[]}"
20160303,2016-03-03,-0.0021482659437124033,273.2134514758955,0.004556693169690487,"{""type"":""MultiPoint"",""coordinates"":[]}"
20160304,2016-03-04,-0.0034520445273425408,273.5534223368814,6.027712764785004E-4,"{""type"":""MultiPoint"",""coordinates"":[]}"
20160305,2016-03-05,-0.0029837186548794846,275.33020769064666,0.005831685992657894,"{""type"":""MultiPoint"",""coordinates"":[]}"
20160306,2016-03-06,-0.0027732997931488685,274.5254712985425,0.004908146921089874,"{""type"":""MultiPoint"",""coordinates"":[]}"
20160307,2016-03-07,-0.0024753490429295266,272.6846255742536,0.0019870790626139666,"{""type"":""MultiPoint"",""coordinates"":[]}"
20160308,2016-03-08,-0.0016688547121365515,272.3510303404823,0.004217817369413783,"{""type"":""MultiPoint"",""coordinates"":[]}"
20160309,2016-03-09,-0.0033085462246026896,272.9730694235969,1.1597482918868467E-4,"{""type"":""MultiPoint"",""coordinates"":[]}"
20160310,2016-03-10,-0.003359767331049074,274.3177737123687,7.775453981678872E-5,"{""type"":""MultiPoint"",""coordinates"":[]}"
20160311,2016-03-11,-0.0025892493959527732,275.16622043321286,0.0010199624357597234,"{""type"":""MultiPoint"",""coordinates"":[]}"
20160312,2016-03-12,-0.00261724223884348,275.2910610354165,0.0012185024195829404,"{""type"":""MultiPoint"",""coordinates"":[]}"
20160313,2016-03-13,-0.0031765613865175645,275.01985151019517,0.0012851839039631403,"{""type"":""MultiPoint"",""coordinates"":[]}"
20160314,2016-03-14,-0.004364375341765335,274.1037339612053,1.0288577352153609E-4,"{""type"":""MultiPoint"",""coordinates"":[]}"
20160315,2016-03-15,-0.0018793202863029252,272.5735868678889,0.006050590918218566,"{""type"":""MultiPoint"",""coordinates"":[]}"
20160316,2016-03-16,-0.0049449416113813704,273.62824340461975,7.103779334315974E-4,"{""type"":""MultiPoint"",""coordinates"":[]}"
20160317,2016-03-17,-0.004130772077435133,275.02153511317726,2.388294239161294E-6,"{""type"":""MultiPoint"",""coordinates"":[]}"
20160318,2016-03-18,-0.005091702706498421,276.2865320140203,6.099321615822209E-6,"{""type"":""MultiPoint"",""coordinates"":[]}"
20160319,2016-03-19,-0.003993787252788562,275.89102614220093,1.5053200193407355E-4,"{""type"":""MultiPoint"",""coordinates"":[]}"
20160320,2016-03-20,-0.00476403455876735,276.4336357209228,6.051319768270055E-5,"{""type"":""MultiPoint"",""coordinates"":[]}"
20160321,2016-03-21,-0.004044255624111863,276.3587829684506,5.156968114494752E-4,"{""type"":""MultiPoint"",""coordinates"":[]}"
20160322,2016-03-22,-0.004396055292194415,275.93693019450086,0.0012446397307451422,"{""type"":""MultiPoint"",""coordinates"":[]}"
20160323,2016-03-23,-0.003614879297319315,275.21457715677036,0.0019218582883589422,"{""type"":""MultiPoint"",""coordinates"":[]}"
20160324,2016-03-24,-0.004034691000499183,275.2796531608097,0.002048290649985329,"{""type"":""MultiPoint"",""coordinates"":[]}"
20160325,2016-03-25,-0.0027074301219443164,275.83455721085613,0.006185110961697416,"{""type"":""MultiPoint"",""coordinates"":[]}"
20160326,2016-03-26,-0.003154810148299049,277.33568664446864,0.003605260548588949,"{""type"":""MultiPoint"",""coordinates"":[]}"
20160327,2016-03-27,-0.005332528051780887,278.16424917752914,9.994159638240464E-4,"{""type"":""MultiPoint"",""coordinates"":[]}"
20160328,2016-03-28,-0.005330436070393133,279.7784389315707,8.333523991314648E-4,"{""type"":""MultiPoint"",""coordinates"":[]}"
20160329,2016-03-29,-0.006729992445611165,279.66520943827203,0.0016153284627063152,"{""type"":""MultiPoint"",""coordinates"":[]}"
20160330,2016-03-30,-0.003889082895721287,280.8857693334538,0.002122351506427787,"{""type"":""MultiPoint"",""coordinates"":[]}"
20160331,2016-03-31,-0.006001715015153276,283.4114515924571,9.218078892360041E-4,"{""type"":""MultiPoint"",""coordinates"":[]}"
20160401,2016-04-01,-0.003868282301038631,279.97480632351284,4.438352003864642E-4,"{""type"":""MultiPoint"",""coordinates"":[]}"
20160402,2016-04-02,-0.006890292082541833,281.2636148629309,7.2799048853534976E-6,"{""type"":""MultiPoint"",""coordinates"":[]}"
20160403,2016-04-03,-0.007184361382813498,284.06815243525443,1.5350577221927283E-5,"{""type"":""MultiPoint"",""coordinates"":[]}"
20160404,2016-04-04,-0.006179145815054906,284.9918010726317,8.168468818720083E-4,"{""type"":""MultiPoint"",""coordinates"":[]}"
20160405,2016-04-05,-0.006224787507403045,285.4717049237325,5.16293969556039E-4,"{""type"":""MultiPoint"",""coordinates"":[]}"
20160406,2016-04-06,-0.003933765880468332,282.5603123187051,0.0034797980687707748,"{""type"":""MultiPoint"",""coordinates"":[]}"
20160407,2016-04-07,-0.00297316927003319,281.11105361670485,0.004853379358125908,"{""type"":""MultiPoint"",""coordinates"":[]}"
20160408,2016-04-08,-0.002666754423963317,278.9642060759312,0.008842775023626384,"{""type"":""MultiPoint"",""coordinates"":[]}"
20160409,2016-04-09,-0.0024095364261533607,278.1164525746709,0.005545116545225789,"{""type"":""MultiPoint"",""coordinates"":[]}"
20160410,2016-04-10,-0.0042672636338430235,279.4211139979902,8.230744127351734E-4,"{""type"":""MultiPoint"",""coordinates"":[]}"
20160411,2016-04-11,-0.006167476521622552,280.9578193750761,1.0517211206434728E-4,"{""type"":""MultiPoint"",""coordinates"":[]}"
20160412,2016-04-12,-0.004507794062491436,281.7767874941439,0.0020180305959882636,"{""type"":""MultiPoint"",""coordinates"":[]}"
20160413,2016-04-13,-0.005535665587736439,282.4496408150608,0.00643381432775753,"{""type"":""MultiPoint"",""coordinates"":[]}"
20160414,2016-04-14,-0.004283665187436328,280.82453258467666,0.004001132839499516,"{""type"":""MultiPoint"",""coordinates"":[]}"
20160415,2016-04-15,-0.004628847563403458,280.944419021669,0.002511392372105062,"{""type"":""MultiPoint"",""coordinates"":[]}"
20160416,2016-04-16,-0.005665438603954456,283.00126483150706,0.0026426042794913647,"{""type"":""MultiPoint"",""coordinates"":[]}"
20160417,2016-04-17,-0.003923662158940143,282.3290776078946,0.012336430992357178,"{""type"":""MultiPoint"",""coordinates"":[]}"
20160418,2016-04-18,-0.003217312720469485,279.73761038755663,0.007839612939887785,"{""type"":""MultiPoint"",""coordinates"":[]}"
20160419,2016-04-19,-0.007025700526245615,279.9655681753825,8.763565388620688E-4,"{""type"":""MultiPoint"",""coordinates"":[]}"
20160420,2016-04-20,-0.00820636995125589,280.1745289624226,1.4762526038690678E-4,"{""type"":""MultiPoint"",""coordinates"":[]}"
20160421,2016-04-21,-0.008280628313105585,282.20957154475354,1.3433877426004868E-6,"{""type"":""MultiPoint"",""coordinates"":[]}"
20160422,2016-04-22,-0.00793278612738224,283.1644581715186,2.753689592698529E-4,"{""type"":""MultiPoint"",""coordinates"":[]}"
20160423,2016-04-23,-0.0034345846279653864,280.9264517382045,0.0069408575455352055,"{""type"":""MultiPoint"",""coordinates"":[]}"
20160424,2016-04-24,-0.006618268129921892,275.71051827529817,0.0032274819592167914,"{""type"":""MultiPoint"",""coordinates"":[]}"
20160425,2016-04-25,-0.006060739717960564,274.91267957163063,0.002147778212291434,"{""type"":""MultiPoint"",""coordinates"":[]}"
20160426,2016-04-26,-0.006113412538030551,276.6732759734609,0.005919188102741721,"{""type"":""MultiPoint"",""coordinates"":[]}"
20160427,2016-04-27,-0.005309386376455336,274.8746112153138,0.005243588160804563,"{""type"":""MultiPoint"",""coordinates"":[]}"
20160428,2016-04-28,-0.005445778316991386,275.4762731678018,9.689274138145928E-4,"{""type"":""MultiPoint"",""coordinates"":[]}"
20160429,2016-04-29,-0.007098825235106672,278.46902751597423,1.280021623858723E-4,"{""type"":""MultiPoint"",""coordinates"":[]}"
20160430,2016-04-30,-0.008907952566522655,281.4431386208887,5.764044573054825E-4,"{""type"":""MultiPoint"",""coordinates"":[]}"
20160501,2016-05-01,-0.004135202443169667,281.2578869136727,0.006351269162997266,"{""type"":""MultiPoint"",""coordinates"":[]}"
20160502,2016-05-02,-0.005230067576565254,282.2381029162988,0.0032810137929468637,"{""type"":""MultiPoint"",""coordinates"":[]}"
20160503,2016-05-03,-0.005577375841835383,282.00179219694445,0.006788846236857948,"{""type"":""MultiPoint"",""coordinates"":[]}"
20160504,2016-05-04,-0.005538369787151845,279.86519930515607,0.005812990300506609,"{""type"":""MultiPoint"",""coordinates"":[]}"
20160505,2016-05-05,-0.006990558278078795,281.7801122154115,4.635851362097643E-4,"{""type"":""MultiPoint"",""coordinates"":[]}"
20160506,2016-05-06,-0.009732337220776393,284.95117144914724,7.833592482767412E-5,"{""type"":""MultiPoint"",""coordinates"":[]}"
20160507,2016-05-07,-0.010881095502383621,285.76867581440547,3.3765105619109655E-4,"{""type"":""MultiPoint"",""coordinates"":[]}"
20160508,2016-05-08,-0.01017406811308162,285.4999557509548,4.4778312899961155E-4,"{""type"":""MultiPoint"",""coordinates"":[]}"
20160509,2016-05-09,-0.009377291711893644,286.2824561093521,3.0993777647757146E-4,"{""type"":""MultiPoint"",""coordinates"":[]}"
20160510,2016-05-10,-0.006115057102581188,285.84192147250985,0.001936004151303483,"{""type"":""MultiPoint"",""coordinates"":[]}"
20160511,2016-05-11,-0.008317548284321083,286.1209620254753,9.496997041022883E-4,"{""type"":""MultiPoint"",""coordinates"":[]}"
20160512,2016-05-12,-0.003179505462031524,284.4822450948244,0.014316346705875454,"{""type"":""MultiPoint"",""coordinates"":[]}"
20160513,2016-05-13,-0.0023253958292532785,283.7193865921581,0.02102138611357072,"{""type"":""MultiPoint"",""coordinates"":[]}"
20160514,2016-05-14,-0.005580070790160682,283.6508096397396,0.009091509171920685,"{""type"":""MultiPoint"",""coordinates"":[]}"
20160515,2016-05-15,-0.008603844469117347,279.6777539318547,0.0019699174388791902,"{""type"":""MultiPoint"",""coordinates"":[]}"
20160516,2016-05-16,-0.0054729785597193385,278.67697228898436,0.004843171644738226,"{""type"":""MultiPoint"",""coordinates"":[]}"
20160517,2016-05-17,-0.006792364443462794,280.13158154227375,0.001313740470950337,"{""type"":""MultiPoint"",""coordinates"":[]}"
20160518,2016-05-18,-0.007396951524626786,283.026358933662,3.930767513419926E-4,"{""type"":""MultiPoint"",""coordinates"":[]}"
20160519,2016-05-19,-0.0035780201744300857,282.35880156457915,0.009303569962881373,"{""type"":""MultiPoint"",""coordinates"":[]}"
20160520,2016-05-20,-0.005643195033874182,284.11706201195733,0.0017273352133541523,"{""type"":""MultiPoint"",""coordinates"":[]}"
20160521,2016-05-21,-0.009065275948480719,287.0180887560302,3.779198680845621E-5,"{""type"":""MultiPoint"",""coordinates"":[]}"
20160522,2016-05-22,-0.011034657910202347,289.79010889366174,0.0010677630146948218,"{""type"":""MultiPoint"",""coordinates"":[]}"
20160523,2016-05-23,-0.006173103996346494,285.3979002985519,0.011502011917564657,"{""type"":""MultiPoint"",""coordinates"":[]}"
20160524,2016-05-24,-0.00242286404881615,282.35440679177935,0.013057215665134202,"{""type"":""MultiPoint"",""coordinates"":[]}"
20160525,2016-05-25,-0.006039300378805571,285.8020551426074,5.752477669216315E-4,"{""type"":""MultiPoint"",""coordinates"":[]}"
20160526,2016-05-26,-0.007961054193945482,287.7147368735191,8.970390418350795E-4,"{""type"":""MultiPoint"",""coordinates"":[]}"
20160527,2016-05-27,-0.007811942332720242,289.511631808014,0.0014587543498184197,"{""type"":""MultiPoint"",""coordinates"":[]}"
20160528,2016-05-28,-0.0060976684658270676,289.92198342147395,0.005171524604414197,"{""type"":""MultiPoint"",""coordinates"":[]}"
20160529,2016-05-29,-0.006646611878991973,289.89432095989486,0.010242858117722886,"{""type"":""MultiPoint"",""coordinates"":[]}"
20160530,2016-05-30,-0.006219262648718254,288.05730086819096,0.0076608740675401625,"{""type"":""MultiPoint"",""coordinates"":[]}"
20160531,2016-05-31,-0.0048423782241868284,287.06647813400525,0.007413001885456565,"{""type"":""MultiPoint"",""coordinates"":[]}"
20160601,2016-06-01,-0.004418212484784099,286.554105589126,0.009549334901348057,"{""type"":""MultiPoint"",""coordinates"":[]}"
20160602,2016-06-02,-0.004412753990631114,286.5559362591076,0.006379859407628692,"{""type"":""MultiPoint"",""coordinates"":[]}"
20160603,2016-06-03,-0.004971853749556705,287.1010145978275,0.0060191681164342686,"{""type"":""MultiPoint"",""coordinates"":[]}"
20160604,2016-06-04,-0.005454450636139253,287.9095639038922,0.005359459861484283,"{""type"":""MultiPoint"",""coordinates"":[]}"
20160605,2016-06-05,-0.004595320085276698,288.21662350506466,0.006968884521683027,"{""type"":""MultiPoint"",""coordinates"":[]}"
20160606,2016-06-06,-0.008576264089202817,289.17850422584655,0.0020821335639666845,"{""type"":""MultiPoint"",""coordinates"":[]}"
20160607,2016-06-07,-0.00958670783056334,289.17799683959413,8.988788492273775E-4,"{""type"":""MultiPoint"",""coordinates"":[]}"
20160608,2016-06-08,-0.006222188994320986,288.51322139149806,0.006197597692454114,"{""type"":""MultiPoint"",""coordinates"":[]}"
20160609,2016-06-09,-0.004016628542779461,287.2684352227777,0.01006389720022463,"{""type"":""MultiPoint"",""coordinates"":[]}"
20160610,2016-06-10,-0.008852977292838389,287.9892179029377,9.746204588354227E-4,"{""type"":""MultiPoint"",""coordinates"":[]}"
20160611,2016-06-11,-0.003966940081344688,287.10365050892216,0.006145320522348424,"{""type"":""MultiPoint"",""coordinates"":[]}"
20160612,2016-06-12,-0.005782036160321328,287.0674945572748,0.006630968342129449,"{""type"":""MultiPoint"",""coordinates"":[]}"
20160613,2016-06-13,-0.005777812857919451,287.16263068664875,0.006958502789316817,"{""type"":""MultiPoint"",""coordinates"":[]}"
20160614,2016-06-14,-0.005812645786703919,287.10427922805115,0.006295381517313808,"{""type"":""MultiPoint"",""coordinates"":[]}"
20160615,2016-06-15,-0.006253267277050011,286.5727057199831,0.008923299689839459,"{""type"":""MultiPoint"",""coordinates"":[]}"
20160616,2016-06-16,-0.008355275422818746,288.968674948604,0.006953703542526176,"{""type"":""MultiPoint"",""coordinates"":[]}"
20160617,2016-06-17,-0.007076591014224769,286.7865472510117,0.0096544312680695,"{""type"":""MultiPoint"",""coordinates"":[]}"
20160618,2016-06-18,-0.006626758373182609,287.21546755137973,0.004575334300177279,"{""type"":""MultiPoint"",""coordinates"":[]}"
20160619,2016-06-19,-0.004590174501536037,286.5805444109132,0.007882327486515536,"{""type"":""MultiPoint"",""coordinates"":[]}"
20160620,2016-06-20,-0.0047212516043350205,286.95296361,0.005888055932918541,"{""type"":""MultiPoint"",""coordinates"":[]}"
20160621,2016-06-21,-0.005408306754879328,288.79364327854336,8.066983790937223E-4,"{""type"":""MultiPoint"",""coordinates"":[]}"
20160622,2016-06-22,-0.008220237595195403,292.0969099510136,2.4853542769620097E-4,"{""type"":""MultiPoint"",""coordinates"":[]}"
20160623,2016-06-23,-0.011764923970645554,294.6150981011199,5.853943383624543E-6,"{""type"":""MultiPoint"",""coordinates"":[]}"
20160624,2016-06-24,-0.010968515362781402,295.67346270733213,5.58608813818742E-4,"{""type"":""MultiPoint"",""coordinates"":[]}"
20160625,2016-06-25,-0.009466486652195428,294.2390504947459,0.009233990111609464,"{""type"":""MultiPoint"",""coordinates"":[]}"
20160626,2016-06-26,-0.004856563352242249,289.18233027133044,0.008114338425529579,"{""type"":""MultiPoint"",""coordinates"":[]}"
20160627,2016-06-27,-0.006708953832689934,287.8668808680597,0.006186190210243526,"{""type"":""MultiPoint"",""coordinates"":[]}"
20160628,2016-06-28,-0.009337804006203836,289.7761919870728,3.527968473492589E-4,"{""type"":""MultiPoint"",""coordinates"":[]}"
20160629,2016-06-29,-0.008399266607644012,291.6264413210946,5.494978544071451E-4,"{""type"":""MultiPoint"",""coordinates"":[]}"
20160630,2016-06-30,-0.0057191034799373396,291.3457385258702,0.006690747820909392,"{""type"":""MultiPoint"",""coordinates"":[]}"
20160701,2016-07-01,-0.00869763997617405,292.36646267526515,5.732378823467019E-4,"{""type"":""MultiPoint"",""coordinates"":[]}"
20160702,2016-07-02,-0.006474640859357436,291.3250266740241,0.013315160662507057,"{""type"":""MultiPoint"",""coordinates"":[]}"
20160703,2016-07-03,-0.0062408865599042004,287.3377551068753,0.003541970050436803,"{""type"":""MultiPoint"",""coordinates"":[]}"
20160704,2016-07-04,-0.00750764049297977,289.0904673998037,1.663640727957486E-4,"{""type"":""MultiPoint"",""coordinates"":[]}"
20160705,2016-07-05,-0.00876998575297518,290.84485823522897,0.0019068686273834357,"{""type"":""MultiPoint"",""coordinates"":[]}"
20160706,2016-07-06,-0.010554146973090692,288.73501690906147,8.595026794129194E-4,"{""type"":""MultiPoint"",""coordinates"":[]}"
20160707,2016-07-07,-0.010694084727924665,289.19210298784924,1.7959486775423604E-5,"{""type"":""MultiPoint"",""coordinates"":[]}"
20160708,2016-07-08,-0.010608105858711726,291.78072967635245,4.76717271356356E-4,"{""type"":""MultiPoint"",""coordinates"":[]}"
20160709,2016-07-09,-0.010286172679162991,292.0395743630866,5.409262505008907E-4,"{""type"":""MultiPoint"",""coordinates"":[]}"
20160710,2016-07-10,-0.010762751018886213,294.0342360114292,3.813004225130525E-4,"{""type"":""MultiPoint"",""coordinates"":[]}"
20160711,2016-07-11,-0.010911529041035402,295.87027969833423,0.004247672067794472,"{""type"":""MultiPoint"",""coordinates"":[]}"
20160712,2016-07-12,-0.0036895788572636995,291.2785037606,0.027492119219131163,"{""type"":""MultiPoint"",""coordinates"":[]}"
20160713,2016-07-13,-0.003974599503018276,288.2308482899319,0.018847431398894332,"{""type"":""MultiPoint"",""coordinates"":[]}"
20160714,2016-07-14,-0.004193104218992029,284.28449666581764,0.014308563714457552,"{""type"":""MultiPoint"",""coordinates"":[]}"
20160715,2016-07-15,-0.006359264811816746,284.97337129558326,0.002830740211814099,"{""type"":""MultiPoint"",""coordinates"":[]}"
20160716,2016-07-16,-0.007456154400572348,286.2986315626457,0.0016346235156042797,"{""type"":""MultiPoint"",""coordinates"":[]}"
20160717,2016-07-17,-0.0058765566350785685,288.7808057411678,0.002829308045206848,"{""type"":""MultiPoint"",""coordinates"":[]}"
20160718,2016-07-18,-0.008479688895423514,291.1878893711212,0.0013217572005796057,"{""type"":""MultiPoint"",""coordinates"":[]}"
20160719,2016-07-19,-0.009671047857301789,292.1834206706484,3.98305878559496E-4,"{""type"":""MultiPoint"",""coordinates"":[]}"
20160720,2016-07-20,-0.01012378780232058,292.8519234241089,8.563087581959917E-5,"{""type"":""MultiPoint"",""coordinates"":[]}"
20160721,2016-07-21,-0.006890447677371772,292.3249822735648,0.004747768066070152,"{""type"":""MultiPoint"",""coordinates"":[]}"
20160722,2016-07-22,-0.007237847668043075,292.57004841211966,0.0027707640243114016,"{""type"":""MultiPoint"",""coordinates"":[]}"
20160723,2016-07-23,-0.006018234720905068,292.5872955829586,0.007218523374182069,"{""type"":""MultiPoint"",""coordinates"":[]}"
20160724,2016-07-24,-0.0068743022507833165,292.5899617173137,0.004266115785699352,"{""type"":""MultiPoint"",""coordinates"":[]}"
20160725,2016-07-25,-0.005855075783715627,292.51236711805996,0.005564965631471711,"{""type"":""MultiPoint"",""coordinates"":[]}"
20160726,2016-07-26,-0.006498515387315341,292.43452256486694,0.005842011002509951,"{""type"":""MultiPoint"",""coordinates"":[]}"
20160727,2016-07-27,-0.005953468026460428,291.9574860573893,0.008639541755691062,"{""type"":""MultiPoint"",""coordinates"":[]}"
20160728,2016-07-28,-0.006546865071122521,291.44840261152575,0.002177984649493664,"{""type"":""MultiPoint"",""coordinates"":[]}"
20160729,2016-07-29,-0.007878730352092885,291.6954169425392,0.0016655350493364385,"{""type"":""MultiPoint"",""coordinates"":[]}"
20160730,2016-07-30,-0.008139107566787415,293.1441767848087,0.0012976764839674536,"{""type"":""MultiPoint"",""coordinates"":[]}"
20160731,2016-07-31,-0.0045564568083893385,291.56661607392,0.015280937460876349,"{""type"":""MultiPoint"",""coordinates"":[]}"
20160801,2016-08-01,-0.007633743560171734,289.245702544663,0.001714577964085764,"{""type"":""MultiPoint"",""coordinates"":[]}"
20160802,2016-08-02,-0.007305312974147114,289.36144147215845,0.0018810682370282929,"{""type"":""MultiPoint"",""coordinates"":[]}"
20160803,2016-08-03,-0.00839674130548494,291.9613916754454,3.20708248126205E-4,"{""type"":""MultiPoint"",""coordinates"":[]}"
20160804,2016-08-04,-0.008607441598205895,293.76220985801103,0.0025229996640469617,"{""type"":""MultiPoint"",""coordinates"":[]}"
20160805,2016-08-05,-0.003380840233516005,288.08265135890906,0.02355787997782473,"{""type"":""MultiPoint"",""coordinates"":[]}"
20160806,2016-08-06,-0.006462612769980855,288.2013303561598,9.833959810233602E-4,"{""type"":""MultiPoint"",""coordinates"":[]}"
20160807,2016-08-07,-0.008838022681357527,289.7277615000749,1.2522589290729532E-4,"{""type"":""MultiPoint"",""coordinates"":[]}"
20160808,2016-08-08,-0.010152831404204277,291.56044489335056,1.0450324388535787E-4,"{""type"":""MultiPoint"",""coordinates"":[]}"
20160809,2016-08-09,-0.003946926326180066,288.6526356633175,0.013648233387273773,"{""type"":""MultiPoint"",""coordinates"":[]}"
20160810,2016-08-10,-0.004041751368643106,284.84502729631066,0.012111276400973302,"{""type"":""MultiPoint"",""coordinates"":[]}"
20160811,2016-08-11,-0.0070410711077645875,284.40921982508013,0.0011729428968974553,"{""type"":""MultiPoint"",""coordinates"":[]}"
20160812,2016-08-12,-0.002562370959020555,284.9927421724809,0.0029403733642081567,"{""type"":""MultiPoint"",""coordinates"":[]}"
20160813,2016-08-13,-0.006987089502995259,289.92211301909975,4.744737521295836E-4,"{""type"":""MultiPoint"",""coordinates"":[]}"
20160814,2016-08-14,-0.008462266571733988,291.76524996990776,6.767036366995526E-4,"{""type"":""MultiPoint"",""coordinates"":[]}"
20160815,2016-08-15,-0.0067139001293941136,290.7912025263135,0.0019270787653391684,"{""type"":""MultiPoint"",""coordinates"":[]}"
20160816,2016-08-16,-0.00789403173249428,290.38354330474243,0.0011467902142392344,"{""type"":""MultiPoint"",""coordinates"":[]}"
20160817,2016-08-17,-0.007251876852237168,289.05112709983314,0.001028461428627212,"{""type"":""MultiPoint"",""coordinates"":[]}"
20160818,2016-08-18,-0.007234554006223339,289.4923177873422,0.0026843818493563925,"{""type"":""MultiPoint"",""coordinates"":[]}"
20160819,2016-08-19,-0.006304802057277301,290.38359519270404,0.0012917664851255597,"{""type"":""MultiPoint"",""coordinates"":[]}"
20160820,2016-08-20,-0.007016598886561482,291.75640197386656,0.006526745747758562,"{""type"":""MultiPoint"",""coordinates"":[]}"
20160821,2016-08-21,-0.004242056858599224,288.1072611185534,0.013860410499372113,"{""type"":""MultiPoint"",""coordinates"":[]}"
20160822,2016-08-22,-0.006852764562514527,287.51958845352607,6.753536347652266E-4,"{""type"":""MultiPoint"",""coordinates"":[]}"
20160823,2016-08-23,-0.008086722524417993,289.99272883569654,1.0201101187459891E-5,"{""type"":""MultiPoint"",""coordinates"":[]}"
20160824,2016-08-24,-0.009248330181646882,291.5383708484212,1.7772715390316768E-5,"{""type"":""MultiPoint"",""coordinates"":[]}"
20160825,2016-08-25,-0.009683517957094063,292.01843658482284,5.46320657169298E-6,"{""type"":""MultiPoint"",""coordinates"":[]}"
20160826,2016-08-26,-0.009045299753499733,292.93674781836904,7.456824667042626E-6,"{""type"":""MultiPoint"",""coordinates"":[]}"
20160827,2016-08-27,-0.008935260874694106,293.63526443522915,1.0208657140678526E-4,"{""type"":""MultiPoint"",""coordinates"":[]}"
20160828,2016-08-28,-0.008487113999588864,294.2344130737133,8.394336249056444E-4,"{""type"":""MultiPoint"",""coordinates"":[]}"
20160829,2016-08-29,-0.004887505803468994,291.7453738218843,0.004909110014915017,"{""type"":""MultiPoint"",""coordinates"":[]}"
20160830,2016-08-30,-0.007057401946040365,290.1404919119635,6.418394952213361E-4,"{""type"":""MultiPoint"",""coordinates"":[]}"
20160831,2016-08-31,-0.008113139312835143,290.1297805266519,4.463492069323823E-4,"{""type"":""MultiPoint"",""coordinates"":[]}"
20160901,2016-09-01,-0.00602892721607002,290.8794496719857,0.0026073459135339257,"{""type"":""MultiPoint"",""coordinates"":[]}"
20160902,2016-09-02,-0.0067615585222556675,291.1591061787599,2.645650679693936E-4,"{""type"":""MultiPoint"",""coordinates"":[]}"
20160903,2016-09-03,-0.007651189628893359,291.4522929061645,1.1866267891144756E-4,"{""type"":""MultiPoint"",""coordinates"":[]}"
20160904,2016-09-04,-0.007966665607890468,291.48813723131275,0.004660850022540628,"{""type"":""MultiPoint"",""coordinates"":[]}"
20160905,2016-09-05,-0.005860450120739668,287.320186517774,0.010811453386043116,"{""type"":""MultiPoint"",""coordinates"":[]}"
20160906,2016-09-06,-0.004719229624446819,287.2811809804173,0.006076052583535238,"{""type"":""MultiPoint"",""coordinates"":[]}"
20160907,2016-09-07,-0.0077902202898832386,290.20979213282385,3.0180985894333046E-5,"{""type"":""MultiPoint"",""coordinates"":[]}"
20160908,2016-09-08,-0.007617994112997465,291.46107770213996,2.073875608372827E-5,"{""type"":""MultiPoint"",""coordinates"":[]}"
20160909,2016-09-09,-0.006264904983010893,292.0898392909863,4.466154531600083E-4,"{""type"":""MultiPoint"",""coordinates"":[]}"
20160910,2016-09-10,-0.006507997509568716,292.09124287979705,4.978487968581491E-4,"{""type"":""MultiPoint"",""coordinates"":[]}"
20160911,2016-09-11,-0.005615237323523216,291.9558121187388,0.001552155495912862,"{""type"":""MultiPoint"",""coordinates"":[]}"
20160912,2016-09-12,-0.0072281490726662685,292.47015079526375,2.505588538014005E-4,"{""type"":""MultiPoint"",""coordinates"":[]}"
20160913,2016-09-13,-0.007885082054464613,292.5033030364651,2.1146707136219176E-5,"{""type"":""MultiPoint"",""coordinates"":[]}"
20160914,2016-09-14,-0.008014179132141136,292.03984219837446,7.232264129390659E-5,"{""type"":""MultiPoint"",""coordinates"":[]}"
20160915,2016-09-15,-0.007728246697402895,291.5774647195235,3.1187534029851715E-4,"{""type"":""MultiPoint"",""coordinates"":[]}"
20160916,2016-09-16,-0.005553485166869493,290.2821375908961,0.004555328082308308,"{""type"":""MultiPoint"",""coordinates"":[]}"
20160917,2016-09-17,-0.0023981361378185824,286.453254780456,0.023471544867128318,"{""type"":""MultiPoint"",""coordinates"":[]}"
20160918,2016-09-18,-0.002866631320288646,285.97990443738854,0.006876783281979689,"{""type"":""MultiPoint"",""coordinates"":[]}"
20160919,2016-09-19,-0.0022288825607898292,284.8608861644212,0.008867123157760934,"{""type"":""MultiPoint"",""coordinates"":[]}"
20160920,2016-09-20,-0.004293562715171725,284.3702652391192,0.0017095278537464982,"{""type"":""MultiPoint"",""coordinates"":[]}"
20160921,2016-09-21,-0.004775262806321745,284.0094598778832,3.674355901806408E-4,"{""type"":""MultiPoint"",""coordinates"":[]}"
20160922,2016-09-22,-0.005626254394316359,284.18764921652803,8.066081857660287E-5,"{""type"":""MultiPoint"",""coordinates"":[]}"
20160923,2016-09-23,-0.004906889720072089,284.9672577601217,1.2669317069040773E-4,"{""type"":""MultiPoint"",""coordinates"":[]}"
20160924,2016-09-24,-0.005411517110663071,285.9053323008116,1.4603829156998638E-5,"{""type"":""MultiPoint"",""coordinates"":[]}"
20160925,2016-09-25,-0.005522600521596363,286.12431365642817,3.428187945772607E-5,"{""type"":""MultiPoint"",""coordinates"":[]}"
20160926,2016-09-26,-0.00462381764457793,286.03932085128037,4.4810390129850376E-4,"{""type"":""MultiPoint"",""coordinates"":[]}"
20160927,2016-09-27,-0.004468568839441096,286.0143546474626,6.912511800007101E-4,"{""type"":""MultiPoint"",""coordinates"":[]}"
20160928,2016-09-28,-0.005905868505978765,286.53683806449686,9.807740164183775E-6,"{""type"":""MultiPoint"",""coordinates"":[]}"
20160929,2016-09-29,-0.007010167900759585,288.48370899291376,4.00827895019259E-8,"{""type"":""MultiPoint"",""coordinates"":[]}"
20160930,2016-09-30,-0.006032320408704927,288.55342954235283,8.493860695351538E-5,"{""type"":""MultiPoint"",""coordinates"":[]}"
20161001,2016-10-01,-0.005271900751809647,287.72191997403564,7.851487344610932E-4,"{""type"":""MultiPoint"",""coordinates"":[]}"
20161002,2016-10-02,-0.0016404410129598113,284.9347452872974,0.008387439716244094,"{""type"":""MultiPoint"",""coordinates"":[]}"
20161003,2016-10-03,-0.0038030973370831683,282.3412547524901,0.00485202412104073,"{""type"":""MultiPoint"",""coordinates"":[]}"
20161004,2016-10-04,-0.0022937474113856804,280.78423147984097,0.009664468151915809,"{""type"":""MultiPoint"",""coordinates"":[]}"
20161005,2016-10-05,-0.004931790364074871,278.3659887938046,0.0024705741042358197,"{""type"":""MultiPoint"",""coordinates"":[]}"
20161006,2016-10-06,-0.0022623752440912616,278.2576656923877,0.005078766465790783,"{""type"":""MultiPoint"",""coordinates"":[]}"
20161007,2016-10-07,-0.0019611624509144757,279.19639604125695,0.001758756250099108,"{""type"":""MultiPoint"",""coordinates"":[]}"
20161008,2016-10-08,-0.0016533640501492496,278.6559590737734,0.0023473696747090293,"{""type"":""MultiPoint"",""coordinates"":[]}"
20161009,2016-10-09,-0.002972134887605488,278.21867410786973,0.0014899170778904034,"{""type"":""MultiPoint"",""coordinates"":[]}"
20161010,2016-10-10,-0.002519993324085002,277.667643784507,0.0015401649749640228,"{""type"":""MultiPoint"",""coordinates"":[]}"
20161011,2016-10-11,-0.0021421112453176468,277.00909865222803,0.00405198743698178,"{""type"":""MultiPoint"",""coordinates"":[]}"
20161012,2016-10-12,-0.002452887354220397,277.1321621254206,0.0027575857844103066,"{""type"":""MultiPoint"",""coordinates"":[]}"
20161013,2016-10-13,-0.003715017905461782,278.23752587535085,3.0393369503569744E-4,"{""type"":""MultiPoint"",""coordinates"":[]}"
20161014,2016-10-14,-0.003827689491059865,281.61916476244306,8.640273321730781E-4,"{""type"":""MultiPoint"",""coordinates"":[]}"
20161015,2016-10-15,-0.0027317801570422378,283.3998450807953,0.0016986826213076832,"{""type"":""MultiPoint"",""coordinates"":[]}"
20161016,2016-10-16,-0.003103657219909689,283.3105950760567,1.3137560777430775E-4,"{""type"":""MultiPoint"",""coordinates"":[]}"
20161017,2016-10-17,-0.0025859810432626025,282.21274554315374,0.001567492936451546,"{""type"":""MultiPoint"",""coordinates"":[]}"
20161018,2016-10-18,-0.0010179467136060617,281.598896014389,0.006225142226190366,"{""type"":""MultiPoint"",""coordinates"":[]}"
20161019,2016-10-19,-0.0016839391109647096,280.29141156470047,0.006015599545101355,"{""type"":""MultiPoint"",""coordinates"":[]}"
20161020,2016-10-20,-0.0021935535083033504,278.5981572514888,0.006812941719372524,"{""type"":""MultiPoint"",""coordinates"":[]}"
20161021,2016-10-21,-0.0021401939991999865,277.4217730767262,0.002587382207497861,"{""type"":""MultiPoint"",""coordinates"":[]}"
20161022,2016-10-22,-0.0027764208719191106,277.3015240817943,6.968943717843455E-4,"{""type"":""MultiPoint"",""coordinates"":[]}"
20161023,2016-10-23,-0.0024715415203905577,278.54050247106204,7.884374260175904E-4,"{""type"":""MultiPoint"",""coordinates"":[]}"
20161024,2016-10-24,-0.002330785349297862,282.62843690351616,4.4979410911965325E-4,"{""type"":""MultiPoint"",""coordinates"":[]}"
20161025,2016-10-25,-0.0010537192303670096,283.821926096644,0.006159403526319444,"{""type"":""MultiPoint"",""coordinates"":[]}"
20161026,2016-10-26,-0.0013791274047465956,282.079395955722,0.0018304307017697856,"{""type"":""MultiPoint"",""coordinates"":[]}"
20161027,2016-10-27,-0.0021294060841003377,280.0705938355839,7.153267910430108E-4,"{""type"":""MultiPoint"",""coordinates"":[]}"
20161028,2016-10-28,-0.003135341402571538,280.49506873336156,2.6528481442135947E-4,"{""type"":""MultiPoint"",""coordinates"":[]}"
20161029,2016-10-29,-0.0021772750717250606,280.8358375371045,0.0013085978536683449,"{""type"":""MultiPoint"",""coordinates"":[]}"
20161030,2016-10-30,-0.002842913980579361,279.2398305429127,2.1820463766165598E-4,"{""type"":""MultiPoint"",""coordinates"":[]}"
20161031,2016-10-31,-0.002710548966332328,278.572813057153,1.8546006630901125E-5,"{""type"":""MultiPoint"",""coordinates"":[]}"
20161101,2016-11-01,-0.0026867134532303004,279.62980949343967,2.2182037260216016E-5,"{""type"":""MultiPoint"",""coordinates"":[]}"
20161102,2016-11-02,-0.0015807277562488852,278.52682622414653,0.0034399405461597366,"{""type"":""MultiPoint"",""coordinates"":[]}"
20161103,2016-11-03,-0.0025226889651734628,275.74272971087856,8.32084122169971E-4,"{""type"":""MultiPoint"",""coordinates"":[]}"
20161104,2016-11-04,-0.0020453075258383487,275.04476354122454,1.83078984139795E-5,"{""type"":""MultiPoint"",""coordinates"":[]}"
20161105,2016-11-05,-0.0016186858476119005,277.9831972907647,0.003293337119049342,"{""type"":""MultiPoint"",""coordinates"":[]}"
20161106,2016-11-06,-5.70411660410867E-4,276.47137551274136,0.011304690511136124,"{""type"":""MultiPoint"",""coordinates"":[]}"
20161107,2016-11-07,-0.001320861805449516,273.4053306392454,0.002058686129582487,"{""type"":""MultiPoint"",""coordinates"":[]}"
20161108,2016-11-08,-0.0013743090512512868,271.7681106116923,5.815567468340054E-4,"{""type"":""MultiPoint"",""coordinates"":[]}"
20161109,2016-11-09,-0.0018893651573075353,271.7253533244506,9.706171249064915E-4,"{""type"":""MultiPoint"",""coordinates"":[]}"
20161110,2016-11-10,-0.0014898566613649185,274.05743215269445,0.0048900257788598795,"{""type"":""MultiPoint"",""coordinates"":[]}"
20161111,2016-11-11,-6.457867473110258E-4,273.65087798057755,0.007171275870843625,"{""type"":""MultiPoint"",""coordinates"":[]}"
20161112,2016-11-12,-0.0013152669107041894,272.26365429855804,0.0029014008752704175,"{""type"":""MultiPoint"",""coordinates"":[]}"
20161113,2016-11-13,-0.001720752469614516,270.80304607044246,1.760710501201425E-4,"{""type"":""MultiPoint"",""coordinates"":[]}"
20161114,2016-11-14,-0.0015215831915605016,270.58070458008393,3.644941303324392E-5,"{""type"":""MultiPoint"",""coordinates"":[]}"
20161115,2016-11-15,-0.001582984777512201,271.80546454903384,0.002006372241453934,"{""type"":""MultiPoint"",""coordinates"":[]}"
20161116,2016-11-16,-4.199128040740008E-4,277.16947160622385,0.008366153319659687,"{""type"":""MultiPoint"",""coordinates"":[]}"
20161117,2016-11-17,-6.530561356291079E-4,278.1434343134757,0.0014997274562107911,"{""type"":""MultiPoint"",""coordinates"":[]}"
20161118,2016-11-18,-0.0014407005618606358,278.16494484798034,0.0013655919590911025,"{""type"":""MultiPoint"",""coordinates"":[]}"
20161119,2016-11-19,-5.10195531990126E-4,277.178926334312,0.010435553335775075,"{""type"":""MultiPoint"",""coordinates"":[]}"
20161120,2016-11-20,-0.0012791681218234832,277.3371695538106,7.091089817544497E-5,"{""type"":""MultiPoint"",""coordinates"":[]}"
20161121,2016-11-21,-0.0017278500954226793,279.99905636080695,1.5865246965264312E-4,"{""type"":""MultiPoint"",""coordinates"":[]}"
20161122,2016-11-22,-0.001442700500924434,280.8690782087059,1.2688999771192988E-4,"{""type"":""MultiPoint"",""coordinates"":[]}"
20161123,2016-11-23,-0.0011150955074762598,279.66501204588303,1.4209192877586064E-4,"{""type"":""MultiPoint"",""coordinates"":[]}"
20161124,2016-11-24,-0.0010238418297815006,278.853311201926,3.40400451205427E-4,"{""type"":""MultiPoint"",""coordinates"":[]}"
20161125,2016-11-25,-0.0010005853031418697,278.3095790861415,8.976271281039814E-4,"{""type"":""MultiPoint"",""coordinates"":[]}"
20161126,2016-11-26,-8.064810333386145E-4,278.511569833114,7.720973081439486E-4,"{""type"":""MultiPoint"",""coordinates"":[]}"
20161127,2016-11-27,-0.0012771495870769296,276.607868750578,0.0019156597620366002,"{""type"":""MultiPoint"",""coordinates"":[]}"
20161128,2016-11-28,-0.0024785818716518333,271.3593915648432,4.853280989448851E-4,"{""type"":""MultiPoint"",""coordinates"":[]}"
20161129,2016-11-29,-0.0020949595726268457,269.95940964029404,2.282648435813025E-5,"{""type"":""MultiPoint"",""coordinates"":[]}"
20161130,2016-11-30,-0.0023419720610533576,271.3533525248069,4.021335938396201E-4,"{""type"":""MultiPoint"",""coordinates"":[]}"
20161201,2016-12-01,-0.0027728880962568543,273.75326160260647,9.872655344800596E-4,"{""type"":""MultiPoint"",""coordinates"":[]}"
20161202,2016-12-02,-0.0015948337015902966,273.6164451620788,0.0027557791556380527,"{""type"":""MultiPoint"",""coordinates"":[]}"
20161203,2016-12-03,-0.0011133237642218152,271.19269852254735,5.394832527143881E-5,"{""type"":""MultiPoint"",""coordinates"":[]}"
20161204,2016-12-04,-0.001079604508389271,270.434604439354,2.9981288538750203E-6,"{""type"":""MultiPoint"",""coordinates"":[]}"
20161205,2016-12-05,-0.001026572056786083,270.53236011015576,5.445655131297003E-6,"{""type"":""MultiPoint"",""coordinates"":[]}"
20161206,2016-12-06,-9.962960479254915E-4,271.18220926717913,3.649059227365862E-5,"{""type"":""MultiPoint"",""coordinates"":[]}"
20161207,2016-12-07,-0.0010221389377997677,271.1091894672566,1.780361948447827E-5,"{""type"":""MultiPoint"",""coordinates"":[]}"
20161208,2016-12-08,-0.0014350002097769676,273.0055817506951,4.882529858561955E-6,"{""type"":""MultiPoint"",""coordinates"":[]}"
20161209,2016-12-09,-0.0017791391678108096,274.9236632993473,4.845738809479952E-5,"{""type"":""MultiPoint"",""coordinates"":[]}"
20161210,2016-12-10,-0.0010712495121563842,275.8988603428898,1.101851981767946E-5,"{""type"":""MultiPoint"",""coordinates"":[]}"
20161211,2016-12-11,-0.0014053477132721824,275.23554850673037,0.0015873330379577433,"{""type"":""MultiPoint"",""coordinates"":[]}"
20161212,2016-12-12,-7.127076107950599E-4,274.3680809761298,0.004170811682141898,"{""type"":""MultiPoint"",""coordinates"":[]}"
20161213,2016-12-13,-8.742250447917299E-4,271.9541573652616,4.5147662179010587E-4,"{""type"":""MultiPoint"",""coordinates"":[]}"
20161214,2016-12-14,-7.288963133866574E-4,273.95428997009896,0.0010192520935566423,"{""type"":""MultiPoint"",""coordinates"":[]}"
20161215,2016-12-15,-8.38403695566751E-4,273.32015737597254,9.737725821675779E-5,"{""type"":""MultiPoint"",""coordinates"":[]}"
20161216,2016-12-16,-0.0010397892888601445,271.5399182190491,1.2603560225844913E-5,"{""type"":""MultiPoint"",""coordinates"":[]}"
20161217,2016-12-17,-0.0010179123635875868,271.38246505951065,1.1891755405974129E-5,"{""type"":""MultiPoint"",""coordinates"":[]}"
20161218,2016-12-18,-7.07353984003016E-4,272.23890437615916,0.0026318002249107655,"{""type"":""MultiPoint"",""coordinates"":[]}"
20161219,2016-12-19,-8.465908972726249E-4,271.6684153138582,3.7843199774426994E-4,"{""type"":""MultiPoint"",""coordinates"":[]}"
20161220,2016-12-20,-0.0010753222389565252,271.0300457324223,7.719177960864847E-5,"{""type"":""MultiPoint"",""coordinates"":[]}"
20161221,2016-12-21,-8.921540657549215E-4,270.65186880447743,4.7165843861857365E-5,"{""type"":""MultiPoint"",""coordinates"":[]}"
20161222,2016-12-22,-9.849333842188164E-4,271.02042392599725,3.907878711253818E-5,"{""type"":""MultiPoint"",""coordinates"":[]}"
20161223,2016-12-23,-5.327154313718426E-4,272.16496169476227,1.3441362044729245E-4,"{""type"":""MultiPoint"",""coordinates"":[]}"
20161224,2016-12-24,-9.671961449809665E-4,274.3955999787674,0.0013035399476128038,"{""type"":""MultiPoint"",""coordinates"":[]}"
20161225,2016-12-25,-0.0015333686456890183,276.3843756936625,0.0039395490278508315,"{""type"":""MultiPoint"",""coordinates"":[]}"
20161226,2016-12-26,-0.0011727959059259273,277.9982439855156,0.002081903612191011,"{""type"":""MultiPoint"",""coordinates"":[]}"
20161227,2016-12-27,-0.002581047616468491,273.753138005093,0.0015990266479832052,"{""type"":""MultiPoint"",""coordinates"":[]}"
20161228,2016-12-28,-0.0014384330710316663,273.2403397105729,0.004408734666422208,"{""type"":""MultiPoint"",""coordinates"":[]}"
20161229,2016-12-29,-0.0010114592574913155,271.512185730562,2.900377104372282E-4,"{""type"":""MultiPoint"",""coordinates"":[]}"
20161230,2016-12-30,-0.001201764450188083,270.276739308951,1.6895327709536195E-6,"{""type"":""MultiPoint"",""coordinates"":[]}"
20161231,2016-12-31,-0.001252575923245739,269.5660476199089,3.3784552831133343E-6,"{""type"":""MultiPoint"",""coordinates"":[]}"
20170101,2017-01-01,-0.0010893755920902755,269.36548471389676,1.8471228172165113E-6,"{""type"":""MultiPoint"",""coordinates"":[]}"
20170102,2017-01-02,-0.0012558907656452373,269.7012045107964,0.001977075828025447,"{""type"":""MultiPoint"",""coordinates"":[]}"
20170103,2017-01-03,-0.0016479475974935,269.9006103355326,6.435939926204887E-4,"{""type"":""MultiPoint"",""coordinates"":[]}"
20170104,2017-01-04,-0.0023135858792373656,271.2329004388309,0.0078008583756911075,"{""type"":""MultiPoint"",""coordinates"":[]}"
20170105,2017-01-05,-0.0012287672247282984,266.83769640447616,0.004704053623592083,"{""type"":""MultiPoint"",""coordinates"":[]}"
20170106,2017-01-06,-0.0010924329278204391,261.4363396917322,7.038505281828347E-4,"{""type"":""MultiPoint"",""coordinates"":[]}"
20170107,2017-01-07,-9.682330749692804E-4,260.92767611435886,0.0019005829116580273,"{""type"":""MultiPoint"",""coordinates"":[]}"
20170108,2017-01-08,-4.737635758254666E-4,266.69114934058535,0.005708020940196181,"{""type"":""MultiPoint"",""coordinates"":[]}"
20170109,2017-01-09,-6.372604907135513E-4,267.16725188681994,6.467133858652827E-4,"{""type"":""MultiPoint"",""coordinates"":[]}"
20170110,2017-01-10,-7.020110206005362E-4,264.25584969355134,1.7217523874028893E-4,"{""type"":""MultiPoint"",""coordinates"":[]}"
20170111,2017-01-11,-0.0010694965118966096,266.4579995933229,0.0036725009436169133,"{""type"":""MultiPoint"",""coordinates"":[]}"
20170112,2017-01-12,-0.0010642406172046608,272.8987513497072,0.0038469687572461565,"{""type"":""MultiPoint"",""coordinates"":[]}"
20170113,2017-01-13,-0.0021556315823622234,271.562066360515,0.004344335418894504,"{""type"":""MultiPoint"",""coordinates"":[]}"
20170114,2017-01-14,-0.0012129351655253578,269.53146909982553,0.00499843216468791,"{""type"":""MultiPoint"",""coordinates"":[]}"
20170115,2017-01-15,-0.0010984221406834121,267.59568348444225,0.0018923791638119055,"{""type"":""MultiPoint"",""coordinates"":[]}"
20170116,2017-01-16,-5.269382556822397E-4,265.2967186470046,0.0015771087960950727,"{""type"":""MultiPoint"",""coordinates"":[]}"
20170117,2017-01-17,-9.359216142982868E-4,265.75122245528144,7.907427798606078E-4,"{""type"":""MultiPoint"",""coordinates"":[]}"
20170118,2017-01-18,-9.603841074958108E-4,265.05417356457053,1.1597097788953592E-4,"{""type"":""MultiPoint"",""coordinates"":[]}"
20170119,2017-01-19,-7.204432208771832E-4,263.6229212979938,3.909850773749538E-6,"{""type"":""MultiPoint"",""coordinates"":[]}"
20170120,2017-01-20,-7.114034053142179E-4,264.1700588173755,3.1208082762706933E-6,"{""type"":""MultiPoint"",""coordinates"":[]}"
20170121,2017-01-21,-6.627854555410765E-4,264.89978452649905,1.2407059707806733E-6,"{""type"":""MultiPoint"",""coordinates"":[]}"
20170122,2017-01-22,-8.552671252585188E-4,265.1064492418782,2.875502756907167E-6,"{""type"":""MultiPoint"",""coordinates"":[]}"
20170123,2017-01-23,-7.031468173041184E-4,264.87096595668237,2.246921928932308E-5,"{""type"":""MultiPoint"",""coordinates"":[]}"
20170124,2017-01-24,-7.312812234273567E-4,264.35472932335836,1.086923303023704E-4,"{""type"":""MultiPoint"",""coordinates"":[]}"
20170125,2017-01-25,-7.910488118563267E-4,265.59705863420623,8.060724225438754E-5,"{""type"":""MultiPoint"",""coordinates"":[]}"
20170126,2017-01-26,-0.00110553773169034,267.28926095824903,2.4342385191015215E-5,"{""type"":""MultiPoint"",""coordinates"":[]}"
20170127,2017-01-27,-9.936214508954795E-4,266.76391411264535,4.8576273852062724E-6,"{""type"":""MultiPoint"",""coordinates"":[]}"
20170128,2017-01-28,-9.647924013261607E-4,266.9003215320031,3.769093808410813E-5,"{""type"":""MultiPoint"",""coordinates"":[]}"
20170129,2017-01-29,-0.0011677862102962818,267.5595240437455,1.3411121606910391E-5,"{""type"":""MultiPoint"",""coordinates"":[]}"
20170130,2017-01-30,-9.50068736741151E-4,268.28730948875176,0.0018879722641013306,"{""type"":""MultiPoint"",""coordinates"":[]}"
20170131,2017-01-31,-5.91545362167883E-4,272.0234240692203,0.011235537970895873,"{""type"":""MultiPoint"",""coordinates"":[]}"
20170201,2017-02-01,-6.916598865709228E-4,272.22900779309145,0.0028905765714917118,"{""type"":""MultiPoint"",""coordinates"":[]}"
20170202,2017-02-02,-0.0010660364967039792,273.419957445456,4.560000070244389E-4,"{""type"":""MultiPoint"",""coordinates"":[]}"
20170203,2017-02-03,-7.858655189812042E-4,273.7886137309318,0.0010099855946663235,"{""type"":""MultiPoint"",""coordinates"":[]}"
20170204,2017-02-04,-0.0012805273382554263,274.30199598045493,0.002371716379191882,"{""type"":""MultiPoint"",""coordinates"":[]}"
20170205,2017-02-05,-0.0016777851706269661,273.8334134153809,0.0010859619355225916,"{""type"":""MultiPoint"",""coordinates"":[]}"
20170206,2017-02-06,-5.495277249996485E-4,272.8788658154613,0.004542012741495226,"{""type"":""MultiPoint"",""coordinates"":[]}"
20170207,2017-02-07,-0.0013540072213098502,271.8398442723889,6.454806416031482E-4,"{""type"":""MultiPoint"",""coordinates"":[]}"
20170208,2017-02-08,-0.0016858321665974298,270.33996211965575,1.873820152673518E-4,"{""type"":""MultiPoint"",""coordinates"":[]}"
20170209,2017-02-09,-0.001854185279368538,269.81309840322956,7.15126958297155E-5,"{""type"":""MultiPoint"",""coordinates"":[]}"
20170210,2017-02-10,-0.001690249732118123,271.2062532238265,4.5259076273127994E-4,"{""type"":""MultiPoint"",""coordinates"":[]}"
20170211,2017-02-11,-0.0017838232708528295,271.89474377437415,4.6207670745468973E-4,"{""type"":""MultiPoint"",""coordinates"":[]}"
20170212,2017-02-12,-0.0019119805267846402,272.0902433811909,1.3840093843832717E-5,"{""type"":""MultiPoint"",""coordinates"":[]}"
20170213,2017-02-13,-0.0022480291880456597,271.48485569299123,1.004377303432355E-5,"{""type"":""MultiPoint"",""coordinates"":[]}"
20170214,2017-02-14,-0.002227975134303625,272.4018976029422,1.0565717579675241E-6,"{""type"":""MultiPoint"",""coordinates"":[]}"
20170215,2017-02-15,-0.0023660666851655896,274.17076711739,1.0241731043214928E-9,"{""type"":""MultiPoint"",""coordinates"":[]}"
20170216,2017-02-16,-0.0023279667708182568,274.4960538103029,7.028936575291441E-5,"{""type"":""MultiPoint"",""coordinates"":[]}"
20170217,2017-02-17,-5.553859614567043E-4,273.800194902257,0.0063646841988638375,"{""type"":""MultiPoint"",""coordinates"":[]}"
20170218,2017-02-18,-0.0014341569361579914,273.9422779303554,0.0017683027142135585,"{""type"":""MultiPoint"",""coordinates"":[]}"
20170219,2017-02-19,-0.0024724348055670258,273.3749189562611,3.6607943122695584E-4,"{""type"":""MultiPoint"",""coordinates"":[]}"
20170220,2017-02-20,-0.0022562612157597728,275.1511470290145,0.0028094520071584657,"{""type"":""MultiPoint"",""coordinates"":[]}"
20170221,2017-02-21,-9.74926917324989E-4,277.92524347620457,0.010095904124915305,"{""type"":""MultiPoint"",""coordinates"":[]}"
20170222,2017-02-22,-0.0033279025982084027,279.20465885144137,0.0026137058051825925,"{""type"":""MultiPoint"",""coordinates"":[]}"
20170223,2017-02-23,-0.00662317917296132,280.75878301322956,4.539857184727508E-4,"{""type"":""MultiPoint"",""coordinates"":[]}"
20170224,2017-02-24,-0.004262546267737262,275.80631574893744,0.003783496416607873,"{""type"":""MultiPoint"",""coordinates"":[]}"
20170225,2017-02-25,-0.0035882318922558568,272.97615228636334,5.0741219931496864E-5,"{""type"":""MultiPoint"",""coordinates"":[]}"
20170226,2017-02-26,-0.0030061525043404386,275.4548993909628,1.3953413236349313E-4,"{""type"":""MultiPoint"",""coordinates"":[]}"
20170227,2017-02-27,-0.0035904229425927463,276.9945341849893,7.691310124065552E-5,"{""type"":""MultiPoint"",""coordinates"":[]}"
20170228,2017-02-28,-0.0027356566777590944,276.172633546242,0.006276587688450114,"{""type"":""MultiPoint"",""coordinates"":[]}"
20170301,2017-03-01,-0.005040901964098072,275.60473276197825,0.002289930565128239,"{""type"":""MultiPoint"",""coordinates"":[]}"
20170302,2017-03-02,-0.0046236633257893,276.73255676651576,0.004406222204023569,"{""type"":""MultiPoint"",""coordinates"":[]}"
20170303,2017-03-03,-0.004309373166860706,276.4167647403527,3.0721262299172155E-5,"{""type"":""MultiPoint"",""coordinates"":[]}"
20170304,2017-03-04,-0.005319021059336698,279.6358367045319,9.243750712161675E-4,"{""type"":""MultiPoint"",""coordinates"":[]}"
20170305,2017-03-05,-0.0033588735425668643,277.4583535085505,0.00328459226206313,"{""type"":""MultiPoint"",""coordinates"":[]}"
20170306,2017-03-06,-0.004411977559631747,275.90402192800934,0.0036283377416601492,"{""type"":""MultiPoint"",""coordinates"":[]}"
20170307,2017-03-07,-0.0019170384367161806,274.59036733387006,0.0054604973589682405,"{""type"":""MultiPoint"",""coordinates"":[]}"
20170308,2017-03-08,-0.003475439183581414,275.43439382548405,0.003474482240565083,"{""type"":""MultiPoint"",""coordinates"":[]}"
20170309,2017-03-09,-0.0012362042251741093,278.03822571743706,0.016836128190462506,"{""type"":""MultiPoint"",""coordinates"":[]}"
20170310,2017-03-10,-0.003679620852544344,276.13699556496294,0.005025309629766602,"{""type"":""MultiPoint"",""coordinates"":[]}"
20170311,2017-03-11,-0.004903430940820921,275.79704560743386,1.1697762752591517E-4,"{""type"":""MultiPoint"",""coordinates"":[]}"
20170312,2017-03-12,-0.005135251134048316,275.290174477776,9.652808538203026E-5,"{""type"":""MultiPoint"",""coordinates"":[]}"
20170313,2017-03-13,-0.0046248283992823425,275.3915681027852,3.3624311676818627E-5,"{""type"":""MultiPoint"",""coordinates"":[]}"
20170314,2017-03-14,-0.004285979678422255,276.937882357191,2.8458836654426614E-5,"{""type"":""MultiPoint"",""coordinates"":[]}"
20170315,2017-03-15,-0.0034085173930994152,277.9284616234982,7.920207575163105E-5,"{""type"":""MultiPoint"",""coordinates"":[]}"
20170316,2017-03-16,-0.005487557379703122,278.5920606991692,2.0514015523643276E-6,"{""type"":""MultiPoint"",""coordinates"":[]}"
20170317,2017-03-17,-0.006177505206308888,280.34331666300756,0.0018925310393444242,"{""type"":""MultiPoint"",""coordinates"":[]}"
20170318,2017-03-18,-0.0020747763902301507,278.3996136333202,0.015363887715655505,"{""type"":""MultiPoint"",""coordinates"":[]}"
20170319,2017-03-19,-0.00229794363989381,279.8596813555274,0.009544782130297047,"{""type"":""MultiPoint"",""coordinates"":[]}"
20170320,2017-03-20,-0.004173197394488254,281.5970974454879,3.486363883703032E-4,"{""type"":""MultiPoint"",""coordinates"":[]}"
20170321,2017-03-21,-0.003601863470264349,280.85531863371864,0.0011900385088214282,"{""type"":""MultiPoint"",""coordinates"":[]}"
20170322,2017-03-22,-0.001512761065634572,278.34898028202093,0.005202114771998284,"{""type"":""MultiPoint"",""coordinates"":[]}"
20170323,2017-03-23,-0.003928839292875684,280.07546797191986,3.282846828806937E-4,"{""type"":""MultiPoint"",""coordinates"":[]}"
20170324,2017-03-24,-0.004854435726682787,279.613876740681,3.002098149177218E-5,"{""type"":""MultiPoint"",""coordinates"":[]}"
20170325,2017-03-25,-0.006169754168707205,279.24284253864033,1.7959964933703387E-5,"{""type"":""MultiPoint"",""coordinates"":[]}"
20170326,2017-03-26,-0.006400753505004336,277.7537248844215,6.394065335123574E-5,"{""type"":""MultiPoint"",""coordinates"":[]}"
20170327,2017-03-27,-0.007102209326367931,278.75341537215047,1.8598439238937031E-6,"{""type"":""MultiPoint"",""coordinates"":[]}"
20170328,2017-03-28,-0.0065096795768807645,281.3524693868816,2.7693232689851912E-6,"{""type"":""MultiPoint"",""coordinates"":[]}"
20170329,2017-03-29,-0.0068864984188192185,282.7879080186509,7.679037855495189E-5,"{""type"":""MultiPoint"",""coordinates"":[]}"
20170330,2017-03-30,-0.005629076223264334,283.0980772145623,1.3982459668576423E-4,"{""type"":""MultiPoint"",""coordinates"":[]}"
20170331,2017-03-31,-0.007102311146236073,284.218151213361,5.060206615674239E-6,"{""type"":""MultiPoint"",""coordinates"":[]}"
20170401,2017-04-01,-0.007755386111495617,284.51591275408333,5.269223790252333E-4,"{""type"":""MultiPoint"",""coordinates"":[]}"
20170402,2017-04-02,-0.006468354903558745,284.0945030862059,0.001203172583585605,"{""type"":""MultiPoint"",""coordinates"":[]}"
20170403,2017-04-03,-0.004028365264561969,282.68807355549933,0.005202145378975832,"{""type"":""MultiPoint"",""coordinates"":[]}"
20170404,2017-04-04,-0.0035199881642164954,281.0903916628572,0.0055447391802554424,"{""type"":""MultiPoint"",""coordinates"":[]}"
20170405,2017-04-05,-0.0042449053558247666,280.35446725182777,0.0021335995357634223,"{""type"":""MultiPoint"",""coordinates"":[]}"
20170406,2017-04-06,-0.0064022798766984815,278.0832952640153,0.002745208954444192,"{""type"":""MultiPoint"",""coordinates"":[]}"
20170407,2017-04-07,-0.004842163461479856,278.61021296570385,0.0032252993016878726,"{""type"":""MultiPoint"",""coordinates"":[]}"
20170408,2017-04-08,-0.005551183588202322,281.73897453078024,5.709865625684544E-4,"{""type"":""MultiPoint"",""coordinates"":[]}"
20170409,2017-04-09,-0.006956414350816105,283.21771683515175,4.683238771108874E-5,"{""type"":""MultiPoint"",""coordinates"":[]}"
20170410,2017-04-10,-0.008530211266014148,284.6895889425448,7.70777023553924E-4,"{""type"":""MultiPoint"",""coordinates"":[]}"
20170411,2017-04-11,-0.0061268917462920765,280.51460191890123,0.0022847345510199563,"{""type"":""MultiPoint"",""coordinates"":[]}"
20170412,2017-04-12,-0.007730141924731924,281.55008844231713,2.197414312452935E-4,"{""type"":""MultiPoint"",""coordinates"":[]}"
20170413,2017-04-13,-0.005487021807128967,281.5059498629996,0.002864368485965329,"{""type"":""MultiPoint"",""coordinates"":[]}"
20170414,2017-04-14,-0.006027216882144951,280.96786455092183,3.891660457476349E-4,"{""type"":""MultiPoint"",""coordinates"":[]}"
20170415,2017-04-15,-0.006280164548445701,281.4898306465194,0.0027740008413021924,"{""type"":""MultiPoint"",""coordinates"":[]}"
20170416,2017-04-16,-0.005034299126674136,278.33981401864,0.006164794377734023,"{""type"":""MultiPoint"",""coordinates"":[]}"
20170417,2017-04-17,-0.0039868965809356895,276.8598784687111,0.010306913716128935,"{""type"":""MultiPoint"",""coordinates"":[]}"
20170418,2017-04-18,-0.003774512869291353,274.345114073959,0.00754380488320774,"{""type"":""MultiPoint"",""coordinates"":[]}"
20170419,2017-04-19,-0.0048763376989644424,272.67531694570386,0.0055016204506744765,"{""type"":""MultiPoint"",""coordinates"":[]}"
20170420,2017-04-20,-0.0057522709628568544,272.7671545352394,0.0011330387834258475,"{""type"":""MultiPoint"",""coordinates"":[]}"
20170421,2017-04-21,-0.007003524776254646,275.5211773743777,1.9236890914341636E-5,"{""type"":""MultiPoint"",""coordinates"":[]}"
20170422,2017-04-22,-0.005581813964318602,278.1053174266306,0.0041029411177531975,"{""type"":""MultiPoint"",""coordinates"":[]}"
20170423,2017-04-23,-0.006328263111041816,276.69257858457735,0.001913453153560597,"{""type"":""MultiPoint"",""coordinates"":[]}"
20170424,2017-04-24,-0.006982017690869676,278.843748795818,9.401358934086926E-5,"{""type"":""MultiPoint"",""coordinates"":[]}"
20170425,2017-04-25,-0.005444685495266926,281.5064024151548,0.005992661314199402,"{""type"":""MultiPoint"",""coordinates"":[]}"
20170426,2017-04-26,-0.0016642313785609614,277.5929234510258,0.011658391402467933,"{""type"":""MultiPoint"",""coordinates"":[]}"
20170427,2017-04-27,-0.0020514374426941003,276.0873991854402,0.012589030993090862,"{""type"":""MultiPoint"",""coordinates"":[]}"
20170428,2017-04-28,-0.0021308581898100225,275.23626432454915,0.013070885227883964,"{""type"":""MultiPoint"",""coordinates"":[]}"
20170429,2017-04-29,-0.0060026878624730145,277.4364950802999,6.151123896161085E-4,"{""type"":""MultiPoint"",""coordinates"":[]}"
20170430,2017-04-30,-0.008371742226007754,279.33839410052127,8.075019335798994E-5,"{""type"":""MultiPoint"",""coordinates"":[]}"
20170501,2017-05-01,-0.0056570548841592795,280.16557812945814,0.007980427673005363,"{""type"":""MultiPoint"",""coordinates"":[]}"
20170502,2017-05-02,-0.006621043374629214,280.58522842137813,0.004194428914122285,"{""type"":""MultiPoint"",""coordinates"":[]}"
20170503,2017-05-03,-0.0049671952668965845,281.67154592088,0.0028088789927051784,"{""type"":""MultiPoint"",""coordinates"":[]}"
20170504,2017-05-04,-0.004369736748358689,281.6863824503428,0.005634527471934344,"{""type"":""MultiPoint"",""coordinates"":[]}"
20170505,2017-05-05,-0.003960644788262731,281.93819425729504,0.003069426730735395,"{""type"":""MultiPoint"",""coordinates"":[]}"
20170506,2017-05-06,-0.007338212883564756,284.1081713436645,0.0023241235021673563,"{""type"":""MultiPoint"",""coordinates"":[]}"
20170507,2017-05-07,-0.003485857861571255,282.9266619637261,0.006941197379160857,"{""type"":""MultiPoint"",""coordinates"":[]}"
20170508,2017-05-08,-0.003461400633428828,281.76021214662455,0.01199953292337772,"{""type"":""MultiPoint"",""coordinates"":[]}"
20170509,2017-05-09,-0.0050684126683362895,278.616682907615,0.0037506433725945833,"{""type"":""MultiPoint"",""coordinates"":[]}"
20170510,2017-05-10,-0.007896855701675982,280.43690111136584,1.703769040933801E-5,"{""type"":""MultiPoint"",""coordinates"":[]}"
20170511,2017-05-11,-0.00867189992093814,284.71004397461644,4.2052028121073316E-4,"{""type"":""MultiPoint"",""coordinates"":[]}"
20170512,2017-05-12,-0.005950853928354457,286.0501043032542,0.0041703239382075786,"{""type"":""MultiPoint"",""coordinates"":[]}"
20170513,2017-05-13,-0.006045203248738952,286.06263805180646,0.004078411206754437,"{""type"":""MultiPoint"",""coordinates"":[]}"
20170514,2017-05-14,-0.005301406644344299,285.91998547356087,0.005295955898254894,"{""type"":""MultiPoint"",""coordinates"":[]}"
20170515,2017-05-15,-0.005130871628344348,285.71657759842134,0.0037465834210673107,"{""type"":""MultiPoint"",""coordinates"":[]}"
20170516,2017-05-16,-0.008282304979606839,286.69215105218603,2.3423600125183468E-4,"{""type"":""MultiPoint"",""coordinates"":[]}"
20170517,2017-05-17,-0.009657811576519567,288.27761293969337,5.450580622508104E-5,"{""type"":""MultiPoint"",""coordinates"":[]}"
20170518,2017-05-18,-0.009082480778689903,289.68253778499695,0.0012110530193462936,"{""type"":""MultiPoint"",""coordinates"":[]}"
20170519,2017-05-19,-0.009843175669509981,288.17699303408034,0.005273748677926413,"{""type"":""MultiPoint"",""coordinates"":[]}"
20170520,2017-05-20,-0.006957551827215263,283.77880822712956,9.809642455597164E-4,"{""type"":""MultiPoint"",""coordinates"":[]}"
20170521,2017-05-21,-0.006428918578396038,284.8394958601698,0.0012479803645575806,"{""type"":""MultiPoint"",""coordinates"":[]}"
20170522,2017-05-22,-0.007925081346271942,286.7822421203825,8.862785011986045E-4,"{""type"":""MultiPoint"",""coordinates"":[]}"
20170523,2017-05-23,-0.008351155434698219,288.2103083087472,0.0019240347672320822,"{""type"":""MultiPoint"",""coordinates"":[]}"
20170524,2017-05-24,-0.00802509238741678,286.322075134632,0.004547605577002667,"{""type"":""MultiPoint"",""coordinates"":[]}"
20170525,2017-05-25,-0.00689173671092174,285.17674673950853,0.0014933745531060278,"{""type"":""MultiPoint"",""coordinates"":[]}"
20170526,2017-05-26,-0.009939286671053704,287.4174447107013,2.5829170904951452E-5,"{""type"":""MultiPoint"",""coordinates"":[]}"
20170527,2017-05-27,-0.011041025683485644,289.38327008701384,1.458276612691647E-5,"{""type"":""MultiPoint"",""coordinates"":[]}"
20170528,2017-05-28,-0.011624004379223101,290.7190404067176,2.687980257884956E-5,"{""type"":""MultiPoint"",""coordinates"":[]}"
20170529,2017-05-29,-0.011126398237997902,292.41253572930896,1.877719802884451E-4,"{""type"":""MultiPoint"",""coordinates"":[]}"
20170530,2017-05-30,-0.009192091940175616,292.96153550555914,0.002515004787822389,"{""type"":""MultiPoint"",""coordinates"":[]}"
20170531,2017-05-31,-0.007867135889248963,291.4260132221296,0.003203553354902227,"{""type"":""MultiPoint"",""coordinates"":[]}"
20170601,2017-06-01,-0.007499695238890901,290.2751694847005,0.002368611117915676,"{""type"":""MultiPoint"",""coordinates"":[]}"
20170602,2017-06-02,-0.00737825141997665,290.4624403331426,0.0031638841320200985,"{""type"":""MultiPoint"",""coordinates"":[]}"
20170603,2017-06-03,-0.00964098358648071,291.76391592453825,8.55405610274954E-4,"{""type"":""MultiPoint"",""coordinates"":[]}"
20170604,2017-06-04,-0.005506472515628712,288.8643760956743,0.007526851999036891,"{""type"":""MultiPoint"",""coordinates"":[]}"
20170605,2017-06-05,-0.006540457867138808,288.18831374074637,0.0034865969952385272,"{""type"":""MultiPoint"",""coordinates"":[]}"
20170606,2017-06-06,-0.007027476329789182,287.8940644054911,0.009976663508327599,"{""type"":""MultiPoint"",""coordinates"":[]}"
20170607,2017-06-07,-0.009271711770957683,284.56262326663034,0.001539702659358303,"{""type"":""MultiPoint"",""coordinates"":[]}"
20170608,2017-06-08,-0.01055286154828784,286.9320718395239,9.24537186862198E-6,"{""type"":""MultiPoint"",""coordinates"":[]}"
20170609,2017-06-09,-0.010621600142458727,289.7664568134057,0.0013845674861852322,"{""type"":""MultiPoint"",""coordinates"":[]}"
20170610,2017-06-10,-0.009002602642579209,288.73898268606627,0.0026440882970356263,"{""type"":""MultiPoint"",""coordinates"":[]}"
20170611,2017-06-11,-0.011689432444599327,290.95996205309365,2.8254617047672317E-6,"{""type"":""MultiPoint"",""coordinates"":[]}"
20170612,2017-06-12,-0.009672456134642508,292.2855433954546,0.001793387314071004,"{""type"":""MultiPoint"",""coordinates"":[]}"
20170613,2017-06-13,-0.01138169479779652,290.5871105524351,9.904580357169845E-5,"{""type"":""MultiPoint"",""coordinates"":[]}"
20170614,2017-06-14,-0.009841591620739196,290.133612778464,5.549461756207586E-4,"{""type"":""MultiPoint"",""coordinates"":[]}"
20170615,2017-06-15,-0.010814603251407918,292.0241150624625,0.0011376107782968654,"{""type"":""MultiPoint"",""coordinates"":[]}"
20170616,2017-06-16,-0.010579297427450998,290.605232714951,0.006398746609206397,"{""type"":""MultiPoint"",""coordinates"":[]}"
20170617,2017-06-17,-0.010996229050061085,287.2266641847176,0.0012098213589880609,"{""type"":""MultiPoint"",""coordinates"":[]}"
20170618,2017-06-18,-0.010973366298899142,289.2209273605388,2.7589867065002174E-4,"{""type"":""MultiPoint"",""coordinates"":[]}"
20170619,2017-06-19,-0.011743656339545081,292.1443814445381,2.499259883775905E-5,"{""type"":""MultiPoint"",""coordinates"":[]}"
20170620,2017-06-20,-0.011615752606747843,294.8038572897235,7.731051743846037E-4,"{""type"":""MultiPoint"",""coordinates"":[]}"
20170621,2017-06-21,-0.010244333188958059,294.5483760724347,0.0017187903260577697,"{""type"":""MultiPoint"",""coordinates"":[]}"
20170622,2017-06-22,-0.012679273039426979,295.7455080416483,4.247034573647986E-4,"{""type"":""MultiPoint"",""coordinates"":[]}"
20170623,2017-06-23,-0.012582816036255143,294.9759632829096,0.0025901584772681477,"{""type"":""MultiPoint"",""coordinates"":[]}"
20170624,2017-06-24,-0.012033339069983691,294.0020364621974,7.77172210638055E-4,"{""type"":""MultiPoint"",""coordinates"":[]}"
20170625,2017-06-25,-0.006664332162693085,291.7474862514948,0.004548937520958424,"{""type"":""MultiPoint"",""coordinates"":[]}"
20170626,2017-06-26,-0.01185629687638779,293.39245611477884,4.922877594980011E-4,"{""type"":""MultiPoint"",""coordinates"":[]}"
20170627,2017-06-27,-0.007781477474268276,292.82144475275766,0.005689888238893846,"{""type"":""MultiPoint"",""coordinates"":[]}"
20170628,2017-06-28,-0.00963587930170819,293.3293666064085,0.005137659337234556,"{""type"":""MultiPoint"",""coordinates"":[]}"
20170629,2017-06-29,-0.008966942397989513,289.8924276180499,0.013520821086786894,"{""type"":""MultiPoint"",""coordinates"":[]}"
20170630,2017-06-30,-0.010428037506778743,289.2485745973037,0.0033357299031622147,"{""type"":""MultiPoint"",""coordinates"":[]}"
20170701,2017-07-01,-0.010393771002174179,288.6619611274007,0.0025602804160435324,"{""type"":""MultiPoint"",""coordinates"":[]}"
20170702,2017-07-02,-0.005135572141806821,287.44053847123286,0.0052152218135994785,"{""type"":""MultiPoint"",""coordinates"":[]}"
20170703,2017-07-03,-0.008231416744971201,288.7019478783274,0.002533774602496898,"{""type"":""MultiPoint"",""coordinates"":[]}"
20170704,2017-07-04,-0.009971685024400252,290.59839052759855,3.177542413967182E-4,"{""type"":""MultiPoint"",""coordinates"":[]}"
20170705,2017-07-05,-0.011658478639588514,292.928150972583,9.661618861255854E-4,"{""type"":""MultiPoint"",""coordinates"":[]}"
20170706,2017-07-06,-0.011742163095338426,293.945503756757,4.4297664418820574E-4,"{""type"":""MultiPoint"",""coordinates"":[]}"
20170707,2017-07-07,-0.0105716143427993,293.88565442608996,0.004639852900354613,"{""type"":""MultiPoint"",""coordinates"":[]}"
20170708,2017-07-08,-0.011132071046390342,294.3195918566935,0.0026060095316593314,"{""type"":""MultiPoint"",""coordinates"":[]}"
20170709,2017-07-09,-0.008349846583245552,294.1107774898695,0.002269684943392348,"{""type"":""MultiPoint"",""coordinates"":[]}"
20170710,2017-07-10,-0.008156688103771962,293.4802820947704,0.009432651053781849,"{""type"":""MultiPoint"",""coordinates"":[]}"
20170711,2017-07-11,-0.008682661243748961,291.4544156964451,0.007624364375185775,"{""type"":""MultiPoint"",""coordinates"":[]}"
20170712,2017-07-12,-0.00790109668217751,291.13192557512383,0.006712387798240051,"{""type"":""MultiPoint"",""coordinates"":[]}"
20170713,2017-07-13,-0.010250965302477601,288.4410605085718,8.150100734823944E-4,"{""type"":""MultiPoint"",""coordinates"":[]}"
20170714,2017-07-14,-0.006732196281997757,287.8643958277276,0.005690760828117125,"{""type"":""MultiPoint"",""coordinates"":[]}"
20170715,2017-07-15,-0.007075643506384618,286.47147685829117,0.006569141464404745,"{""type"":""MultiPoint"",""coordinates"":[]}"
20170716,2017-07-16,-0.00907328525810616,288.4903770798546,3.618873383595208E-4,"{""type"":""MultiPoint"",""coordinates"":[]}"
20170717,2017-07-17,-0.009213411176694906,291.38562851303624,3.5225867462990266E-4,"{""type"":""MultiPoint"",""coordinates"":[]}"
20170718,2017-07-18,-0.009079884267166924,293.0694074607968,0.001417730942338303,"{""type"":""MultiPoint"",""coordinates"":[]}"
20170719,2017-07-19,-0.010427778768833518,294.3637798369629,0.0012234662502936897,"{""type"":""MultiPoint"",""coordinates"":[]}"
20170720,2017-07-20,-0.008252476339528147,293.33487031050817,0.00690076557380415,"{""type"":""MultiPoint"",""coordinates"":[]}"
20170721,2017-07-21,-0.009554109664695245,293.09862073092324,0.0031491506265344882,"{""type"":""MultiPoint"",""coordinates"":[]}"
20170722,2017-07-22,-0.007676173193641001,293.3062735456425,0.003263755054854856,"{""type"":""MultiPoint"",""coordinates"":[]}"
20170723,2017-07-23,-0.006941681430810384,291.77447330409495,0.005287442415851811,"{""type"":""MultiPoint"",""coordinates"":[]}"
20170724,2017-07-24,-0.003038934593464127,288.2127696144989,0.020690548884443636,"{""type"":""MultiPoint"",""coordinates"":[]}"
20170725,2017-07-25,-0.008237724079719497,286.32309806889344,0.0067380306372129975,"{""type"":""MultiPoint"",""coordinates"":[]}"
20170726,2017-07-26,-0.0034534020936872497,285.2766975264783,0.021016769170044095,"{""type"":""MultiPoint"",""coordinates"":[]}"
20170727,2017-07-27,-0.004119887839723534,287.35744135501255,0.005448822350565744,"{""type"":""MultiPoint"",""coordinates"":[]}"
20170728,2017-07-28,-0.007397287398578755,289.44035485658594,0.0037148357947869148,"{""type"":""MultiPoint"",""coordinates"":[]}"
20170729,2017-07-29,-0.008479310334405039,291.5928897483718,4.3730344978446623E-4,"{""type"":""MultiPoint"",""coordinates"":[]}"
20170730,2017-07-30,-0.008022615647610042,293.61599103390586,0.0031526282148085128,"{""type"":""MultiPoint"",""coordinates"":[]}"
20170731,2017-07-31,-0.01014554975039282,295.25869439584625,4.406559265538935E-4,"{""type"":""MultiPoint"",""coordinates"":[]}"
20170801,2017-08-01,-0.012491492831846874,297.3819002873548,4.6757300797207666E-4,"{""type"":""MultiPoint"",""coordinates"":[]}"
20170802,2017-08-02,-0.008509441757375414,295.65660203804384,0.0019454265202130275,"{""type"":""MultiPoint"",""coordinates"":[]}"
20170803,2017-08-03,-0.009601743224852225,296.60673472224505,0.0015152021984909851,"{""type"":""MultiPoint"",""coordinates"":[]}"
20170804,2017-08-04,-0.007242364059341779,295.03508846521237,0.005016586832449167,"{""type"":""MultiPoint"",""coordinates"":[]}"
20170805,2017-08-05,-0.007908904883692612,294.5152215253927,0.003985132665334406,"{""type"":""MultiPoint"",""coordinates"":[]}"
20170806,2017-08-06,-0.003479785083793803,289.70358962142654,0.011677532130882951,"{""type"":""MultiPoint"",""coordinates"":[]}"
20170807,2017-08-07,-0.01028911488216236,290.1205136194666,3.1932199792915805E-4,"{""type"":""MultiPoint"",""coordinates"":[]}"
20170808,2017-08-08,-0.009782677747226375,291.98994822247204,0.0026273288698807564,"{""type"":""MultiPoint"",""coordinates"":[]}"
20170809,2017-08-09,-0.0065255553242587385,292.17752451693553,0.005357105851579464,"{""type"":""MultiPoint"",""coordinates"":[]}"
20170810,2017-08-10,-0.005847379764601718,291.71945805506317,0.008837154008660923,"{""type"":""MultiPoint"",""coordinates"":[]}"
20170811,2017-08-11,-0.0037053784576489097,287.49726287553216,0.010850050908886893,"{""type"":""MultiPoint"",""coordinates"":[]}"
20170812,2017-08-12,-0.007257544673306625,287.2132894674951,0.002103130440941789,"{""type"":""MultiPoint"",""coordinates"":[]}"
20170813,2017-08-13,-0.006655009511532524,289.0967058304212,5.907443158207489E-4,"{""type"":""MultiPoint"",""coordinates"":[]}"
20170814,2017-08-14,-0.008344696796629232,290.94347138284485,7.061511881803527E-4,"{""type"":""MultiPoint"",""coordinates"":[]}"
20170815,2017-08-15,-0.009586401471116878,292.9712779380159,2.0941872295090615E-4,"{""type"":""MultiPoint"",""coordinates"":[]}"
20170816,2017-08-16,-0.006230704306817994,291.8508283702609,0.003940208287143304,"{""type"":""MultiPoint"",""coordinates"":[]}"
20170817,2017-08-17,-0.008511116363029175,292.89368217600344,1.4351606665937726E-4,"{""type"":""MultiPoint"",""coordinates"":[]}"
20170818,2017-08-18,-0.00980546184873194,294.6933728261475,0.006109193601627603,"{""type"":""MultiPoint"",""coordinates"":[]}"
20170819,2017-08-19,-0.003632316828601311,288.8303757377037,0.01313303594179018,"{""type"":""MultiPoint"",""coordinates"":[]}"
20170820,2017-08-20,-0.006729951155375983,287.1707393482425,0.002279176642415523,"{""type"":""MultiPoint"",""coordinates"":[]}"
20170821,2017-08-21,-0.007551706853668468,286.80919019913824,3.6181065938113564E-4,"{""type"":""MultiPoint"",""coordinates"":[]}"
20170822,2017-08-22,-0.008410312213295678,287.6510328074221,9.41846057100892E-5,"{""type"":""MultiPoint"",""coordinates"":[]}"
20170823,2017-08-23,-0.007698799206218478,288.7939871138624,2.819025678335388E-4,"{""type"":""MultiPoint"",""coordinates"":[]}"
20170824,2017-08-24,-0.008099525386428334,291.55874511757844,0.0011403560476449229,"{""type"":""MultiPoint"",""coordinates"":[]}"
20170825,2017-08-25,-0.008703834654225627,293.3666822874656,3.5007630612154885E-4,"{""type"":""MultiPoint"",""coordinates"":[]}"
20170826,2017-08-26,-0.008583054551641493,294.38454392256364,8.224639144965734E-4,"{""type"":""MultiPoint"",""coordinates"":[]}"
20170827,2017-08-27,-0.00783438842714613,293.1601820773402,0.0036369783415357067,"{""type"":""MultiPoint"",""coordinates"":[]}"
20170828,2017-08-28,-0.0058605448606397804,290.63321868596404,0.004331678193008667,"{""type"":""MultiPoint"",""coordinates"":[]}"
20170829,2017-08-29,-0.009026188220334687,291.19025880160206,4.451644862556182E-6,"{""type"":""MultiPoint"",""coordinates"":[]}"
20170830,2017-08-30,-0.00983378621303033,293.1683292436358,3.5838082389549707E-4,"{""type"":""MultiPoint"",""coordinates"":[]}"
20170831,2017-08-31,-0.006107012407602728,291.85969178422073,0.011667898286911688,"{""type"":""MultiPoint"",""coordinates"":[]}"
20170901,2017-09-01,-0.0018944425045401342,286.2570619542918,0.020889413153094834,"{""type"":""MultiPoint"",""coordinates"":[]}"
20170902,2017-09-02,-0.003205956277503058,283.9729265935976,0.010376377970234977,"{""type"":""MultiPoint"",""coordinates"":[]}"
20170903,2017-09-03,-0.0032333055557210275,283.343859900955,0.0071144515120277795,"{""type"":""MultiPoint"",""coordinates"":[]}"
20170904,2017-09-04,-0.007074781559251859,284.86451093055007,5.443008257357107E-4,"{""type"":""MultiPoint"",""coordinates"":[]}"
20170905,2017-09-05,-0.004611865864352064,286.78129938933455,6.734356477987495E-4,"{""type"":""MultiPoint"",""coordinates"":[]}"
20170906,2017-09-06,-0.004492021901982873,288.0587787195871,0.0033399648293713237,"{""type"":""MultiPoint"",""coordinates"":[]}"
20170907,2017-09-07,-0.0066196520257052124,285.9179481841484,6.268698666065353E-4,"{""type"":""MultiPoint"",""coordinates"":[]}"
20170908,2017-09-08,-0.007534402573848693,286.7980637774336,1.0417042661078016E-5,"{""type"":""MultiPoint"",""coordinates"":[]}"
20170909,2017-09-09,-0.005847485222418576,287.19062470856176,0.0043863620949486995,"{""type"":""MultiPoint"",""coordinates"":[]}"
20170910,2017-09-10,-0.0026125868378423824,285.130172667338,0.009336359615109285,"{""type"":""MultiPoint"",""coordinates"":[]}"
20170911,2017-09-11,-0.003084262279951496,285.49532443273006,0.007784678709362959,"{""type"":""MultiPoint"",""coordinates"":[]}"
20170912,2017-09-12,-0.0034556254178466275,283.8358516893449,0.004500345538076465,"{""type"":""MultiPoint"",""coordinates"":[]}"
20170913,2017-09-13,-0.006097990955054867,285.5084652026297,0.002439163922567782,"{""type"":""MultiPoint"",""coordinates"":[]}"
20170914,2017-09-14,-0.005971528615505675,285.2136481360292,0.007050782532551847,"{""type"":""MultiPoint"",""coordinates"":[]}"
20170915,2017-09-15,-0.005855041466128743,283.29724318173794,4.85336826643592E-4,"{""type"":""MultiPoint"",""coordinates"":[]}"
20170916,2017-09-16,-0.0017426602917247822,282.5337305563567,0.0069650309793497095,"{""type"":""MultiPoint"",""coordinates"":[]}"
20170917,2017-09-17,-0.002424421601336767,281.7592731023995,0.0061999964313319824,"{""type"":""MultiPoint"",""coordinates"":[]}"
20170918,2017-09-18,-0.0039048525547984133,281.7687035016451,0.0024124354516573514,"{""type"":""MultiPoint"",""coordinates"":[]}"
20170919,2017-09-19,-0.0019809476229568903,281.08894122873954,0.008930625097231887,"{""type"":""MultiPoint"",""coordinates"":[]}"
20170920,2017-09-20,-0.0026941822405701535,281.3236751506283,0.006666807543902122,"{""type"":""MultiPoint"",""coordinates"":[]}"
20170921,2017-09-21,-0.00440597104598095,282.12463504123974,0.0010512181903988864,"{""type"":""MultiPoint"",""coordinates"":[]}"
20170922,2017-09-22,-0.004705974764945317,283.5114178285179,6.545936175406507E-4,"{""type"":""MultiPoint"",""coordinates"":[]}"
20170923,2017-09-23,-0.004412352439993748,283.8024853593522,0.0015113863557192977,"{""type"":""MultiPoint"",""coordinates"":[]}"
20170924,2017-09-24,-0.0030607239760775166,283.9306621472414,0.002289960180784746,"{""type"":""MultiPoint"",""coordinates"":[]}"
20170925,2017-09-25,-0.004317122234282171,283.7989854478453,4.968017184026066E-4,"{""type"":""MultiPoint"",""coordinates"":[]}"
20170926,2017-09-26,-0.00431729636526716,284.5808694311471,0.001307456137271889,"{""type"":""MultiPoint"",""coordinates"":[]}"
20170927,2017-09-27,-0.004409883227593741,285.3801116214357,6.163836561218093E-4,"{""type"":""MultiPoint"",""coordinates"":[]}"
20170928,2017-09-28,-0.004563442953998263,285.8111602583527,7.714148288526784E-5,"{""type"":""MultiPoint"",""coordinates"":[]}"
20170929,2017-09-29,-0.004066051555513854,285.306655831527,0.0010860243611851474,"{""type"":""MultiPoint"",""coordinates"":[]}"
20170930,2017-09-30,-0.005099347109211525,285.1280252594057,0.0023042581439944245,"{""type"":""MultiPoint"",""coordinates"":[]}"
20171001,2017-10-01,-0.0026099193244171442,283.33693039142224,0.004983379133628269,"{""type"":""MultiPoint"",""coordinates"":[]}"
20171002,2017-10-02,-0.005100378771309522,284.2760103272118,0.0018217428184533918,"{""type"":""MultiPoint"",""coordinates"":[]}"
20171003,2017-10-03,-0.0020705160384511603,283.74636446231204,0.014548667831486136,"{""type"":""MultiPoint"",""coordinates"":[]}"
20171004,2017-10-04,-0.005021850244068294,283.0731954950595,3.4382739941566695E-5,"{""type"":""MultiPoint"",""coordinates"":[]}"
20171005,2017-10-05,-0.009825870148269708,285.28038985151284,0.005567817548998845,"{""type"":""MultiPoint"",""coordinates"":[]}"
20171006,2017-10-06,-0.004474896039896085,280.18138357670654,0.005814984903583348,"{""type"":""MultiPoint"",""coordinates"":[]}"
20171007,2017-10-07,-0.004850104243598187,280.5883221427511,0.002207758957141132,"{""type"":""MultiPoint"",""coordinates"":[]}"
20171008,2017-10-08,-0.0023841251521010067,280.7418392085113,0.006191966393659639,"{""type"":""MultiPoint"",""coordinates"":[]}"
20171009,2017-10-09,-0.0027041802243481738,280.75457108579263,0.003443070950298423,"{""type"":""MultiPoint"",""coordinates"":[]}"
20171010,2017-10-10,-0.0038880657599968515,282.2898494268515,0.001510206289848034,"{""type"":""MultiPoint"",""coordinates"":[]}"
20171011,2017-10-11,-0.004326719559153973,284.32058683983666,1.7863722960560516E-4,"{""type"":""MultiPoint"",""coordinates"":[]}"
20171012,2017-10-12,-0.00517425082548879,284.65715972287904,1.853366714102708E-4,"{""type"":""MultiPoint"",""coordinates"":[]}"
20171013,2017-10-13,-0.0044940605362402426,284.6721785621442,6.42423475547457E-5,"{""type"":""MultiPoint"",""coordinates"":[]}"
20171014,2017-10-14,-0.0039433520618051224,284.7318358793184,2.032009711936808E-6,"{""type"":""MultiPoint"",""coordinates"":[]}"
20171015,2017-10-15,-0.0039239370706425514,285.4707555982001,6.982176082795647E-7,"{""type"":""MultiPoint"",""coordinates"":[]}"
20171016,2017-10-16,-0.004194245558052175,286.09258689098664,6.025005500669009E-7,"{""type"":""MultiPoint"",""coordinates"":[]}"
20171017,2017-10-17,-0.003972094540969129,285.63250041788467,5.367524950401456E-6,"{""type"":""MultiPoint"",""coordinates"":[]}"
20171018,2017-10-18,-0.0037307314719566037,284.7275603903678,1.0763027380477107E-5,"{""type"":""MultiPoint"",""coordinates"":[]}"
20171019,2017-10-19,-0.0037500838853314093,283.70434512958406,2.470803116318264E-5,"{""type"":""MultiPoint"",""coordinates"":[]}"
20171020,2017-10-20,-0.0036727739954585704,283.815609138021,1.6496552886327781E-4,"{""type"":""MultiPoint"",""coordinates"":[]}"
20171021,2017-10-21,-0.0015243402970677778,283.9045921765358,0.002686910192285062,"{""type"":""MultiPoint"",""coordinates"":[]}"
20171022,2017-10-22,-0.0025956240399360136,280.6973043745541,0.007269599273783183,"{""type"":""MultiPoint"",""coordinates"":[]}"
20171023,2017-10-23,-0.0020108096322586557,278.6579196530486,0.006577893728949512,"{""type"":""MultiPoint"",""coordinates"":[]}"
20171024,2017-10-24,-0.002065131560137103,280.3773494687002,0.001690203610617364,"{""type"":""MultiPoint"",""coordinates"":[]}"
20171025,2017-10-25,-0.0024659425920454717,282.8953082387972,5.719324582978296E-5,"{""type"":""MultiPoint"",""coordinates"":[]}"
20171026,2017-10-26,-0.002710328526446213,283.9413152273994,1.1396690043284282E-4,"{""type"":""MultiPoint"",""coordinates"":[]}"
20171027,2017-10-27,-0.001969276447176391,280.7516306704661,0.010304300161742776,"{""type"":""MultiPoint"",""coordinates"":[]}"
20171028,2017-10-28,-0.005112392172262258,279.13594763017323,0.0014526521359453347,"{""type"":""MultiPoint"",""coordinates"":[]}"
20171029,2017-10-29,-0.004413437677678799,278.76883176434075,0.013423654808354174,"{""type"":""MultiPoint"",""coordinates"":[]}"
20171030,2017-10-30,-0.0034289133077295367,275.93609483560505,0.0017698816773573528,"{""type"":""MultiPoint"",""coordinates"":[]}"
20171031,2017-10-31,-0.0027020348440184496,275.9397487250178,2.6585605631223284E-4,"{""type"":""MultiPoint"",""coordinates"":[]}"
20171101,2017-11-01,-0.001442611354737879,276.9707506907551,3.357858548655112E-4,"{""type"":""MultiPoint"",""coordinates"":[]}"
20171102,2017-11-02,-0.002968642983259414,280.32537647516045,5.641831136393125E-4,"{""type"":""MultiPoint"",""coordinates"":[]}"
20171103,2017-11-03,-0.0012569958047719517,279.5811450599074,0.001560343086695395,"{""type"":""MultiPoint"",""coordinates"":[]}"
20171104,2017-11-04,-0.0018410302462989728,279.0145914979589,1.2494637979389226E-5,"{""type"":""MultiPoint"",""coordinates"":[]}"
20171105,2017-11-05,-0.0016667488831297822,279.24850742161084,0.00927750218665577,"{""type"":""MultiPoint"",""coordinates"":[]}"
20171106,2017-11-06,-0.0011693077642783332,276.8574728537766,0.008520250675209609,"{""type"":""MultiPoint"",""coordinates"":[]}"
20171107,2017-11-07,-0.0017084274347931947,277.6902087831035,9.940351191488127E-4,"{""type"":""MultiPoint"",""coordinates"":[]}"
20171108,2017-11-08,-0.0010807658477035395,277.06124689413303,0.0023961879204894773,"{""type"":""MultiPoint"",""coordinates"":[]}"
20171109,2017-11-09,-0.001249376835220396,277.38156035647023,3.5234554040074797E-4,"{""type"":""MultiPoint"",""coordinates"":[]}"
20171110,2017-11-10,-0.0022060497430284494,277.0240338322317,0.0025106997535572226,"{""type"":""MultiPoint"",""coordinates"":[]}"
20171111,2017-11-11,-0.002206684011714075,277.1320478290273,0.008699073674700759,"{""type"":""MultiPoint"",""coordinates"":[]}"
20171112,2017-11-12,-0.0010041630678555731,276.9664431498915,0.017178048251961366,"{""type"":""MultiPoint"",""coordinates"":[]}"
20171113,2017-11-13,-0.001593803290028579,273.7180388858901,0.004763681825819752,"{""type"":""MultiPoint"",""coordinates"":[]}"
20171114,2017-11-14,-0.001513527739678002,272.6792334895994,1.809249736814205E-4,"{""type"":""MultiPoint"",""coordinates"":[]}"
20171115,2017-11-15,-0.0014479299019143238,272.1827733733968,7.3426544746380986E-6,"{""type"":""MultiPoint"",""coordinates"":[]}"
20171116,2017-11-16,-0.0011585734316324945,273.3320550624477,2.863127948787838E-5,"{""type"":""MultiPoint"",""coordinates"":[]}"
20171117,2017-11-17,-8.815426980150385E-4,273.8638552110464,8.196980489706902E-4,"{""type"":""MultiPoint"",""coordinates"":[]}"
20171118,2017-11-18,-0.0013248983098840734,274.4303793744312,7.61798016647252E-4,"{""type"":""MultiPoint"",""coordinates"":[]}"
20171119,2017-11-19,-0.0014757610853156123,273.45797813682367,0.006961481571611875,"{""type"":""MultiPoint"",""coordinates"":[]}"
20171120,2017-11-20,-0.001875091145796133,273.33946709131,0.004104715372380299,"{""type"":""MultiPoint"",""coordinates"":[]}"
20171121,2017-11-21,-9.861962258922575E-4,276.4943209342841,0.006414968382889221,"{""type"":""MultiPoint"",""coordinates"":[]}"
20171122,2017-11-22,-0.001163622316035562,277.10753926904357,1.8219467052687507E-4,"{""type"":""MultiPoint"",""coordinates"":[]}"
20171123,2017-11-23,-0.0011562337508475577,275.63382184896716,2.9108971314780597E-5,"{""type"":""MultiPoint"",""coordinates"":[]}"
20171124,2017-11-24,-0.0013324315098788436,277.1737411757818,4.3345413683666635E-4,"{""type"":""MultiPoint"",""coordinates"":[]}"
20171125,2017-11-25,-7.47583395778403E-4,276.16180935433584,0.005714049440603613,"{""type"":""MultiPoint"",""coordinates"":[]}"
20171126,2017-11-26,-0.0017474208457743186,272.44033637662665,0.002391447778172107,"{""type"":""MultiPoint"",""coordinates"":[]}"
20171127,2017-11-27,-0.0022267620347817753,271.75955847301407,9.384879470326261E-4,"{""type"":""MultiPoint"",""coordinates"":[]}"
20171128,2017-11-28,-0.0013411227950468813,273.68887432074854,0.0023557914035503575,"{""type"":""MultiPoint"",""coordinates"":[]}"
20171129,2017-11-29,-7.222905852086583E-4,273.12056477128766,0.004503735034506002,"{""type"":""MultiPoint"",""coordinates"":[]}"
20171130,2017-11-30,-8.268151789968338E-4,271.07905856676166,0.007116001691451057,"{""type"":""MultiPoint"",""coordinates"":[]}"
20171201,2017-12-01,-5.647976164684945E-4,268.9569622107238,2.976846094616147E-4,"{""type"":""MultiPoint"",""coordinates"":[]}"
20171202,2017-12-02,-7.672576105226522E-4,268.88587115639257,2.1248466705688098E-4,"{""type"":""MultiPoint"",""coordinates"":[]}"
20171203,2017-12-03,-0.0010759222908791105,268.81351198196876,0.0010184650931319638,"{""type"":""MultiPoint"",""coordinates"":[]}"
20171204,2017-12-04,-0.0010008363678518607,271.1832261080909,0.006303414728659797,"{""type"":""MultiPoint"",""coordinates"":[]}"
20171205,2017-12-05,-8.084988622704076E-4,273.1227254867936,0.0032723926261679108,"{""type"":""MultiPoint"",""coordinates"":[]}"
20171206,2017-12-06,-0.0011369055817551323,272.67435859722997,1.5820188037692163E-4,"{""type"":""MultiPoint"",""coordinates"":[]}"
20171207,2017-12-07,-7.323581234781827E-4,271.4793231539629,1.849118564970165E-5,"{""type"":""MultiPoint"",""coordinates"":[]}"
20171208,2017-12-08,-6.025280120978943E-4,272.1755464467229,0.00600720535346389,"{""type"":""MultiPoint"",""coordinates"":[]}"
20171209,2017-12-09,-0.0018706811360224389,269.21112632167956,0.0016638856602755898,"{""type"":""MultiPoint"",""coordinates"":[]}"
20171210,2017-12-10,-0.0017691768979964198,268.9348710234722,0.00332265878126366,"{""type"":""MultiPoint"",""coordinates"":[]}"
20171211,2017-12-11,-0.0010849210350333924,275.4537163819656,0.003648197298789771,"{""type"":""MultiPoint"",""coordinates"":[]}"
20171212,2017-12-12,-0.0014204179962238608,274.89299785775273,0.007593725055231122,"{""type"":""MultiPoint"",""coordinates"":[]}"
20171213,2017-12-13,-0.0011784407678222353,271.25203765068,6.717672111772482E-4,"{""type"":""MultiPoint"",""coordinates"":[]}"
20171214,2017-12-14,-0.0016390924244831409,273.03692164167825,0.004824249071048251,"{""type"":""MultiPoint"",""coordinates"":[]}"
20171215,2017-12-15,-8.32326283421555E-4,272.53270285271634,0.0037732859747875206,"{""type"":""MultiPoint"",""coordinates"":[]}"
20171216,2017-12-16,-4.967745561618173E-4,270.6723490209721,0.0026023228226305095,"{""type"":""MultiPoint"",""coordinates"":[]}"
20171217,2017-12-17,-7.259511625938222E-4,270.3377029114784,0.0038919577021766616,"{""type"":""MultiPoint"",""coordinates"":[]}"
20171218,2017-12-18,-5.874933967294353E-4,269.2843903006426,0.0012253687271379992,"{""type"":""MultiPoint"",""coordinates"":[]}"
20171219,2017-12-19,-5.125341610991086E-4,269.3563273411115,0.0010808051479404774,"{""type"":""MultiPoint"",""coordinates"":[]}"
20171220,2017-12-20,-4.3696841831992816E-4,271.24456789627646,0.0018509962220715137,"{""type"":""MultiPoint"",""coordinates"":[]}"
20171221,2017-12-21,-3.2673936043111225E-4,272.7439747684791,0.007118568900408217,"{""type"":""MultiPoint"",""coordinates"":[]}"
20171222,2017-12-22,-1.6107840618666746E-4,275.33360972962987,0.003928205251006983,"{""type"":""MultiPoint"",""coordinates"":[]}"
20171223,2017-12-23,-8.076682013697706E-4,276.0206191180734,0.0010121547067464866,"{""type"":""MultiPoint"",""coordinates"":[]}"
20171224,2017-12-24,-0.0012687255991261602,275.51125433733233,1.9787193713611203E-4,"{""type"":""MultiPoint"",""coordinates"":[]}"
20171225,2017-12-25,-5.58683921748127E-4,273.24573955968754,3.748224105593865E-5,"{""type"":""MultiPoint"",""coordinates"":[]}"
20171226,2017-12-26,-5.574815584822451E-4,271.8497688693431,1.2753104356313087E-4,"{""type"":""MultiPoint"",""coordinates"":[]}"
20171227,2017-12-27,-5.545067208574583E-4,273.29773075508837,0.003315696450926438,"{""type"":""MultiPoint"",""coordinates"":[]}"
20171228,2017-12-28,-0.001028501675334026,272.67950554514005,0.01029384558237885,"{""type"":""MultiPoint"",""coordinates"":[]}"
20171229,2017-12-29,-0.0014888864498445943,269.3163558421944,0.0016975589870675092,"{""type"":""MultiPoint"",""coordinates"":[]}"
20171230,2017-12-30,-9.624055359752089E-4,272.8229118453599,0.006042516026753049,"{""type"":""MultiPoint"",""coordinates"":[]}"
20171231,2017-12-31,-0.0012882122866169927,277.79541178181864,0.0032800840357007765,"{""type"":""MultiPoint"",""coordinates"":[]}"
20180101,2018-01-01,-0.0013600637798828398,274.7228542656132,0.001207166009762237,"{""type"":""MultiPoint"",""coordinates"":[]}"
20180102,2018-01-02,-0.0013540000782850442,273.6138736333061,0.003160220738613494,"{""type"":""MultiPoint"",""coordinates"":[]}"
20180103,2018-01-03,-0.0019626617199678797,274.52796246123364,0.010981140340204708,"{""type"":""MultiPoint"",""coordinates"":[]}"
20180104,2018-01-04,-0.0012886090191115947,275.8950756084579,0.016255475351779805,"{""type"":""MultiPoint"",""coordinates"":[]}"
20180105,2018-01-05,-0.0010865733119381597,278.30945816464873,0.005160777602722476,"{""type"":""MultiPoint"",""coordinates"":[]}"
20180106,2018-01-06,-5.455370867768042E-4,276.41826166610065,6.096603648332449E-4,"{""type"":""MultiPoint"",""coordinates"":[]}"
20180107,2018-01-07,-6.568635724414915E-4,275.9670596006642,3.1048434574604164E-4,"{""type"":""MultiPoint"",""coordinates"":[]}"
20180108,2018-01-08,-8.588013725086564E-4,276.10144367367036,6.303208272345311E-4,"{""type"":""MultiPoint"",""coordinates"":[]}"
20180109,2018-01-09,-0.001064899968393492,276.85953927736807,0.001511386729717943,"{""type"":""MultiPoint"",""coordinates"":[]}"
20180110,2018-01-10,-6.631928128566538E-4,274.5421089282343,0.0028422583086168433,"{""type"":""MultiPoint"",""coordinates"":[]}"
20180111,2018-01-11,-6.599602975639528E-4,273.86170348218127,2.7649337058322296E-4,"{""type"":""MultiPoint"",""coordinates"":[]}"
20180112,2018-01-12,-8.736051932219318E-4,273.939666674923,4.8086314696733424E-4,"{""type"":""MultiPoint"",""coordinates"":[]}"
20180113,2018-01-13,-0.0011480494956431521,272.4338872371701,5.649819076096545E-4,"{""type"":""MultiPoint"",""coordinates"":[]}"
20180114,2018-01-14,-0.0012322519303141258,271.2092561697726,0.001084663793176185,"{""type"":""MultiPoint"",""coordinates"":[]}"
20180115,2018-01-15,-0.0013159627045565483,270.70177148264884,5.143957997211683E-4,"{""type"":""MultiPoint"",""coordinates"":[]}"
20180116,2018-01-16,-0.001347431975991259,272.8773362394704,0.010279075199901677,"{""type"":""MultiPoint"",""coordinates"":[]}"
20180117,2018-01-17,-0.002017477761112762,271.9175362033203,0.008496193458733137,"{""type"":""MultiPoint"",""coordinates"":[]}"
20180118,2018-01-18,-0.002416612270398428,273.39789313395113,0.007495515556853168,"{""type"":""MultiPoint"",""coordinates"":[]}"
20180119,2018-01-19,-0.0012108138760889174,272.8486684212248,0.008273187246348077,"{""type"":""MultiPoint"",""coordinates"":[]}"
20180120,2018-01-20,-0.0010911870324363635,271.15035570665754,0.006393212164154089,"{""type"":""MultiPoint"",""coordinates"":[]}"
20180121,2018-01-21,-7.721353043650153E-4,270.97322721739886,0.008035321882634776,"{""type"":""MultiPoint"",""coordinates"":[]}"
20180122,2018-01-22,-4.124420168259686E-4,271.7167629762705,0.011244798414981794,"{""type"":""MultiPoint"",""coordinates"":[]}"
20180123,2018-01-23,-7.668934718717361E-4,273.97844483482066,0.0028913971109514698,"{""type"":""MultiPoint"",""coordinates"":[]}"
20180124,2018-01-24,-7.982025758137221E-4,274.5012650817304,2.2564542583691934E-4,"{""type"":""MultiPoint"",""coordinates"":[]}"
20180125,2018-01-25,-0.0010514752575609587,274.66364377979403,1.731330882609593E-5,"{""type"":""MultiPoint"",""coordinates"":[]}"
20180126,2018-01-26,-7.723202238482298E-4,274.3018884596972,1.698724909774779E-4,"{""type"":""MultiPoint"",""coordinates"":[]}"
20180127,2018-01-27,-7.754072971333042E-4,274.2724180073917,2.0979236725959973E-4,"{""type"":""MultiPoint"",""coordinates"":[]}"
20180128,2018-01-28,-0.0014474279227850325,275.72795804867945,1.563451382490114E-4,"{""type"":""MultiPoint"",""coordinates"":[]}"
20180129,2018-01-29,-0.002090920088206486,277.78742218140883,1.9046375996748937E-4,"{""type"":""MultiPoint"",""coordinates"":[]}"
20180130,2018-01-30,-0.0019269971814882948,276.2440682662149,0.0013551386812017101,"{""type"":""MultiPoint"",""coordinates"":[]}"
20180131,2018-01-31,-0.0017980577467964995,274.9663510193757,6.528960481332744E-4,"{""type"":""MultiPoint"",""coordinates"":[]}"
20180201,2018-02-01,-7.592822033932401E-4,273.90985489879415,0.007180138420713608,"{""type"":""MultiPoint"",""coordinates"":[]}"
20180202,2018-02-02,-0.0015846241687038367,272.1603857972105,0.001062623962824274,"{""type"":""MultiPoint"",""coordinates"":[]}"
20180203,2018-02-03,-0.0012973146807931646,271.0939883491163,0.001268574198271445,"{""type"":""MultiPoint"",""coordinates"":[]}"
20180204,2018-02-04,-0.0014030330280795317,270.33717705128765,6.724249889848376E-4,"{""type"":""MultiPoint"",""coordinates"":[]}"
20180205,2018-02-05,-0.0018867467232259786,269.54447359901854,1.1763209335849832E-4,"{""type"":""MultiPoint"",""coordinates"":[]}"
20180206,2018-02-06,-0.001757764772789242,269.88440212347655,8.331612887851504E-5,"{""type"":""MultiPoint"",""coordinates"":[]}"
20180207,2018-02-07,-8.116193983049886E-4,270.69277628719243,0.0038508575829144056,"{""type"":""MultiPoint"",""coordinates"":[]}"
20180208,2018-02-08,-0.0012265141218614141,270.98782861679393,0.0011997101411289372,"{""type"":""MultiPoint"",""coordinates"":[]}"
20180209,2018-02-09,-0.001522607128216879,270.9911513843623,7.481024581490493E-5,"{""type"":""MultiPoint"",""coordinates"":[]}"
20180210,2018-02-10,-0.0013864782547468742,270.87726990781107,5.941427414123618E-4,"{""type"":""MultiPoint"",""coordinates"":[]}"
20180211,2018-02-11,-0.0015502439194429252,271.6519496826905,0.0018611500835602657,"{""type"":""MultiPoint"",""coordinates"":[]}"
20180212,2018-02-12,-0.0012295236103372826,271.6311999580248,0.003941269918105313,"{""type"":""MultiPoint"",""coordinates"":[]}"
20180213,2018-02-13,-0.0018440287023757471,269.3232914264564,6.646871137828187E-4,"{""type"":""MultiPoint"",""coordinates"":[]}"
20180214,2018-02-14,-0.0019308008276088667,268.58715861099927,5.604427578625285E-4,"{""type"":""MultiPoint"",""coordinates"":[]}"
20180215,2018-02-15,-0.0015713264743693132,269.7398745725815,0.003246045789378647,"{""type"":""MultiPoint"",""coordinates"":[]}"
20180216,2018-02-16,-6.079304796682309E-4,273.4713836465372,0.005191786876444599,"{""type"":""MultiPoint"",""coordinates"":[]}"
20180217,2018-02-17,-0.001000998134015016,272.19956783410237,0.005169421476059135,"{""type"":""MultiPoint"",""coordinates"":[]}"
20180218,2018-02-18,-0.0016771985522733214,271.1006455772902,0.0015841957123366357,"{""type"":""MultiPoint"",""coordinates"":[]}"
20180219,2018-02-19,-0.001719290219253227,269.0139415845288,8.91711322769188E-5,"{""type"":""MultiPoint"",""coordinates"":[]}"
20180220,2018-02-20,-0.0014147361560822138,269.90069031351777,0.0019337748093585503,"{""type"":""MultiPoint"",""coordinates"":[]}"
20180221,2018-02-21,-0.0021058946699263905,269.2606722766185,8.43407257231658E-4,"{""type"":""MultiPoint"",""coordinates"":[]}"
20180222,2018-02-22,-0.002409452469320285,268.78214390539677,0.0010923615193961411,"{""type"":""MultiPoint"",""coordinates"":[]}"
20180223,2018-02-23,-0.0024278129019454833,268.7983306047897,3.1611320176632313E-4,"{""type"":""MultiPoint"",""coordinates"":[]}"
20180224,2018-02-24,-0.003391154757926987,267.6858700260485,1.270055285704136E-4,"{""type"":""MultiPoint"",""coordinates"":[]}"
20180225,2018-02-25,-0.002979863352736768,263.18247605758444,9.676146632137365E-5,"{""type"":""MultiPoint"",""coordinates"":[]}"
20180226,2018-02-26,-0.0021795544629258324,260.689162670536,4.6855939888872377E-4,"{""type"":""MultiPoint"",""coordinates"":[]}"
20180227,2018-02-27,-0.002063049090811487,260.69955499658937,5.380555436764632E-4,"{""type"":""MultiPoint"",""coordinates"":[]}"
20180228,2018-02-28,-0.002378265897942808,260.73503046057925,5.3569238918027243E-5,"{""type"":""MultiPoint"",""coordinates"":[]}"
20180301,2018-03-01,-0.002597729000527448,263.9684385706289,1.4051893593820962E-4,"{""type"":""MultiPoint"",""coordinates"":[]}"
20180302,2018-03-02,-0.002494013887407064,267.42535363388873,0.0010293981352096446,"{""type"":""MultiPoint"",""coordinates"":[]}"
20180303,2018-03-03,-0.0023696465779945346,269.6163177524822,6.92289862117923E-4,"{""type"":""MultiPoint"",""coordinates"":[]}"
20180304,2018-03-04,-0.002958222405862248,272.01032483953924,3.47369674132947E-4,"{""type"":""MultiPoint"",""coordinates"":[]}"
20180305,2018-03-05,-0.002851689192086882,273.4758245052724,2.128634076200926E-4,"{""type"":""MultiPoint"",""coordinates"":[]}"
20180306,2018-03-06,-0.0011226740872806705,273.3592659246179,0.0033591360252302545,"{""type"":""MultiPoint"",""coordinates"":[]}"
20180307,2018-03-07,-0.0024237522223385815,274.95103205694477,0.0024993689425169565,"{""type"":""MultiPoint"",""coordinates"":[]}"
20180308,2018-03-08,-0.0044292846657013035,275.01930487428,3.7332806433110227E-4,"{""type"":""MultiPoint"",""coordinates"":[]}"
20180309,2018-03-09,-0.0028944469939609016,275.9680918848394,8.588845466696813E-4,"{""type"":""MultiPoint"",""coordinates"":[]}"
20180310,2018-03-10,-0.0018228648727123685,277.8261754598733,5.785153675085934E-4,"{""type"":""MultiPoint"",""coordinates"":[]}"
20180311,2018-03-11,-0.0033703440806326533,279.3092420721015,7.345281461791558E-4,"{""type"":""MultiPoint"",""coordinates"":[]}"
20180312,2018-03-12,-0.002363169977406487,279.20413123343906,0.006256012515909077,"{""type"":""MultiPoint"",""coordinates"":[]}"
20180313,2018-03-13,-0.004925528279529487,278.04094525473687,0.0015883697872884279,"{""type"":""MultiPoint"",""coordinates"":[]}"
20180314,2018-03-14,-0.0025764825199438165,275.99943599722695,0.0021427879537475143,"{""type"":""MultiPoint"",""coordinates"":[]}"
20180315,2018-03-15,-0.004261387752866357,276.5229285341057,4.594993310327396E-4,"{""type"":""MultiPoint"",""coordinates"":[]}"
20180316,2018-03-16,-0.0027598162420210915,277.34455099018425,0.005806737757543214,"{""type"":""MultiPoint"",""coordinates"":[]}"
20180317,2018-03-17,-0.0029578493844847373,272.9927324162619,0.002561764963910397,"{""type"":""MultiPoint"",""coordinates"":[]}"
20180318,2018-03-18,-0.004318518804177756,269.5608061344329,0.0023015574743621516,"{""type"":""MultiPoint"",""coordinates"":[]}"
20180319,2018-03-19,-0.0030702123527588487,268.7729772570642,0.0012774934619127535,"{""type"":""MultiPoint"",""coordinates"":[]}"
20180320,2018-03-20,-0.0033853135471455195,269.30757244933443,9.710438440272809E-4,"{""type"":""MultiPoint"",""coordinates"":[]}"
20180321,2018-03-21,-0.003735173153062133,270.1595289287826,0.001077438948262882,"{""type"":""MultiPoint"",""coordinates"":[]}"
20180322,2018-03-22,-0.0044601478665874175,271.11382859717816,7.695558391532509E-4,"{""type"":""MultiPoint"",""coordinates"":[]}"
20180323,2018-03-23,-0.0022076222551373646,272.95220153560183,0.0019803089718315394,"{""type"":""MultiPoint"",""coordinates"":[]}"
20180324,2018-03-24,-0.0047551081905572,274.2688321997819,5.3164674583228823E-5,"{""type"":""MultiPoint"",""coordinates"":[]}"
20180325,2018-03-25,-0.004564388650430634,274.9682929136959,1.5118748807737094E-5,"{""type"":""MultiPoint"",""coordinates"":[]}"
20180326,2018-03-26,-0.0030852130548885367,275.2220636540777,0.0019432728871143286,"{""type"":""MultiPoint"",""coordinates"":[]}"
20180327,2018-03-27,-0.0029288521534942525,275.0485062944035,0.003263581035017705,"{""type"":""MultiPoint"",""coordinates"":[]}"
20180328,2018-03-28,-0.0030754340728332704,277.1318029217566,0.006899210990849829,"{""type"":""MultiPoint"",""coordinates"":[]}"
20180329,2018-03-29,-0.0036893223009559924,277.59776628143067,0.004818245029054232,"{""type"":""MultiPoint"",""coordinates"":[]}"
20180330,2018-03-30,-0.005158649391413899,278.30471074115053,8.80208869541991E-4,"{""type"":""MultiPoint"",""coordinates"":[]}"
20180331,2018-03-31,-0.0027833731056889355,278.3522078016779,0.006259104898188196,"{""type"":""MultiPoint"",""coordinates"":[]}"
20180401,2018-04-01,-0.004655073200591215,276.5130400441269,0.005263246803208768,"{""type"":""MultiPoint"",""coordinates"":[]}"
20180402,2018-04-02,-0.006417683516917914,278.08989057386674,2.558659177729314E-4,"{""type"":""MultiPoint"",""coordinates"":[]}"
20180403,2018-04-03,-0.0066833277114362105,282.18789036733494,1.7358559719053132E-4,"{""type"":""MultiPoint"",""coordinates"":[]}"
20180404,2018-04-04,-0.006558659093220138,282.89697890716053,4.6273805220729206E-4,"{""type"":""MultiPoint"",""coordinates"":[]}"
20180405,2018-04-05,-0.00505497504995822,280.5980461571564,0.0034490959223526553,"{""type"":""MultiPoint"",""coordinates"":[]}"
20180406,2018-04-06,-0.0072107672860477565,278.9535766551691,6.485199578601988E-5,"{""type"":""MultiPoint"",""coordinates"":[]}"
20180407,2018-04-07,-0.007688991544959591,281.3486081057186,1.566863439902952E-5,"{""type"":""MultiPoint"",""coordinates"":[]}"
20180408,2018-04-08,-0.007033569539384618,283.09404662625496,2.4196677604710354E-4,"{""type"":""MultiPoint"",""coordinates"":[]}"
20180409,2018-04-09,-0.0071752675562714655,284.7000302649285,8.38753318968021E-5,"{""type"":""MultiPoint"",""coordinates"":[]}"
20180410,2018-04-10,-0.005932913660209156,283.5821489202002,0.001554666684701511,"{""type"":""MultiPoint"",""coordinates"":[]}"
20180411,2018-04-11,-0.007249788484704729,283.3484875588922,0.0010173813217107096,"{""type"":""MultiPoint"",""coordinates"":[]}"
20180412,2018-04-12,-0.0073568127336763964,285.04690494132586,9.113840161908377E-4,"{""type"":""MultiPoint"",""coordinates"":[]}"
20180413,2018-04-13,-0.007233005541809451,283.4843190436632,0.0025374840586843885,"{""type"":""MultiPoint"",""coordinates"":[]}"
20180414,2018-04-14,-0.007792568080156764,283.5376347647516,2.5802985273093025E-6,"{""type"":""MultiPoint"",""coordinates"":[]}"
20180415,2018-04-15,-0.00649378616891693,285.4127909671355,6.782280638022739E-4,"{""type"":""MultiPoint"",""coordinates"":[]}"
20180416,2018-04-16,-0.0029768927254166474,284.5347134221687,0.005247222669084921,"{""type"":""MultiPoint"",""coordinates"":[]}"
20180417,2018-04-17,-0.0060138231956274575,284.7107377118874,5.048305130892812E-4,"{""type"":""MultiPoint"",""coordinates"":[]}"
20180418,2018-04-18,-0.008787796545384398,285.4575194439102,1.7393507952619725E-7,"{""type"":""MultiPoint"",""coordinates"":[]}"
20180419,2018-04-19,-0.009509969026812783,287.1455371167948,4.3884987049804737E-7,"{""type"":""MultiPoint"",""coordinates"":[]}"
20180420,2018-04-20,-0.00927996641827626,288.3304740692056,2.148747398678097E-6,"{""type"":""MultiPoint"",""coordinates"":[]}"
20180421,2018-04-21,-0.008719969563097502,289.13335086046885,8.060771073440106E-6,"{""type"":""MultiPoint"",""coordinates"":[]}"
20180422,2018-04-22,-0.008227238748579448,289.2414061930249,1.008490036273825E-4,"{""type"":""MultiPoint"",""coordinates"":[]}"
20180423,2018-04-23,-0.007965761741761208,288.2069198283695,0.003382892119038739,"{""type"":""MultiPoint"",""coordinates"":[]}"
20180424,2018-04-24,-0.007584312855755216,286.88257939263156,9.778452453242385E-4,"{""type"":""MultiPoint"",""coordinates"":[]}"
20180425,2018-04-25,-0.010270981244710957,287.5644928145436,4.2908832451282877E-4,"{""type"":""MultiPoint"",""coordinates"":[]}"
20180426,2018-04-26,-0.004996726990887645,282.88926395180846,0.005139569004401662,"{""type"":""MultiPoint"",""coordinates"":[]}"
20180427,2018-04-27,-0.008286793318106535,284.328596623772,1.1955050084547499E-4,"{""type"":""MultiPoint"",""coordinates"":[]}"
20180428,2018-04-28,-0.008673719105423958,287.3971586770277,2.7895939005290356E-4,"{""type"":""MultiPoint"",""coordinates"":[]}"
20180429,2018-04-29,-0.010435681279378712,289.3683861121158,4.3964976371375024E-4,"{""type"":""MultiPoint"",""coordinates"":[]}"
20180430,2018-04-30,-0.009704142171730943,287.0917861703886,0.0019503979877997918,"{""type"":""MultiPoint"",""coordinates"":[]}"
20180501,2018-05-01,-0.007280031587679724,284.683622272295,6.916428210562693E-4,"{""type"":""MultiPoint"",""coordinates"":[]}"
20180502,2018-05-02,-0.007182571696096981,286.46102037178173,0.0016589504239045909,"{""type"":""MultiPoint"",""coordinates"":[]}"
20180503,2018-05-03,-0.005942713630360138,286.987690366822,0.002764997116787374,"{""type"":""MultiPoint"",""coordinates"":[]}"
20180504,2018-05-04,-0.0064152064198492705,287.20944023327115,0.0024508382489743397,"{""type"":""MultiPoint"",""coordinates"":[]}"
20180505,2018-05-05,-0.008833411716001252,287.60747856099675,9.03045907480524E-4,"{""type"":""MultiPoint"",""coordinates"":[]}"
20180506,2018-05-06,-0.011948439875714355,287.15537731218797,1.542255797987409E-4,"{""type"":""MultiPoint"",""coordinates"":[]}"
20180507,2018-05-07,-0.011811539731540442,287.7593993769773,3.4033679849936277E-4,"{""type"":""MultiPoint"",""coordinates"":[]}"
20180508,2018-05-08,-0.011425155153577407,287.7602493964229,0.0012937708753636692,"{""type"":""MultiPoint"",""coordinates"":[]}"
20180509,2018-05-09,-0.008387199544958911,287.3248023581173,0.002168785816222179,"{""type"":""MultiPoint"",""coordinates"":[]}"
20180510,2018-05-10,-0.007609427972805759,287.2220318497646,0.004240211836815272,"{""type"":""MultiPoint"",""coordinates"":[]}"
20180511,2018-05-11,-0.00602889666004514,287.05375161804983,0.001977606880086029,"{""type"":""MultiPoint"",""coordinates"":[]}"
20180512,2018-05-12,-0.00730302101885745,288.51097494127765,0.0032121302262177816,"{""type"":""MultiPoint"",""coordinates"":[]}"
20180513,2018-05-13,-0.009154964930043882,288.95980552708613,0.003849475218581625,"{""type"":""MultiPoint"",""coordinates"":[]}"
20180514,2018-05-14,-0.006607761961826186,287.090069446907,0.007614275516491214,"{""type"":""MultiPoint"",""coordinates"":[]}"
20180515,2018-05-15,-0.004340104533979342,283.94224345797954,0.01131191587123933,"{""type"":""MultiPoint"",""coordinates"":[]}"
20180516,2018-05-16,-0.0035774520930210454,283.3836236920255,0.00867616773342063,"{""type"":""MultiPoint"",""coordinates"":[]}"
20180517,2018-05-17,-0.0038243419253415445,284.20762996360526,0.009057379385270625,"{""type"":""MultiPoint"",""coordinates"":[]}"
20180518,2018-05-18,-0.006909424390538881,285.81298450416506,0.0022337778510612563,"{""type"":""MultiPoint"",""coordinates"":[]}"
20180519,2018-05-19,-0.006518947104219675,285.62885051102745,0.004629497316372899,"{""type"":""MultiPoint"",""coordinates"":[]}"
20180520,2018-05-20,-0.0080515541815139,286.39505713227015,0.0028386191071538727,"{""type"":""MultiPoint"",""coordinates"":[]}"
20180521,2018-05-21,-0.010172824983725777,287.71166070897203,8.690033900068812E-4,"{""type"":""MultiPoint"",""coordinates"":[]}"
20180522,2018-05-22,-0.007722054642218792,288.345647920066,0.00177374263997427,"{""type"":""MultiPoint"",""coordinates"":[]}"
20180523,2018-05-23,-0.006972463026662127,289.1599213723044,0.0037462930521550398,"{""type"":""MultiPoint"",""coordinates"":[]}"
20180524,2018-05-24,-0.004813935143269554,288.7124391355206,0.008980341826541963,"{""type"":""MultiPoint"",""coordinates"":[]}"
20180525,2018-05-25,-0.0061681497392481405,288.3138670713762,0.0055724856102164835,"{""type"":""MultiPoint"",""coordinates"":[]}"
20180526,2018-05-26,-0.009081751622756368,290.17092932098365,4.8734985884960687E-4,"{""type"":""MultiPoint"",""coordinates"":[]}"
20180527,2018-05-27,-0.007759869350854534,291.2708590018142,0.001484492827946902,"{""type"":""MultiPoint"",""coordinates"":[]}"
20180528,2018-05-28,-0.009658442544612013,292.16110183772076,0.001228870221895462,"{""type"":""MultiPoint"",""coordinates"":[]}"
20180529,2018-05-29,-0.009326046896674895,292.2466419994655,0.0035860302479226724,"{""type"":""MultiPoint"",""coordinates"":[]}"
20180530,2018-05-30,-0.00866692745780266,291.9850836406323,0.002550639314960306,"{""type"":""MultiPoint"",""coordinates"":[]}"
20180531,2018-05-31,-0.00835328740451163,292.26833751690896,0.0038444010008147856,"{""type"":""MultiPoint"",""coordinates"":[]}"
20180601,2018-06-01,-0.00665180136833449,291.004818804014,0.005264954298997655,"{""type"":""MultiPoint"",""coordinates"":[]}"
20180602,2018-06-02,-0.00723080941941592,290.57275645038186,0.002825207818106519,"{""type"":""MultiPoint"",""coordinates"":[]}"
20180603,2018-06-03,-0.009319562533667723,291.20264940141794,9.245788528354431E-4,"{""type"":""MultiPoint"",""coordinates"":[]}"
20180604,2018-06-04,-0.009511148743437914,291.97402467611147,0.001462651136827862,"{""type"":""MultiPoint"",""coordinates"":[]}"
20180605,2018-06-05,-0.009119408104531079,292.0069950246343,0.0015686485188694478,"{""type"":""MultiPoint"",""coordinates"":[]}"
20180606,2018-06-06,-0.009078657055668507,291.5741659497538,0.003682575765268303,"{""type"":""MultiPoint"",""coordinates"":[]}"
20180607,2018-06-07,-0.005819986615414656,290.77536831096427,0.004758097936459972,"{""type"":""MultiPoint"",""coordinates"":[]}"
20180608,2018-06-08,-0.007820588283836995,291.79329220532816,0.004125703618864806,"{""type"":""MultiPoint"",""coordinates"":[]}"
20180609,2018-06-09,-0.006488470713412506,291.8837433540592,0.006067237272418289,"{""type"":""MultiPoint"",""coordinates"":[]}"
20180610,2018-06-10,-0.008148580232594465,292.6463350445548,0.0030255715642371916,"{""type"":""MultiPoint"",""coordinates"":[]}"
20180611,2018-06-11,-0.008810564928742196,293.4271569304779,0.005173824648347372,"{""type"":""MultiPoint"",""coordinates"":[]}"
20180612,2018-06-12,-0.0064885696369398746,291.04603335913555,0.012019061409060465,"{""type"":""MultiPoint"",""coordinates"":[]}"
20180613,2018-06-13,-0.0034740519545699493,286.8367357321222,0.01880969441002664,"{""type"":""MultiPoint"",""coordinates"":[]}"
20180614,2018-06-14,-0.007103644626257343,286.70038027029955,0.0010601328385483723,"{""type"":""MultiPoint"",""coordinates"":[]}"
20180615,2018-06-15,-0.008964212380432464,288.31594473496483,1.2715176600839584E-4,"{""type"":""MultiPoint"",""coordinates"":[]}"
20180616,2018-06-16,-0.009700048400525421,290.212116717962,1.7769828648522487E-4,"{""type"":""MultiPoint"",""coordinates"":[]}"
20180617,2018-06-17,-0.009130970069677655,290.86394739343376,0.0023485230330440557,"{""type"":""MultiPoint"",""coordinates"":[]}"
20180618,2018-06-18,-0.008624614253203296,290.11093084214286,0.002069763668820486,"{""type"":""MultiPoint"",""coordinates"":[]}"
20180619,2018-06-19,-0.008417599209897554,290.96519770976215,2.928692165563339E-4,"{""type"":""MultiPoint"",""coordinates"":[]}"
20180620,2018-06-20,-0.010149080997367976,293.2728492508896,2.4138604579117043E-4,"{""type"":""MultiPoint"",""coordinates"":[]}"
20180621,2018-06-21,-0.011071720461920837,292.9070821243373,0.0044565569754418674,"{""type"":""MultiPoint"",""coordinates"":[]}"
20180622,2018-06-22,-0.010829005321522913,284.95407200693137,0.0035145633865474404,"{""type"":""MultiPoint"",""coordinates"":[]}"
20180623,2018-06-23,-0.010018384299103835,284.8667732096975,8.481220572192626E-4,"{""type"":""MultiPoint"",""coordinates"":[]}"
20180624,2018-06-24,-0.007769747740973025,285.8796165485208,0.002342530156966821,"{""type"":""MultiPoint"",""coordinates"":[]}"
20180625,2018-06-25,-0.0058757515585991784,286.2650682689926,0.0049702859696222935,"{""type"":""MultiPoint"",""coordinates"":[]}"
20180626,2018-06-26,-0.008059804051196318,287.57237020932587,0.0022061603058537555,"{""type"":""MultiPoint"",""coordinates"":[]}"
20180627,2018-06-27,-0.0077326703195080716,287.4835023423345,0.00633052085164341,"{""type"":""MultiPoint"",""coordinates"":[]}"
20180628,2018-06-28,-0.0030462715999965344,287.01229407052654,0.014910372437108303,"{""type"":""MultiPoint"",""coordinates"":[]}"
20180629,2018-06-29,-0.006384625401430868,290.6674565074484,0.004389749890452689,"{""type"":""MultiPoint"",""coordinates"":[]}"
20180630,2018-06-30,-0.010818795950698719,289.95442026767,8.927069191056341E-4,"{""type"":""MultiPoint"",""coordinates"":[]}"
20180701,2018-07-01,-0.01214653449824438,288.00291538635224,1.3023929802714014E-4,"{""type"":""MultiPoint"",""coordinates"":[]}"
20180702,2018-07-02,-0.011142090750816043,289.23439705529796,2.842226857720745E-4,"{""type"":""MultiPoint"",""coordinates"":[]}"
20180703,2018-07-03,-0.009190478043084866,290.7933544544947,0.001266332789683148,"{""type"":""MultiPoint"",""coordinates"":[]}"
20180704,2018-07-04,-0.009392750947442907,292.4758590378897,0.0016028432434994102,"{""type"":""MultiPoint"",""coordinates"":[]}"
20180705,2018-07-05,-0.008029815593386022,292.21837034828997,0.005824109664290084,"{""type"":""MultiPoint"",""coordinates"":[]}"
20180706,2018-07-06,-0.003961929022906375,289.7608892469781,0.014606089475412623,"{""type"":""MultiPoint"",""coordinates"":[]}"
20180707,2018-07-07,-0.010086367391010856,290.45916622079375,0.0013714779702053723,"{""type"":""MultiPoint"",""coordinates"":[]}"
20180708,2018-07-08,-0.009853837567940095,290.578747026564,0.0010543034867055824,"{""type"":""MultiPoint"",""coordinates"":[]}"
20180709,2018-07-09,-0.009012381360408536,291.2890727067239,4.762287876148323E-4,"{""type"":""MultiPoint"",""coordinates"":[]}"
20180710,2018-07-10,-0.006045793212475112,289.63406965835094,0.006144667943812964,"{""type"":""MultiPoint"",""coordinates"":[]}"
20180711,2018-07-11,-0.005670581364735146,287.82270411708555,0.003957159124065431,"{""type"":""MultiPoint"",""coordinates"":[]}"
20180712,2018-07-12,-0.009360419053949052,289.0263037016801,6.966402743115582E-4,"{""type"":""MultiPoint"",""coordinates"":[]}"
20180713,2018-07-13,-0.009716930115377331,291.0423013371851,4.5884698509717116E-4,"{""type"":""MultiPoint"",""coordinates"":[]}"
20180714,2018-07-14,-0.00965177742854615,292.09672524663637,0.0010227560028359666,"{""type"":""MultiPoint"",""coordinates"":[]}"
20180715,2018-07-15,-0.00915241814364918,291.954934752639,0.0020598638851023524,"{""type"":""MultiPoint"",""coordinates"":[]}"
20180716,2018-07-16,-0.007821614532874102,291.17255964371986,0.003783562343296141,"{""type"":""MultiPoint"",""coordinates"":[]}"
20180717,2018-07-17,-0.00972583824179307,291.55457978348636,0.0036561986739643113,"{""type"":""MultiPoint"",""coordinates"":[]}"
20180718,2018-07-18,-0.01093914757097936,291.98958900734686,0.0023636203692169273,"{""type"":""MultiPoint"",""coordinates"":[]}"
20180719,2018-07-19,-0.011967799213897581,292.5280946687495,2.638754317812799E-4,"{""type"":""MultiPoint"",""coordinates"":[]}"
20180720,2018-07-20,-0.0100820434147926,293.0553515814483,0.0012491464631932982,"{""type"":""MultiPoint"",""coordinates"":[]}"
20180721,2018-07-21,-0.004575651162898997,291.225024304204,0.01208822994696637,"{""type"":""MultiPoint"",""coordinates"":[]}"
20180722,2018-07-22,-0.0033801529436907124,289.837039872029,0.011673760697738598,"{""type"":""MultiPoint"",""coordinates"":[]}"
20180723,2018-07-23,-0.007124775809535702,291.3979627359872,0.0036985531733608164,"{""type"":""MultiPoint"",""coordinates"":[]}"
20180724,2018-07-24,-0.010127311487280159,293.08188125539726,2.8125913535957274E-4,"{""type"":""MultiPoint"",""coordinates"":[]}"
20180725,2018-07-25,-0.009479558344596241,293.60361364537226,0.0013553569223106572,"{""type"":""MultiPoint"",""coordinates"":[]}"
20180726,2018-07-26,-0.010161631132773625,293.5819117044105,0.0014643705305991013,"{""type"":""MultiPoint"",""coordinates"":[]}"
20180727,2018-07-27,-0.00966861825338377,293.8842729579015,0.001773936565567109,"{""type"":""MultiPoint"",""coordinates"":[]}"
20180728,2018-07-28,-0.009145242946789228,294.1473451946807,0.0025271650166825994,"{""type"":""MultiPoint"",""coordinates"":[]}"
20180729,2018-07-29,-0.009714738434388978,294.89873899033876,4.2966683053376344E-4,"{""type"":""MultiPoint"",""coordinates"":[]}"
20180730,2018-07-30,-0.010478721633974125,295.99835872248974,4.457272234145985E-4,"{""type"":""MultiPoint"",""coordinates"":[]}"
20180731,2018-07-31,-0.011639041910551592,296.8459879428751,1.6153455389713773E-4,"{""type"":""MultiPoint"",""coordinates"":[]}"
20180801,2018-08-01,-0.011247176456319804,296.7781475730346,0.0017833246207094246,"{""type"":""MultiPoint"",""coordinates"":[]}"
20180802,2018-08-02,-0.008560396842274994,295.8279243768767,0.00391627706832728,"{""type"":""MultiPoint"",""coordinates"":[]}"
20180803,2018-08-03,-0.010507251919226024,296.42398980795355,0.0010162897444648887,"{""type"":""MultiPoint"",""coordinates"":[]}"
20180804,2018-08-04,-0.010083017917415435,296.59319390497836,0.0010411662590455006,"{""type"":""MultiPoint"",""coordinates"":[]}"
20180805,2018-08-05,-0.009293427814297461,295.60454774623247,0.003094424755089428,"{""type"":""MultiPoint"",""coordinates"":[]}"
20180806,2018-08-06,-0.010977798649994883,295.3141710140322,4.3666282185559285E-4,"{""type"":""MultiPoint"",""coordinates"":[]}"
20180807,2018-08-07,-0.010274686192614575,295.9198249501185,0.0016179838531589121,"{""type"":""MultiPoint"",""coordinates"":[]}"
20180808,2018-08-08,-0.010003420583186828,296.1471736994035,0.002534255603456121,"{""type"":""MultiPoint"",""coordinates"":[]}"
20180809,2018-08-09,-0.013167459046245066,297.02889447405164,7.251762260674882E-4,"{""type"":""MultiPoint"",""coordinates"":[]}"
20180810,2018-08-10,-0.005740114578644075,291.26140337326063,0.008562363294256614,"{""type"":""MultiPoint"",""coordinates"":[]}"
20180811,2018-08-11,-0.007759740013900789,290.41935120414433,0.0015627142498772935,"{""type"":""MultiPoint"",""coordinates"":[]}"
20180812,2018-08-12,-0.010042528492359317,292.54788400528787,1.9190871546369062E-4,"{""type"":""MultiPoint"",""coordinates"":[]}"
20180813,2018-08-13,-0.009606855214801086,293.830607698098,0.0032788832604821218,"{""type"":""MultiPoint"",""coordinates"":[]}"
20180814,2018-08-14,-0.00670785024586681,291.3274056194869,0.005442695991746118,"{""type"":""MultiPoint"",""coordinates"":[]}"
20180815,2018-08-15,-0.00800995227374881,291.3836368115144,7.541781818677394E-4,"{""type"":""MultiPoint"",""coordinates"":[]}"
20180816,2018-08-16,-0.009875713070553287,292.7411287526812,8.887772780019025E-5,"{""type"":""MultiPoint"",""coordinates"":[]}"
20180817,2018-08-17,-0.009362227594963619,293.69963512917303,5.09909346945291E-4,"{""type"":""MultiPoint"",""coordinates"":[]}"
20180818,2018-08-18,-0.008201820435185279,293.79990764033147,0.0013755812126809562,"{""type"":""MultiPoint"",""coordinates"":[]}"
20180819,2018-08-19,-0.009250931873754519,294.62143926465916,7.022242620135148E-4,"{""type"":""MultiPoint"",""coordinates"":[]}"
20180820,2018-08-20,-0.009368549363133265,294.78390693443623,8.890814516235192E-4,"{""type"":""MultiPoint"",""coordinates"":[]}"
20180821,2018-08-21,-0.010020133574527917,294.48659549216376,4.24051586471174E-4,"{""type"":""MultiPoint"",""coordinates"":[]}"
20180822,2018-08-22,-0.009581893121404974,295.11407660838995,8.122446064722439E-4,"{""type"":""MultiPoint"",""coordinates"":[]}"
20180823,2018-08-23,-0.00813984818101345,294.67125085925676,0.004041325437812143,"{""type"":""MultiPoint"",""coordinates"":[]}"
20180824,2018-08-24,-0.005654646212386199,291.43771990489205,0.011907682698034945,"{""type"":""MultiPoint"",""coordinates"":[]}"
20180825,2018-08-25,-0.004022012227087796,286.7226627106149,0.009678191598426434,"{""type"":""MultiPoint"",""coordinates"":[]}"
20180826,2018-08-26,-0.006316073835598068,284.84854837972046,0.007980826313664192,"{""type"":""MultiPoint"",""coordinates"":[]}"
20180827,2018-08-27,-0.009225775116456416,287.7719089043706,5.4946164627497695E-5,"{""type"":""MultiPoint"",""coordinates"":[]}"
20180828,2018-08-28,-0.008052532973373024,290.9884364611544,1.401082123049348E-4,"{""type"":""MultiPoint"",""coordinates"":[]}"
20180829,2018-08-29,-0.008832681045161942,291.9982378661312,0.0025888831541938046,"{""type"":""MultiPoint"",""coordinates"":[]}"
20180830,2018-08-30,-0.004514408698972846,289.4144633518742,0.008033675493983664,"{""type"":""MultiPoint"",""coordinates"":[]}"
20180831,2018-08-31,-0.00334769769330052,287.54927101211786,0.010043713553854567,"{""type"":""MultiPoint"",""coordinates"":[]}"
20180901,2018-09-01,-0.0018833375466502233,286.2183799099229,0.015332843663414182,"{""type"":""MultiPoint"",""coordinates"":[]}"
20180902,2018-09-02,-0.002216435424178298,286.93067538795395,0.008955249278440115,"{""type"":""MultiPoint"",""coordinates"":[]}"
20180903,2018-09-03,-0.00302210736411413,288.0406973427877,0.007144791080907662,"{""type"":""MultiPoint"",""coordinates"":[]}"
20180904,2018-09-04,-0.0028855747395395213,288.26410681640147,0.006326939271380074,"{""type"":""MultiPoint"",""coordinates"":[]}"
20180905,2018-09-05,-0.006708279904033732,289.74190604494504,3.088010342021422E-4,"{""type"":""MultiPoint"",""coordinates"":[]}"
20180906,2018-09-06,-0.006446593683516502,289.6602070826909,0.0017068531138173238,"{""type"":""MultiPoint"",""coordinates"":[]}"
20180907,2018-09-07,-0.003719368088701685,288.6240384147619,0.003590628291793105,"{""type"":""MultiPoint"",""coordinates"":[]}"
20180908,2018-09-08,-0.006116404819125405,288.51382918842575,3.9707623741939735E-4,"{""type"":""MultiPoint"",""coordinates"":[]}"
20180909,2018-09-09,-0.006885760545606847,289.0412803174542,1.6208319852871576E-5,"{""type"":""MultiPoint"",""coordinates"":[]}"
20180910,2018-09-10,-0.007696773492450572,289.93910026678896,1.790879115773011E-5,"{""type"":""MultiPoint"",""coordinates"":[]}"
20180911,2018-09-11,-0.0081217195097345,290.9906928879841,1.0999273329922015E-4,"{""type"":""MultiPoint"",""coordinates"":[]}"
20180912,2018-09-12,-0.008096269625282048,292.0948988849121,1.2483597051081153E-4,"{""type"":""MultiPoint"",""coordinates"":[]}"
20180913,2018-09-13,-0.005499368476668022,291.0719708302211,0.004122622628361614,"{""type"":""MultiPoint"",""coordinates"":[]}"
20180914,2018-09-14,-0.002447973216829246,288.26578769399697,0.009535560755615414,"{""type"":""MultiPoint"",""coordinates"":[]}"
20180915,2018-09-15,-0.004711199055920092,287.87735169644117,8.763955305383268E-4,"{""type"":""MultiPoint"",""coordinates"":[]}"
20180916,2018-09-16,-0.0062415678796013275,288.7429258611265,1.561626424786811E-4,"{""type"":""MultiPoint"",""coordinates"":[]}"
20180917,2018-09-17,-0.005978037286055375,289.99582305119924,5.301052536720779E-4,"{""type"":""MultiPoint"",""coordinates"":[]}"
20180918,2018-09-18,-0.006649940284172353,290.9060782941555,0.001276140972945371,"{""type"":""MultiPoint"",""coordinates"":[]}"
20180919,2018-09-19,-0.005889926953947584,290.55493807014096,0.0013008494915153718,"{""type"":""MultiPoint"",""coordinates"":[]}"
20180920,2018-09-20,-0.006808325538595478,290.97583375948506,6.264265142145046E-5,"{""type"":""MultiPoint"",""coordinates"":[]}"
20180921,2018-09-21,-0.007693757474829283,290.8429456565324,0.003590979190897723,"{""type"":""MultiPoint"",""coordinates"":[]}"
20180922,2018-09-22,-0.006925764517360815,285.5757472010828,0.0024425148678348376,"{""type"":""MultiPoint"",""coordinates"":[]}"
20180923,2018-09-23,-0.005061782127946252,287.4103103932459,0.01276928823842601,"{""type"":""MultiPoint"",""coordinates"":[]}"
20180924,2018-09-24,-0.00804808624337115,281.4138420215023,0.0037375418990595252,"{""type"":""MultiPoint"",""coordinates"":[]}"
20180925,2018-09-25,-0.006502712737913424,279.78416739143233,4.104953673562727E-4,"{""type"":""MultiPoint"",""coordinates"":[]}"
20180926,2018-09-26,-0.006375859097209908,281.5218694414344,5.622354346493175E-6,"{""type"":""MultiPoint"",""coordinates"":[]}"
20180927,2018-09-27,-0.006515703106457328,284.84645082172824,1.9383491519979147E-6,"{""type"":""MultiPoint"",""coordinates"":[]}"
20180928,2018-09-28,-0.006751021967315298,285.9595740284316,3.9327507639302695E-4,"{""type"":""MultiPoint"",""coordinates"":[]}"
20180929,2018-09-29,-0.006508885984234792,282.443917957369,2.4084772931480422E-4,"{""type"":""MultiPoint"",""coordinates"":[]}"
20180930,2018-09-30,-0.005933616538372097,282.9257590870537,3.368573704442201E-4,"{""type"":""MultiPoint"",""coordinates"":[]}"
20181001,2018-10-01,-0.0027050631213669405,281.09556215761023,0.010297016451078892,"{""type"":""MultiPoint"",""coordinates"":[]}"
20181002,2018-10-02,-0.005697981950625766,279.8232403704875,0.00156364012148342,"{""type"":""MultiPoint"",""coordinates"":[]}"
20181003,2018-10-03,-0.005375464432636652,282.7911403300828,9.470180955951717E-4,"{""type"":""MultiPoint"",""coordinates"":[]}"
20181004,2018-10-04,-0.004889484760717633,282.82547129148566,2.5068457203976665E-5,"{""type"":""MultiPoint"",""coordinates"":[]}"
20181005,2018-10-05,-0.005381751566559807,283.8948492668882,1.9824731292693733E-6,"{""type"":""MultiPoint"",""coordinates"":[]}"
20181006,2018-10-06,-0.005367646996025916,285.9673438845091,3.6787453663952266E-4,"{""type"":""MultiPoint"",""coordinates"":[]}"
20181007,2018-10-07,-0.0026946141281666528,286.18568902448055,0.0034260844532186694,"{""type"":""MultiPoint"",""coordinates"":[]}"
20181008,2018-10-08,-0.003858536315141461,285.41980796948394,9.983574981694358E-5,"{""type"":""MultiPoint"",""coordinates"":[]}"
20181009,2018-10-09,-0.00395068112339949,285.36758524334044,8.916811183828082E-6,"{""type"":""MultiPoint"",""coordinates"":[]}"
20181010,2018-10-10,-0.005449498436993361,286.25077267853135,9.457792931893442E-6,"{""type"":""MultiPoint"",""coordinates"":[]}"
20181011,2018-10-11,-0.006202186138431611,286.90441034464294,1.6429011441179448E-4,"{""type"":""MultiPoint"",""coordinates"":[]}"
20181012,2018-10-12,-0.005075002450938662,287.13837096376335,1.3212000849075525E-4,"{""type"":""MultiPoint"",""coordinates"":[]}"
20181013,2018-10-13,-0.005466947735236209,286.290750675008,1.9051244071362625E-6,"{""type"":""MultiPoint"",""coordinates"":[]}"
20181014,2018-10-14,-0.006846727372108639,286.36374419751905,1.5308691936485843E-6,"{""type"":""MultiPoint"",""coordinates"":[]}"
20181015,2018-10-15,-0.0061551985337572985,285.9173106731203,1.96290966768533E-5,"{""type"":""MultiPoint"",""coordinates"":[]}"
20181016,2018-10-16,-0.004980956588396171,285.4339945131956,1.7748516243472255E-6,"{""type"":""MultiPoint"",""coordinates"":[]}"
20181017,2018-10-17,-0.004341257895517241,285.1252487841205,1.7386534456200714E-4,"{""type"":""MultiPoint"",""coordinates"":[]}"
20181018,2018-10-18,-0.003555383263881311,284.66132740740227,4.074218813459811E-4,"{""type"":""MultiPoint"",""coordinates"":[]}"
20181019,2018-10-19,-0.003591577427285303,284.00867981145194,3.8489999083758904E-5,"{""type"":""MultiPoint"",""coordinates"":[]}"
20181020,2018-10-20,-0.003269540843529622,282.86916266471025,4.027349839203895E-4,"{""type"":""MultiPoint"",""coordinates"":[]}"
20181021,2018-10-21,-0.003331019221361482,280.4165829095439,9.85814514607736E-4,"{""type"":""MultiPoint"",""coordinates"":[]}"
20181022,2018-10-22,-0.003848711132186691,280.00705135402364,1.815375028178731E-4,"{""type"":""MultiPoint"",""coordinates"":[]}"
20181023,2018-10-23,-0.006121669580944248,281.0568731601308,0.0010148342632112953,"{""type"":""MultiPoint"",""coordinates"":[]}"
20181024,2018-10-24,-0.003254067624270686,281.1219739048825,0.011537362981798189,"{""type"":""MultiPoint"",""coordinates"":[]}"
20181025,2018-10-25,-0.0036908867247029157,282.8617213965322,0.001919017075426528,"{""type"":""MultiPoint"",""coordinates"":[]}"
20181026,2018-10-26,-0.003833611731852014,282.3357829059023,1.1458883554388603E-4,"{""type"":""MultiPoint"",""coordinates"":[]}"
20181027,2018-10-27,-8.522210259677272E-4,278.6281449663413,0.015650795941104176,"{""type"":""MultiPoint"",""coordinates"":[]}"
20181028,2018-10-28,-8.50052560530753E-4,277.45462809106704,0.013375441146582165,"{""type"":""MultiPoint"",""coordinates"":[]}"
20181029,2018-10-29,-0.002036018968724765,282.2665296778131,0.004649493103078507,"{""type"":""MultiPoint"",""coordinates"":[]}"
20181030,2018-10-30,-0.006589471698839954,282.2950720187322,0.0012817240553786825,"{""type"":""MultiPoint"",""coordinates"":[]}"
20181031,2018-10-31,-0.0034262785309857584,280.1764167527026,4.1071571904720765E-5,"{""type"":""MultiPoint"",""coordinates"":[]}"
20181101,2018-11-01,-0.00310763074562977,282.08362932038716,0.001158694210570891,"{""type"":""MultiPoint"",""coordinates"":[]}"
20181102,2018-11-02,-0.0017083258576176606,281.65187970493156,0.002524805443525281,"{""type"":""MultiPoint"",""coordinates"":[]}"
20181103,2018-11-03,-0.0015087005904507599,281.9561872704049,7.56687628151603E-4,"{""type"":""MultiPoint"",""coordinates"":[]}"
20181104,2018-11-04,-0.00174987028186685,282.84665752533664,9.416585485631825E-5,"{""type"":""MultiPoint"",""coordinates"":[]}"
20181105,2018-11-05,-0.0028209329512187283,283.19529227111565,2.1668049600264368E-4,"{""type"":""MultiPoint"",""coordinates"":[]}"
20181106,2018-11-06,-0.0033762391268845793,283.4490077996666,7.052848416260923E-5,"{""type"":""MultiPoint"",""coordinates"":[]}"
20181107,2018-11-07,-0.002546164033236952,282.2916668381887,7.698530137009844E-5,"{""type"":""MultiPoint"",""coordinates"":[]}"
20181108,2018-11-08,-0.0012578052259838218,281.1754743366319,7.643268111306827E-4,"{""type"":""MultiPoint"",""coordinates"":[]}"
20181109,2018-11-09,-0.0015046128621082112,281.0352829256509,1.6712952162390094E-4,"{""type"":""MultiPoint"",""coordinates"":[]}"
20181110,2018-11-10,-0.002073516916860258,280.5736336472019,2.7831751075860586E-4,"{""type"":""MultiPoint"",""coordinates"":[]}"
20181111,2018-11-11,-0.0018550036693805148,280.85423233204415,4.017881866456977E-4,"{""type"":""MultiPoint"",""coordinates"":[]}"
20181112,2018-11-12,-0.0017279862516595566,281.20348335315276,1.6883176598431912E-4,"{""type"":""MultiPoint"",""coordinates"":[]}"
20181113,2018-11-13,-0.0014844498721984791,280.69264890903276,3.968994672135766E-4,"{""type"":""MultiPoint"",""coordinates"":[]}"
20181114,2018-11-14,-0.0016396347019625476,278.39295354388406,1.2806824822919876E-5,"{""type"":""MultiPoint"",""coordinates"":[]}"
20181115,2018-11-15,-0.0021625165178073245,277.1876389379481,1.3789717753588209E-5,"{""type"":""MultiPoint"",""coordinates"":[]}"
20181116,2018-11-16,-0.0022421500324832934,275.80090180133567,1.10654486292971E-5,"{""type"":""MultiPoint"",""coordinates"":[]}"
20181117,2018-11-17,-0.003273927460149796,274.3231560549693,9.87848896740945E-6,"{""type"":""MultiPoint"",""coordinates"":[]}"
20181118,2018-11-18,-0.0027797342422880927,273.08807681520557,5.790035639775879E-4,"{""type"":""MultiPoint"",""coordinates"":[]}"
20181119,2018-11-19,-0.002682570624800622,272.3329738121325,0.0011375233877971675,"{""type"":""MultiPoint"",""coordinates"":[]}"
20181120,2018-11-20,-0.0022000997666471933,273.2307047943306,0.001561748992666547,"{""type"":""MultiPoint"",""coordinates"":[]}"
20181121,2018-11-21,-0.0012881433543669905,273.9513675233848,3.0805137814947543E-4,"{""type"":""MultiPoint"",""coordinates"":[]}"
20181122,2018-11-22,-0.0011111262116202867,274.6182018887249,3.708105474458083E-4,"{""type"":""MultiPoint"",""coordinates"":[]}"
20181123,2018-11-23,-0.0012650392873999159,275.1825154957359,4.1661867597390364E-4,"{""type"":""MultiPoint"",""coordinates"":[]}"
20181124,2018-11-24,-5.860310782630047E-4,276.21538401028243,0.0022107062191409443,"{""type"":""MultiPoint"",""coordinates"":[]}"
20181125,2018-11-25,-9.067689427163351E-4,275.52765416653443,4.822346198241534E-4,"{""type"":""MultiPoint"",""coordinates"":[]}"
20181126,2018-11-26,-7.798808291706142E-4,274.4920965623376,0.010874994333267864,"{""type"":""MultiPoint"",""coordinates"":[]}"
20181127,2018-11-27,-0.001126225914522198,272.2928348219146,0.003935489859874251,"{""type"":""MultiPoint"",""coordinates"":[]}"
20181128,2018-11-28,-0.001421009915545423,270.79144288351904,5.496620760733455E-5,"{""type"":""MultiPoint"",""coordinates"":[]}"
20181129,2018-11-29,-0.0018660056004590386,270.47722194939445,3.004811584512948E-5,"{""type"":""MultiPoint"",""coordinates"":[]}"
20181130,2018-11-30,-0.0012897732951535933,271.97360518025863,0.0030505670461031665,"{""type"":""MultiPoint"",""coordinates"":[]}"
20181201,2018-12-01,-6.89401003966421E-4,273.35356569040334,0.001972366063356525,"{""type"":""MultiPoint"",""coordinates"":[]}"
20181202,2018-12-02,-7.649224593936543E-4,274.18292915084794,0.007085274355770697,"{""type"":""MultiPoint"",""coordinates"":[]}"
20181203,2018-12-03,-9.349466344370067E-4,278.51541380441574,0.01375359039729008,"{""type"":""MultiPoint"",""coordinates"":[]}"
20181204,2018-12-04,-8.933420679036033E-4,277.3363470791567,0.007884997787005858,"{""type"":""MultiPoint"",""coordinates"":[]}"
20181205,2018-12-05,-7.473244933783253E-4,273.83648767086095,3.745119757138499E-4,"{""type"":""MultiPoint"",""coordinates"":[]}"
20181206,2018-12-06,-5.4146975194683E-4,275.77215781242586,0.0029452806825875184,"{""type"":""MultiPoint"",""coordinates"":[]}"
20181207,2018-12-07,-8.576684277512937E-4,278.61431738403854,0.001504764348009388,"{""type"":""MultiPoint"",""coordinates"":[]}"
20181208,2018-12-08,-0.0032436824883926418,276.11886232791653,0.005512783047813571,"{""type"":""MultiPoint"",""coordinates"":[]}"
20181209,2018-12-09,-0.001871714263463647,275.95571951944083,0.013476129139268177,"{""type"":""MultiPoint"",""coordinates"":[]}"
20181210,2018-12-10,-0.0014772806172101563,273.5868209664392,0.008397856001748638,"{""type"":""MultiPoint"",""coordinates"":[]}"
20181211,2018-12-11,-0.001257874392839471,271.7835207757441,0.005144433608854487,"{""type"":""MultiPoint"",""coordinates"":[]}"
20181212,2018-12-12,-6.456037438277717E-4,270.3795482739424,0.0034138046022680443,"{""type"":""MultiPoint"",""coordinates"":[]}"
20181213,2018-12-13,-9.555020858126791E-4,268.3512713915083,3.028429753046141E-4,"{""type"":""MultiPoint"",""coordinates"":[]}"
20181214,2018-12-14,-8.901737885728661E-4,267.9058308752804,1.99637070134518E-4,"{""type"":""MultiPoint"",""coordinates"":[]}"
20181215,2018-12-15,-8.516431156694677E-4,267.82288832573965,0.001041543260687066,"{""type"":""MultiPoint"",""coordinates"":[]}"
20181216,2018-12-16,-4.770708232155275E-4,268.3168811175385,0.001097534402889226,"{""type"":""MultiPoint"",""coordinates"":[]}"
20181217,2018-12-17,-3.9269346014440294E-4,271.0042359257035,4.5906296010708015E-4,"{""type"":""MultiPoint"",""coordinates"":[]}"
20181218,2018-12-18,-3.948510235666079E-4,271.3969060744941,1.7051592088801676E-4,"{""type"":""MultiPoint"",""coordinates"":[]}"
20181219,2018-12-19,-4.738420778110466E-4,270.75836244945657,0.001924243580351299,"{""type"":""MultiPoint"",""coordinates"":[]}"
20181220,2018-12-20,-6.350387567069676E-4,271.8793490649237,0.0019044402755454726,"{""type"":""MultiPoint"",""coordinates"":[]}"
20181221,2018-12-21,-0.00120690506763665,273.6767154999511,0.0036436395995635604,"{""type"":""MultiPoint"",""coordinates"":[]}"
20181222,2018-12-22,-0.001991934473549424,278.5682823538458,0.008738944056697118,"{""type"":""MultiPoint"",""coordinates"":[]}"
20181223,2018-12-23,-0.0010397250636768084,277.3272507972317,0.011059534496518617,"{""type"":""MultiPoint"",""coordinates"":[]}"
20181224,2018-12-24,-0.0011350396745932704,275.00652903603503,0.01816926515842531,"{""type"":""MultiPoint"",""coordinates"":[]}"
20181225,2018-12-25,-0.0013558106976728627,272.0674779751766,0.0010064098659106836,"{""type"":""MultiPoint"",""coordinates"":[]}"
20181226,2018-12-26,-0.0013306062822788453,272.08053903804745,1.4672747767067375E-4,"{""type"":""MultiPoint"",""coordinates"":[]}"
20181227,2018-12-27,-6.757568129046252E-4,273.2438885066616,2.6302686131274197E-4,"{""type"":""MultiPoint"",""coordinates"":[]}"
20181228,2018-12-28,-0.0010495644548980125,273.38932339896877,6.995597941455157E-4,"{""type"":""MultiPoint"",""coordinates"":[]}"
20181229,2018-12-29,-8.977002681823152E-4,272.3196598809689,7.425822347687044E-4,"{""type"":""MultiPoint"",""coordinates"":[]}"
20181230,2018-12-30,-7.526200124031796E-4,273.62213988263704,0.00790355119367414,"{""type"":""MultiPoint"",""coordinates"":[]}"
20181231,2018-12-31,-4.7542874295340113E-4,274.0775844063077,0.007578885291026759,"{""type"":""MultiPoint"",""coordinates"":[]}"
20190101,2019-01-01,-0.0011239358174872734,275.03141405657163,0.0033513830774426147,"{""type"":""MultiPoint"",""coordinates"":[]}"
20190102,2019-01-02,-0.002233256424713045,271.1554567339683,0.007539601181098248,"{""type"":""MultiPoint"",""coordinates"":[]}"
20190103,2019-01-03,-0.0020117946001404763,268.51669428082533,0.003349697329378377,"{""type"":""MultiPoint"",""coordinates"":[]}"
20190104,2019-01-04,-0.001026980641358009,269.20406017615517,0.005324055361344224,"{""type"":""MultiPoint"",""coordinates"":[]}"
20190105,2019-01-05,-8.14823171456923E-4,272.0906043703718,0.016607262019449565,"{""type"":""MultiPoint"",""coordinates"":[]}"
20190106,2019-01-06,-6.439789895833504E-4,272.2706945303036,0.009956467222632437,"{""type"":""MultiPoint"",""coordinates"":[]}"
20190107,2019-01-07,-3.7261181234706246E-4,271.55327348239535,0.004820094278108961,"{""type"":""MultiPoint"",""coordinates"":[]}"
20190108,2019-01-08,-0.0012429951656527443,272.73119151492625,0.010632716638087744,"{""type"":""MultiPoint"",""coordinates"":[]}"
20190109,2019-01-09,-0.0011561062721844376,271.22629357693455,0.010916920074066866,"{""type"":""MultiPoint"",""coordinates"":[]}"
20190110,2019-01-10,-7.011229978353549E-4,269.95924523145874,0.0071247757775989755,"{""type"":""MultiPoint"",""coordinates"":[]}"
20190111,2019-01-11,-0.0010869379942817735,268.0678312648635,0.0036838892580196994,"{""type"":""MultiPoint"",""coordinates"":[]}"
20190112,2019-01-12,-0.00117711079178843,272.33480668947067,0.005027447396727011,"{""type"":""MultiPoint"",""coordinates"":[]}"
20190113,2019-01-13,-9.249423200269733E-4,273.9309387726966,0.016853516327456113,"{""type"":""MultiPoint"",""coordinates"":[]}"
20190114,2019-01-14,-0.0016140068845641807,273.02954167908086,0.011206401382311028,"{""type"":""MultiPoint"",""coordinates"":[]}"
20190115,2019-01-15,-0.0021599349740433343,271.68566857325726,0.0020078305841377897,"{""type"":""MultiPoint"",""coordinates"":[]}"
20190116,2019-01-16,-0.0012332468813834585,272.1990504991496,2.649068487397524E-4,"{""type"":""MultiPoint"",""coordinates"":[]}"
20190117,2019-01-17,-0.0011153066680396615,273.1584031001877,0.0015771273577856704,"{""type"":""MultiPoint"",""coordinates"":[]}"
20190118,2019-01-18,-0.0014295017756243917,270.3767351196084,0.0014338085046137921,"{""type"":""MultiPoint"",""coordinates"":[]}"
20190119,2019-01-19,-7.634067232991066E-4,267.1782218315951,1.8987362440932697E-5,"{""type"":""MultiPoint"",""coordinates"":[]}"
20190120,2019-01-20,-6.346057138352702E-4,267.4795673739534,6.681074921636562E-5,"{""type"":""MultiPoint"",""coordinates"":[]}"
20190121,2019-01-21,-7.104105854824598E-4,267.62446989191767,3.13788732236617E-5,"{""type"":""MultiPoint"",""coordinates"":[]}"
20190122,2019-01-22,-6.927067746843402E-4,266.9085491329414,4.4093605461399705E-5,"{""type"":""MultiPoint"",""coordinates"":[]}"
20190123,2019-01-23,-8.360073488984731E-4,266.5318914251631,8.081204915551142E-4,"{""type"":""MultiPoint"",""coordinates"":[]}"
20190124,2019-01-24,-9.155978482920994E-4,267.02519462833413,5.182749690069627E-4,"{""type"":""MultiPoint"",""coordinates"":[]}"
20190125,2019-01-25,-0.0013007021433845956,266.42188831010094,6.115839892835322E-4,"{""type"":""MultiPoint"",""coordinates"":[]}"
20190126,2019-01-26,-0.0010299601009928006,270.80342864146496,0.004127514503433505,"{""type"":""MultiPoint"",""coordinates"":[]}"
20190127,2019-01-27,-9.345523608335454E-4,272.29661849307803,0.001089449263728458,"{""type"":""MultiPoint"",""coordinates"":[]}"
20190128,2019-01-28,-0.0018734094377079137,271.4635493913342,0.005290975783718871,"{""type"":""MultiPoint"",""coordinates"":[]}"
20190129,2019-01-29,-0.001432041137182786,269.6296901661879,0.0010015313773550744,"{""type"":""MultiPoint"",""coordinates"":[]}"
20190130,2019-01-30,-8.827472247826033E-4,268.20476656210013,6.2077219911383E-4,"{""type"":""MultiPoint"",""coordinates"":[]}"
20190131,2019-01-31,-0.0010315145967014748,268.79717216026893,2.3507673977801017E-4,"{""type"":""MultiPoint"",""coordinates"":[]}"
20190201,2019-02-01,-8.49378953797864E-4,271.9295023004716,0.0018899310566591325,"{""type"":""MultiPoint"",""coordinates"":[]}"
20190202,2019-02-02,-6.801285823644153E-4,275.1028073784323,0.004667338860971041,"{""type"":""MultiPoint"",""coordinates"":[]}"
20190203,2019-02-03,-8.643229454104043E-4,272.9342815684696,0.015152664000261265,"{""type"":""MultiPoint"",""coordinates"":[]}"
20190204,2019-02-04,-0.0014958068869705629,270.00075457774597,7.437543502369618E-4,"{""type"":""MultiPoint"",""coordinates"":[]}"
20190205,2019-02-05,-0.001225952049101273,268.2483910621112,3.638688682344354E-6,"{""type"":""MultiPoint"",""coordinates"":[]}"
20190206,2019-02-06,-0.0011858911507312134,268.58567395884535,3.341004608440624E-6,"{""type"":""MultiPoint"",""coordinates"":[]}"
20190207,2019-02-07,-0.0010566177998620771,270.2615179762021,0.0017779213035211538,"{""type"":""MultiPoint"",""coordinates"":[]}"
20190208,2019-02-08,-0.0015586356225892075,272.94834950424564,8.108923022897321E-4,"{""type"":""MultiPoint"",""coordinates"":[]}"
20190209,2019-02-09,-0.001782812687362325,274.1642757357564,1.490102882688045E-4,"{""type"":""MultiPoint"",""coordinates"":[]}"
20190210,2019-02-10,-0.0021636522788732416,275.0335083531215,0.0029467987161559553,"{""type"":""MultiPoint"",""coordinates"":[]}"
20190211,2019-02-11,-0.00226279688469301,273.5315571104192,0.006646728867556169,"{""type"":""MultiPoint"",""coordinates"":[]}"
20190212,2019-02-12,-0.002537345289168605,271.99985022168875,0.0026600957249743925,"{""type"":""MultiPoint"",""coordinates"":[]}"
20190213,2019-02-13,-0.001997777667909631,272.789738570959,3.2001813618323156E-4,"{""type"":""MultiPoint"",""coordinates"":[]}"
20190214,2019-02-14,-0.0018218149108474536,274.20439072140465,3.4317203824184104E-5,"{""type"":""MultiPoint"",""coordinates"":[]}"
20190215,2019-02-15,-0.002012586050184063,274.3471102398312,2.7231794687025517E-6,"{""type"":""MultiPoint"",""coordinates"":[]}"
20190216,2019-02-16,-0.0018664856023949197,274.6651437886034,4.351138045421976E-7,"{""type"":""MultiPoint"",""coordinates"":[]}"
20190217,2019-02-17,-0.001946874845793629,275.00212423796626,0.0,"{""type"":""MultiPoint"",""coordinates"":[]}"
20190218,2019-02-18,-0.002088733776590256,274.7807175161051,8.866947573320218E-7,"{""type"":""MultiPoint"",""coordinates"":[]}"
20190219,2019-02-19,-0.0025129835083680207,275.15910471619173,5.1759318879587134E-5,"{""type"":""MultiPoint"",""coordinates"":[]}"
20190220,2019-02-20,-0.0021176281196593418,275.318249999679,1.284561837218951E-4,"{""type"":""MultiPoint"",""coordinates"":[]}"
20190221,2019-02-21,-0.002147128306471226,276.3687642615161,6.79172497804393E-4,"{""type"":""MultiPoint"",""coordinates"":[]}"
20190222,2019-02-22,-0.0014640570861939634,275.7201293729109,0.007164301214658049,"{""type"":""MultiPoint"",""coordinates"":[]}"
20190223,2019-02-23,-0.004174910519503952,271.15755759690757,1.5949070594742403E-5,"{""type"":""MultiPoint"",""coordinates"":[]}"
20190224,2019-02-24,-0.0032639443010059046,272.9738611808112,5.0311487420352865E-5,"{""type"":""MultiPoint"",""coordinates"":[]}"
20190225,2019-02-25,-0.002886082550732427,276.17301493486923,1.572801086790055E-6,"{""type"":""MultiPoint"",""coordinates"":[]}"
20190226,2019-02-26,-0.003996359139977831,277.66573949165104,2.777925737282542E-6,"{""type"":""MultiPoint"",""coordinates"":[]}"
20190227,2019-02-27,-0.0034448599140164725,277.69890617676265,8.902166910977573E-7,"{""type"":""MultiPoint"",""coordinates"":[]}"
20190228,2019-02-28,-0.006009651854973172,279.5329270708548,2.18869202146307E-4,"{""type"":""MultiPoint"",""coordinates"":[]}"
20190301,2019-03-01,-0.0017936658889275202,277.60199445028087,0.0069582221974405535,"{""type"":""MultiPoint"",""coordinates"":[]}"
20190302,2019-03-02,-0.002046134027719538,276.25995492740844,0.0031204558250383942,"{""type"":""MultiPoint"",""coordinates"":[]}"
20190303,2019-03-03,-0.004445298855258752,278.4754077609945,2.9738883156607896E-4,"{""type"":""MultiPoint"",""coordinates"":[]}"
20190304,2019-03-04,-0.005626256454063266,278.81873167244765,0.0019096457047638729,"{""type"":""MultiPoint"",""coordinates"":[]}"
20190305,2019-03-05,-0.006082626494002606,276.66449758811706,0.0033416010389342855,"{""type"":""MultiPoint"",""coordinates"":[]}"
20190306,2019-03-06,-0.00466575400147032,277.7742785563558,2.2269536180570887E-4,"{""type"":""MultiPoint"",""coordinates"":[]}"
20190307,2019-03-07,-0.0037631150454344228,278.9156130158159,0.002709712610200436,"{""type"":""MultiPoint"",""coordinates"":[]}"
20190308,2019-03-08,-0.005130905149592746,278.1095020763946,0.0015005408377976887,"{""type"":""MultiPoint"",""coordinates"":[]}"
20190309,2019-03-09,-0.004291441743208369,278.06047332394894,0.002979281713554506,"{""type"":""MultiPoint"",""coordinates"":[]}"
20190310,2019-03-10,-0.00447866777495903,279.18412163843584,0.007995687734297147,"{""type"":""MultiPoint"",""coordinates"":[]}"
20190311,2019-03-11,-0.005117979478374407,274.34107181343404,0.005057288130171098,"{""type"":""MultiPoint"",""coordinates"":[]}"
20190312,2019-03-12,-0.0050147222652826085,274.48055919829716,0.00241709243842624,"{""type"":""MultiPoint"",""coordinates"":[]}"
20190313,2019-03-13,-0.004988607616436903,275.5071836507007,0.002528484339710443,"{""type"":""MultiPoint"",""coordinates"":[]}"
20190314,2019-03-14,-0.0037154955588409233,274.9329947224052,0.010224813446088972,"{""type"":""MultiPoint"",""coordinates"":[]}"
20190315,2019-03-15,-0.002350957816708735,277.2370915333495,0.01381497193632271,"{""type"":""MultiPoint"",""coordinates"":[]}"
20190316,2019-03-16,-0.004388195811502442,279.53431174159766,0.005747694099412604,"{""type"":""MultiPoint"",""coordinates"":[]}"
20190317,2019-03-17,-0.005682738665741486,280.1126710843245,0.003440704927578231,"{""type"":""MultiPoint"",""coordinates"":[]}"
20190318,2019-03-18,-0.004210765816133926,275.45303485028313,0.002777310614136962,"{""type"":""MultiPoint"",""coordinates"":[]}"
20190319,2019-03-19,-0.0038540848996541093,274.26921074978947,7.882091432171902E-4,"{""type"":""MultiPoint"",""coordinates"":[]}"
20190320,2019-03-20,-0.00418113906326544,274.51160612348104,4.5678507195714056E-5,"{""type"":""MultiPoint"",""coordinates"":[]}"
20190321,2019-03-21,-0.00540796990832659,276.40014758900577,5.14873590854337E-9,"{""type"":""MultiPoint"",""coordinates"":[]}"
20190322,2019-03-22,-0.005230448505089806,279.26425371163856,2.3717290171264927E-6,"{""type"":""MultiPoint"",""coordinates"":[]}"
20190323,2019-03-23,-0.005460628399268337,280.6294390965211,4.219448124181708E-6,"{""type"":""MultiPoint"",""coordinates"":[]}"
20190324,2019-03-24,-0.005239194037744679,280.7587542578498,2.5404177572503384E-4,"{""type"":""MultiPoint"",""coordinates"":[]}"
20190325,2019-03-25,-0.0045774809283974085,276.8756519492782,0.004070040266276221,"{""type"":""MultiPoint"",""coordinates"":[]}"
20190326,2019-03-26,-0.005373035729194713,275.21702089775494,0.0014174059059233856,"{""type"":""MultiPoint"",""coordinates"":[]}"
20190327,2019-03-27,-0.003484079766546232,275.8301029150985,0.0014975668581140645,"{""type"":""MultiPoint"",""coordinates"":[]}"
20190328,2019-03-28,-0.003980442939006384,277.51611399726676,3.919664470405453E-4,"{""type"":""MultiPoint"",""coordinates"":[]}"
20190329,2019-03-29,-0.00554399669205599,279.0356017783433,1.840405885113342E-5,"{""type"":""MultiPoint"",""coordinates"":[]}"
20190330,2019-03-30,-0.006035045488214437,280.42120268787374,8.426915098085057E-7,"{""type"":""MultiPoint"",""coordinates"":[]}"
20190331,2019-03-31,-0.006533800203627432,281.4177101480245,1.4795380520569952E-5,"{""type"":""MultiPoint"",""coordinates"":[]}"
20190401,2019-04-01,-0.007234332003986358,280.27279742366835,8.793003577820388E-5,"{""type"":""MultiPoint"",""coordinates"":[]}"
20190402,2019-04-02,-0.007078964801605829,281.4446398288938,1.959533325228827E-4,"{""type"":""MultiPoint"",""coordinates"":[]}"
20190403,2019-04-03,-0.007775123785674006,282.16928902688505,5.405401161264961E-4,"{""type"":""MultiPoint"",""coordinates"":[]}"
20190404,2019-04-04,-0.007080959485687335,280.95847592549484,0.00426060388351014,"{""type"":""MultiPoint"",""coordinates"":[]}"
20190405,2019-04-05,-0.004049099146195853,279.59233175826796,0.002330793427194057,"{""type"":""MultiPoint"",""coordinates"":[]}"
20190406,2019-04-06,-0.005440388195700295,280.64278425047956,8.168736515396325E-4,"{""type"":""MultiPoint"",""coordinates"":[]}"
20190407,2019-04-07,-0.005035159898206617,280.8485226856531,0.0010681774742006076,"{""type"":""MultiPoint"",""coordinates"":[]}"
20190408,2019-04-08,-0.003251256281373316,281.13480929160386,0.0028632321087676675,"{""type"":""MultiPoint"",""coordinates"":[]}"
20190409,2019-04-09,-0.004801642374877613,281.94083890230695,0.002775014063957026,"{""type"":""MultiPoint"",""coordinates"":[]}"
20190410,2019-04-10,-0.0038741342294736692,279.92498704927897,0.0042512426540969326,"{""type"":""MultiPoint"",""coordinates"":[]}"
20190411,2019-04-11,-0.004571985320602282,277.57594409418806,0.0020047169421389018,"{""type"":""MultiPoint"",""coordinates"":[]}"
20190412,2019-04-12,-0.005555675269464646,276.28407702055176,2.1877774354171536E-4,"{""type"":""MultiPoint"",""coordinates"":[]}"
20190413,2019-04-13,-0.0054326202076102476,276.3561959314151,0.0012809074372807188,"{""type"":""MultiPoint"",""coordinates"":[]}"
20190414,2019-04-14,-0.00418888568505073,277.0732733816253,0.0029918086904745108,"{""type"":""MultiPoint"",""coordinates"":[]}"
20190415,2019-04-15,-0.00722727325219412,279.3124358589682,2.9313318538230597E-4,"{""type"":""MultiPoint"",""coordinates"":[]}"
20190416,2019-04-16,-0.007598516217912844,280.34167066916865,3.14527387665329E-4,"{""type"":""MultiPoint"",""coordinates"":[]}"
20190417,2019-04-17,-0.008213474361738325,281.3634717252958,1.8373395515045954E-4,"{""type"":""MultiPoint"",""coordinates"":[]}"
20190418,2019-04-18,-0.009106489216647163,282.7809202009511,7.539233167032453E-5,"{""type"":""MultiPoint"",""coordinates"":[]}"
20190419,2019-04-19,-0.009522930592994376,284.1577953428551,1.0098503766928804E-5,"{""type"":""MultiPoint"",""coordinates"":[]}"
20190420,2019-04-20,-0.009621443745575733,284.6093669817633,4.443835150348134E-12,"{""type"":""MultiPoint"",""coordinates"":[]}"
20190421,2019-04-21,-0.00999717699111971,284.51187234711256,2.3150218734381044E-6,"{""type"":""MultiPoint"",""coordinates"":[]}"
20190422,2019-04-22,-0.01102419237090965,284.7085088924177,3.234672616468985E-5,"{""type"":""MultiPoint"",""coordinates"":[]}"
20190423,2019-04-23,-0.008027129397295328,283.822390607775,0.0011984479658606495,"{""type"":""MultiPoint"",""coordinates"":[]}"
20190424,2019-04-24,-0.009715969035520884,286.26361268347534,3.582733659894526E-4,"{""type"":""MultiPoint"",""coordinates"":[]}"
20190425,2019-04-25,-0.010278167682137514,287.34397268415785,8.72442398252557E-5,"{""type"":""MultiPoint"",""coordinates"":[]}"
20190426,2019-04-26,-0.005972875754992492,283.9953204221909,0.004043822408782104,"{""type"":""MultiPoint"",""coordinates"":[]}"
20190427,2019-04-27,-0.006032099052862664,281.1569801638643,0.004661932708832324,"{""type"":""MultiPoint"",""coordinates"":[]}"
20190428,2019-04-28,-0.005802428530732551,279.3031819085214,0.0036729098195500227,"{""type"":""MultiPoint"",""coordinates"":[]}"
20190429,2019-04-29,-0.0030664945812059396,278.56946905115535,0.007827185143307845,"{""type"":""MultiPoint"",""coordinates"":[]}"
20190430,2019-04-30,-0.00364342276513329,280.3971004548353,0.010808372103305909,"{""type"":""MultiPoint"",""coordinates"":[]}"
20190501,2019-05-01,-0.008011132200587088,282.4279148537064,4.369642492162652E-4,"{""type"":""MultiPoint"",""coordinates"":[]}"
20190502,2019-05-02,-0.009094365079854621,283.922929707317,0.0022808536782307504,"{""type"":""MultiPoint"",""coordinates"":[]}"
20190503,2019-05-03,-0.0037367510529182895,281.267679316455,0.0074773631016733545,"{""type"":""MultiPoint"",""coordinates"":[]}"
20190504,2019-05-04,-0.00383714353752142,279.1093334224639,0.007349966841296403,"{""type"":""MultiPoint"",""coordinates"":[]}"
20190505,2019-05-05,-0.00454667657231657,276.034366511927,0.006861718712586513,"{""type"":""MultiPoint"",""coordinates"":[]}"
20190506,2019-05-06,-0.006437525753018904,277.1382707297246,0.0018559583966744288,"{""type"":""MultiPoint"",""coordinates"":[]}"
20190507,2019-05-07,-0.006607299847174292,278.6719780750755,2.8751471251213496E-4,"{""type"":""MultiPoint"",""coordinates"":[]}"
20190508,2019-05-08,-0.006824544068906836,281.5206735874398,0.0019085494909349538,"{""type"":""MultiPoint"",""coordinates"":[]}"
20190509,2019-05-09,-0.005337916982721363,281.90120201319843,0.006996497906885314,"{""type"":""MultiPoint"",""coordinates"":[]}"
20190510,2019-05-10,-0.006525276324249948,282.87525737138094,0.0020636152089839183,"{""type"":""MultiPoint"",""coordinates"":[]}"
20190511,2019-05-11,-0.00438207782218637,282.67807077714036,0.01036983988622378,"{""type"":""MultiPoint"",""coordinates"":[]}"
20190512,2019-05-12,-0.0031715871044615735,279.3090384629908,0.011486069390086076,"{""type"":""MultiPoint"",""coordinates"":[]}"
20190513,2019-05-13,-0.007464370107791609,279.9349050039383,0.0015286099193294173,"{""type"":""MultiPoint"",""coordinates"":[]}"
20190514,2019-05-14,-0.007517384388456997,278.3410786531281,0.0032893645261732937,"{""type"":""MultiPoint"",""coordinates"":[]}"
20190515,2019-05-15,-0.003305300810294043,277.29386661556407,0.005210685243982559,"{""type"":""MultiPoint"",""coordinates"":[]}"
20190516,2019-05-16,-0.003051891254938947,279.39302347353765,0.0023330306667653333,"{""type"":""MultiPoint"",""coordinates"":[]}"
20190517,2019-05-17,-0.007156997235231883,282.8366853062116,3.883923609496265E-4,"{""type"":""MultiPoint"",""coordinates"":[]}"
20190518,2019-05-18,-0.00712566670793377,284.5013205939213,6.115460994501658E-4,"{""type"":""MultiPoint"",""coordinates"":[]}"
20190519,2019-05-19,-0.006511032433634619,285.7279606752386,0.003870691438471312,"{""type"":""MultiPoint"",""coordinates"":[]}"
20190520,2019-05-20,-0.002151394972397278,283.9995669751953,0.023344244839181346,"{""type"":""MultiPoint"",""coordinates"":[]}"
20190521,2019-05-21,-0.0025497348268934245,283.0711691253501,0.019193323237230463,"{""type"":""MultiPoint"",""coordinates"":[]}"
20190522,2019-05-22,-0.002898057047426865,283.4432231301277,0.01000089420237993,"{""type"":""MultiPoint"",""coordinates"":[]}"
20190523,2019-05-23,-0.007095605758485533,284.0552722081303,0.0011176502199474218,"{""type"":""MultiPoint"",""coordinates"":[]}"
20190524,2019-05-24,-0.008337313546106727,285.8236321045904,4.502128380674732E-5,"{""type"":""MultiPoint"",""coordinates"":[]}"
20190525,2019-05-25,-0.0068503359187318666,286.81808021221764,0.0034557747840233033,"{""type"":""MultiPoint"",""coordinates"":[]}"
20190526,2019-05-26,-0.006561933369490574,287.122982506685,0.0014350966461963589,"{""type"":""MultiPoint"",""coordinates"":[]}"
20190527,2019-05-27,-0.004226939169898322,286.81967383370744,0.006967847899353318,"{""type"":""MultiPoint"",""coordinates"":[]}"
20190528,2019-05-28,-0.0019170394121880681,284.14016297498887,0.01765918075045037,"{""type"":""MultiPoint"",""coordinates"":[]}"
20190529,2019-05-29,-0.0032443945754044956,282.44596014141416,0.010114099230753338,"{""type"":""MultiPoint"",""coordinates"":[]}"
20190530,2019-05-30,-0.006126515752943951,283.6573776104781,0.0010869288900382966,"{""type"":""MultiPoint"",""coordinates"":[]}"
20190531,2019-05-31,-0.005859648051868555,285.91381359048717,3.7733099904157933E-4,"{""type"":""MultiPoint"",""coordinates"":[]}"
20190601,2019-06-01,-0.007478800650043311,288.65496502570636,4.4034827080105234E-4,"{""type"":""MultiPoint"",""coordinates"":[]}"
20190602,2019-06-02,-0.009392715226971422,290.6531332352146,2.1749506428614645E-4,"{""type"":""MultiPoint"",""coordinates"":[]}"
20190603,2019-06-03,-0.010031842353343371,291.58657858790644,1.1799445270040647E-4,"{""type"":""MultiPoint"",""coordinates"":[]}"
20190604,2019-06-04,-0.010020106297718406,292.1560033583303,3.4142156777798767E-4,"{""type"":""MultiPoint"",""coordinates"":[]}"
20190605,2019-06-05,-0.010881355567332378,292.3130771659353,8.349930224005212E-4,"{""type"":""MultiPoint"",""coordinates"":[]}"
20190606,2019-06-06,-0.0063066761264810286,288.86076507637296,0.005780990369535717,"{""type"":""MultiPoint"",""coordinates"":[]}"
20190607,2019-06-07,-0.009323560116437877,289.98185255515074,9.541197539634884E-4,"{""type"":""MultiPoint"",""coordinates"":[]}"
20190608,2019-06-08,-0.008986674040454421,287.9693551548369,4.0712105212630824E-4,"{""type"":""MultiPoint"",""coordinates"":[]}"
20190609,2019-06-09,-0.009364468025716059,289.89271134262947,7.03306167085134E-4,"{""type"":""MultiPoint"",""coordinates"":[]}"
20190610,2019-06-10,-0.008371459162790883,291.7984358409788,0.0018513201765832776,"{""type"":""MultiPoint"",""coordinates"":[]}"
20190611,2019-06-11,-0.008861100549784706,292.11684558379153,0.0012077693933765028,"{""type"":""MultiPoint"",""coordinates"":[]}"
20190612,2019-06-12,-0.009547875707131193,291.8069865423753,0.0020170562610447185,"{""type"":""MultiPoint"",""coordinates"":[]}"
20190613,2019-06-13,-0.008444038856616156,291.2463792622538,0.002670713785691891,"{""type"":""MultiPoint"",""coordinates"":[]}"
20190614,2019-06-14,-0.01181794487538247,294.03211459336933,2.999772112303127E-4,"{""type"":""MultiPoint"",""coordinates"":[]}"
20190615,2019-06-15,-0.009851209608768731,293.6867815035226,0.005869341812112215,"{""type"":""MultiPoint"",""coordinates"":[]}"
20190616,2019-06-16,-0.004431752563395704,289.2160884446125,0.00996368502529312,"{""type"":""MultiPoint"",""coordinates"":[]}"
20190617,2019-06-17,-0.009163995153416794,290.6740534565066,6.468878249379422E-4,"{""type"":""MultiPoint"",""coordinates"":[]}"
20190618,2019-06-18,-0.009820117434217544,292.3575098215626,6.185814870328032E-4,"{""type"":""MultiPoint"",""coordinates"":[]}"
20190619,2019-06-19,-0.00927315795971457,293.06039656945785,0.0021926571405323433,"{""type"":""MultiPoint"",""coordinates"":[]}"
20190620,2019-06-20,-0.007357384536882543,291.418080910216,0.00737893896530208,"{""type"":""MultiPoint"",""coordinates"":[]}"
20190621,2019-06-21,-0.006760111717023433,290.83153510791516,0.004365169041965483,"{""type"":""MultiPoint"",""coordinates"":[]}"
20190622,2019-06-22,-0.005516270964437848,290.1892632944251,0.01328326911393576,"{""type"":""MultiPoint"",""coordinates"":[]}"
20190623,2019-06-23,-0.005404888858033997,290.3594160631712,0.00795768015172266,"{""type"":""MultiPoint"",""coordinates"":[]}"
20190624,2019-06-24,-0.011798701930886052,293.0407444302448,5.0575804001745635E-5,"{""type"":""MultiPoint"",""coordinates"":[]}"
20190625,2019-06-25,-0.011797355299705489,295.5754282891752,1.0671637662317737E-5,"{""type"":""MultiPoint"",""coordinates"":[]}"
20190626,2019-06-26,-0.012407475551683452,297.94252048154044,6.970027024940061E-6,"{""type"":""MultiPoint"",""coordinates"":[]}"
20190627,2019-06-27,-0.012781064546033852,296.5736841946743,0.001353646321738568,"{""type"":""MultiPoint"",""coordinates"":[]}"
20190628,2019-06-28,-0.013195675453771493,292.86572767561654,2.4371698339956254E-5,"{""type"":""MultiPoint"",""coordinates"":[]}"
20190629,2019-06-29,-0.013690069009173269,293.5895037161086,2.384698747091269E-6,"{""type"":""MultiPoint"",""coordinates"":[]}"
20190630,2019-06-30,-0.01453358098101463,296.80362175524783,1.1802626993637689E-4,"{""type"":""MultiPoint"",""coordinates"":[]}"
20190701,2019-07-01,-0.010471565113487083,296.3862299741007,0.004254773798785785,"{""type"":""MultiPoint"",""coordinates"":[]}"
20190702,2019-07-02,-0.009457567684201798,293.06210675549875,0.002984679428173069,"{""type"":""MultiPoint"",""coordinates"":[]}"
20190703,2019-07-03,-0.010358491282729919,291.1861867023041,6.71771912130328E-4,"{""type"":""MultiPoint"",""coordinates"":[]}"
20190704,2019-07-04,-0.012095671075641348,291.36271065182746,1.804291225435335E-4,"{""type"":""MultiPoint"",""coordinates"":[]}"
20190705,2019-07-05,-0.013315442732979915,292.59976650604244,9.530727893546667E-5,"{""type"":""MultiPoint"",""coordinates"":[]}"
20190706,2019-07-06,-0.01512180209992857,294.4407637512554,8.421859120131494E-4,"{""type"":""MultiPoint"",""coordinates"":[]}"
20190707,2019-07-07,-0.007372250686613782,290.8797815971942,0.00836755875835588,"{""type"":""MultiPoint"",""coordinates"":[]}"
20190708,2019-07-08,-0.007351831823744658,288.10839727764676,0.002677734987110121,"{""type"":""MultiPoint"",""coordinates"":[]}"
20190709,2019-07-09,-0.00835919077670998,287.32288354663854,4.921789425204093E-4,"{""type"":""MultiPoint"",""coordinates"":[]}"
20190710,2019-07-10,-0.011407601820763258,287.6543242754947,9.276228663506287E-5,"{""type"":""MultiPoint"",""coordinates"":[]}"
20190711,2019-07-11,-0.007803970831904682,288.1010065239392,0.003541921418938574,"{""type"":""MultiPoint"",""coordinates"":[]}"
20190712,2019-07-12,-0.005734900376226574,288.4133059699278,0.010178507072243013,"{""type"":""MultiPoint"",""coordinates"":[]}"
20190713,2019-07-13,-0.004845187297794039,287.05391273633654,0.012986156800039918,"{""type"":""MultiPoint"",""coordinates"":[]}"
20190714,2019-07-14,-0.0062558730144452014,287.86378660001213,0.004801569150620501,"{""type"":""MultiPoint"",""coordinates"":[]}"
20190715,2019-07-15,-0.008426157229642598,288.5415994609779,0.0012843680689720678,"{""type"":""MultiPoint"",""coordinates"":[]}"
20190716,2019-07-16,-0.010154347119973747,289.41464326437773,2.3639359442175078E-4,"{""type"":""MultiPoint"",""coordinates"":[]}"
20190717,2019-07-17,-0.010187389679447052,290.476533073479,4.669068158734274E-4,"{""type"":""MultiPoint"",""coordinates"":[]}"
20190718,2019-07-18,-0.009519203614817676,291.0132944565025,0.0011038994512358015,"{""type"":""MultiPoint"",""coordinates"":[]}"
20190719,2019-07-19,-0.009574127454691831,292.1271726097571,0.0014897257519294288,"{""type"":""MultiPoint"",""coordinates"":[]}"
20190720,2019-07-20,-0.010481265521563674,294.28242146344166,0.0010201943903849731,"{""type"":""MultiPoint"",""coordinates"":[]}"
20190721,2019-07-21,-0.007413715667595647,292.7164024869305,0.004006907030811068,"{""type"":""MultiPoint"",""coordinates"":[]}"
20190722,2019-07-22,-0.010229558512089865,293.70478892168154,1.2710023020560702E-4,"{""type"":""MultiPoint"",""coordinates"":[]}"
20190723,2019-07-23,-0.012537294699906285,295.25486831119093,8.420591331455406E-6,"{""type"":""MultiPoint"",""coordinates"":[]}"
20190724,2019-07-24,-0.01298161203021468,296.73575506606966,3.371834609825978E-5,"{""type"":""MultiPoint"",""coordinates"":[]}"
20190725,2019-07-25,-0.013187590155985538,297.6443675269845,3.9884651966001316E-4,"{""type"":""MultiPoint"",""coordinates"":[]}"
20190726,2019-07-26,-0.012269607404292174,297.3485799494663,0.0011133302355980819,"{""type"":""MultiPoint"",""coordinates"":[]}"
20190727,2019-07-27,-0.0070336718013440085,293.365826363442,0.00952519537865577,"{""type"":""MultiPoint"",""coordinates"":[]}"
20190728,2019-07-28,-0.004618243318722196,291.83645092357835,0.017351555629479692,"{""type"":""MultiPoint"",""coordinates"":[]}"
20190729,2019-07-29,-0.004280262497788693,291.4735829529261,0.008810255152995569,"{""type"":""MultiPoint"",""coordinates"":[]}"
20190730,2019-07-30,-0.006999092343296345,293.22263983909966,0.0026038300675045607,"{""type"":""MultiPoint"",""coordinates"":[]}"
20190731,2019-07-31,-0.004949949823938688,291.202306361972,0.0060665927506047615,"{""type"":""MultiPoint"",""coordinates"":[]}"
20190801,2019-08-01,-0.008288995018338765,291.5422843567949,4.8327384073102125E-4,"{""type"":""MultiPoint"",""coordinates"":[]}"
20190802,2019-08-02,-0.006596409086526069,290.8956902568208,0.004346598295106037,"{""type"":""MultiPoint"",""coordinates"":[]}"
20190803,2019-08-03,-0.006994971062063373,289.2152561335093,0.006619002681749439,"{""type"":""MultiPoint"",""coordinates"":[]}"
20190804,2019-08-04,-0.00843100490793473,290.3833726340915,6.053935264335365E-4,"{""type"":""MultiPoint"",""coordinates"":[]}"
20190805,2019-08-05,-0.009463216380753819,292.464417417868,9.700504475853481E-4,"{""type"":""MultiPoint"",""coordinates"":[]}"
20190806,2019-08-06,-0.007174369833206928,292.7404749251812,0.0036090682259406117,"{""type"":""MultiPoint"",""coordinates"":[]}"
20190807,2019-08-07,-0.006462671341970788,292.30174536743834,0.012695768918464946,"{""type"":""MultiPoint"",""coordinates"":[]}"
20190808,2019-08-08,-0.007916820312466275,291.49644229422944,0.0011573269226726932,"{""type"":""MultiPoint"",""coordinates"":[]}"
20190809,2019-08-09,-0.010136417761583253,294.2972042640676,2.1313917904692582E-4,"{""type"":""MultiPoint"",""coordinates"":[]}"
20190810,2019-08-10,-0.004839963081444217,292.7028017048614,0.007297970788237103,"{""type"":""MultiPoint"",""coordinates"":[]}"
20190811,2019-08-11,-0.008553861461266328,293.09084828408334,0.002928526248497408,"{""type"":""MultiPoint"",""coordinates"":[]}"
20190812,2019-08-12,-0.004661447539243786,290.75428291007336,0.014675751312897,"{""type"":""MultiPoint"",""coordinates"":[]}"
20190813,2019-08-13,-0.005602848879895011,288.5276669573168,0.006875429537873693,"{""type"":""MultiPoint"",""coordinates"":[]}"
20190814,2019-08-14,-0.008011262569896612,287.7828410599281,0.002013009639313063,"{""type"":""MultiPoint"",""coordinates"":[]}"
20190815,2019-08-15,-0.00736464194882812,288.3172116842584,0.003517702865406003,"{""type"":""MultiPoint"",""coordinates"":[]}"
20190816,2019-08-16,-0.006809806508264767,288.51803981712817,0.0033563817123853585,"{""type"":""MultiPoint"",""coordinates"":[]}"
20190817,2019-08-17,-0.007850678384774623,290.5355504391358,2.289384172785884E-4,"{""type"":""MultiPoint"",""coordinates"":[]}"
20190818,2019-08-18,-0.010322938077089802,294.8462765283974,2.2041547277070324E-4,"{""type"":""MultiPoint"",""coordinates"":[]}"
20190819,2019-08-19,-0.004983300607453583,292.1431430397747,0.005913401730485651,"{""type"":""MultiPoint"",""coordinates"":[]}"
20190820,2019-08-20,-0.004527653431013508,290.8723561183879,0.014130552997471629,"{""type"":""MultiPoint"",""coordinates"":[]}"
20190821,2019-08-21,-0.005909153986328769,288.08904288598256,0.0038798413250953133,"{""type"":""MultiPoint"",""coordinates"":[]}"
20190822,2019-08-22,-0.006543835328359025,289.6602760421055,9.210385094250877E-4,"{""type"":""MultiPoint"",""coordinates"":[]}"
20190823,2019-08-23,-0.006367845915915368,291.0758767612081,6.931986671419454E-4,"{""type"":""MultiPoint"",""coordinates"":[]}"
20190824,2019-08-24,-0.006786769235515166,292.61143534714626,0.002458384790704573,"{""type"":""MultiPoint"",""coordinates"":[]}"
20190825,2019-08-25,-0.005697294857316055,292.3033472250344,0.004596130757918763,"{""type"":""MultiPoint"",""coordinates"":[]}"
20190826,2019-08-26,-0.006586094175412333,292.6504562727866,0.0035450733189406006,"{""type"":""MultiPoint"",""coordinates"":[]}"
20190827,2019-08-27,-0.007610872218263209,293.1865920445285,0.001539378561556759,"{""type"":""MultiPoint"",""coordinates"":[]}"
20190828,2019-08-28,-0.007155715323340878,294.1714853491637,5.08999833964902E-4,"{""type"":""MultiPoint"",""coordinates"":[]}"
20190829,2019-08-29,-0.0044961054855777866,292.92051100647865,0.00563464399952562,"{""type"":""MultiPoint"",""coordinates"":[]}"
20190830,2019-08-30,-0.006619599119517654,292.9668702261483,0.001295506206904542,"{""type"":""MultiPoint"",""coordinates"":[]}"
20190831,2019-08-31,-0.008245510659113862,293.8191333691516,5.253602850466078E-4,"{""type"":""MultiPoint"",""coordinates"":[]}"
20190901,2019-09-01,-0.007364032532286913,292.9942202831956,0.005458622643729237,"{""type"":""MultiPoint"",""coordinates"":[]}"
20190902,2019-09-02,-0.002834801298233492,287.87918291257614,0.014261877189185018,"{""type"":""MultiPoint"",""coordinates"":[]}"
20190903,2019-09-03,-0.008104834086041363,287.5580024701522,2.2230321415661923E-4,"{""type"":""MultiPoint"",""coordinates"":[]}"
20190904,2019-09-04,-0.008835751154045722,288.9856355780103,1.1357180158147275E-6,"{""type"":""MultiPoint"",""coordinates"":[]}"
20190905,2019-09-05,-0.005076456510582857,287.64664200011697,0.00588353997460607,"{""type"":""MultiPoint"",""coordinates"":[]}"
20190906,2019-09-06,-0.004090693493345024,285.7498124006746,0.0036121943544435704,"{""type"":""MultiPoint"",""coordinates"":[]}"
20190907,2019-09-07,-0.0018234165640619207,284.8005498605821,0.008379546844400386,"{""type"":""MultiPoint"",""coordinates"":[]}"
20190908,2019-09-08,-0.0021802061112830467,283.92699478910674,0.010653304278496457,"{""type"":""MultiPoint"",""coordinates"":[]}"
20190909,2019-09-09,-0.003270162788246921,283.37134330207795,0.011004938423407136,"{""type"":""MultiPoint"",""coordinates"":[]}"
20190910,2019-09-10,-0.006266380572912243,284.8912652114343,2.692278307475733E-5,"{""type"":""MultiPoint"",""coordinates"":[]}"
20190911,2019-09-11,-0.005624098405375474,286.78276029413877,5.581884497763218E-4,"{""type"":""MultiPoint"",""coordinates"":[]}"
20190912,2019-09-12,-0.005427367814441399,287.89898019101935,5.0699401051253564E-5,"{""type"":""MultiPoint"",""coordinates"":[]}"
20190913,2019-09-13,-0.00655606361010514,289.4163489926294,4.570114011062475E-5,"{""type"":""MultiPoint"",""coordinates"":[]}"
20190914,2019-09-14,-0.005534338352776115,288.64242854926334,2.340024675478745E-4,"{""type"":""MultiPoint"",""coordinates"":[]}"
20190915,2019-09-15,-0.006308231190980704,289.2242529746846,1.0244689818685018E-5,"{""type"":""MultiPoint"",""coordinates"":[]}"
20190916,2019-09-16,-0.0067444527362562215,290.0265669365393,5.816174777344799E-4,"{""type"":""MultiPoint"",""coordinates"":[]}"
20190917,2019-09-17,-0.005945343498509201,287.62081968632987,0.0011233711080982976,"{""type"":""MultiPoint"",""coordinates"":[]}"
20190918,2019-09-18,-0.0068252068572101626,283.6997035747614,1.6637070705129603E-4,"{""type"":""MultiPoint"",""coordinates"":[]}"
20190919,2019-09-19,-0.007013637589610042,282.26553807090517,9.58641747130342E-5,"{""type"":""MultiPoint"",""coordinates"":[]}"
20190920,2019-09-20,-0.006961857737458776,282.3836774839381,8.943986710871413E-6,"{""type"":""MultiPoint"",""coordinates"":[]}"
20190921,2019-09-21,-0.007243723180919394,284.84568263141574,7.715292953060474E-7,"{""type"":""MultiPoint"",""coordinates"":[]}"
20190922,2019-09-22,-0.005771565448770231,286.31071734301867,1.373182195737296E-4,"{""type"":""MultiPoint"",""coordinates"":[]}"
20190923,2019-09-23,-0.0019382391958160116,284.90827866828147,0.007501391481838893,"{""type"":""MultiPoint"",""coordinates"":[]}"
20190924,2019-09-24,-0.004011182504534307,286.0303490851324,0.0010953065575948502,"{""type"":""MultiPoint"",""coordinates"":[]}"
20190925,2019-09-25,-0.003534298163990272,285.7773459936701,0.0032999987437970883,"{""type"":""MultiPoint"",""coordinates"":[]}"
20190926,2019-09-26,-0.003736274083270286,285.6247863742297,0.0015648134626252066,"{""type"":""MultiPoint"",""coordinates"":[]}"
20190927,2019-09-27,-0.004516267348564534,287.6388872878516,0.0033642784803309365,"{""type"":""MultiPoint"",""coordinates"":[]}"
20190928,2019-09-28,-0.003483036019954498,286.07164364723616,0.004960502115947501,"{""type"":""MultiPoint"",""coordinates"":[]}"
20190929,2019-09-29,-0.006900651164978749,287.834314594704,4.760151632721736E-4,"{""type"":""MultiPoint"",""coordinates"":[]}"
20190930,2019-09-30,-0.008239066821442044,286.79427667708023,0.0015185831470535926,"{""type"":""MultiPoint"",""coordinates"":[]}"
20191001,2019-10-01,-0.005944546876757507,287.0120805578396,0.0016959492132278943,"{""type"":""MultiPoint"",""coordinates"":[]}"
20191002,2019-10-02,-0.002118022992021016,283.9637061468833,0.014268979296091016,"{""type"":""MultiPoint"",""coordinates"":[]}"
20191003,2019-10-03,-0.004465321373017903,279.791864502007,9.455065348680634E-4,"{""type"":""MultiPoint"",""coordinates"":[]}"
20191004,2019-10-04,-0.004048416882764567,280.8642786941998,0.003781166284551553,"{""type"":""MultiPoint"",""coordinates"":[]}"
20191005,2019-10-05,-0.0023797136281752066,280.90760542670523,0.011477660906747159,"{""type"":""MultiPoint"",""coordinates"":[]}"
20191006,2019-10-06,-0.0032568228394146254,279.85464212927684,0.0042194458118193804,"{""type"":""MultiPoint"",""coordinates"":[]}"
20191007,2019-10-07,-0.002309881404301408,279.2615773701589,0.004813380215364558,"{""type"":""MultiPoint"",""coordinates"":[]}"
20191008,2019-10-08,-0.003227732836670543,281.8029311297904,0.002682564763316269,"{""type"":""MultiPoint"",""coordinates"":[]}"
20191009,2019-10-09,-0.0019677676394432584,283.0788276707636,0.01210016578018541,"{""type"":""MultiPoint"",""coordinates"":[]}"
20191010,2019-10-10,-0.004247206867738606,281.6159043995439,0.0030005504985424858,"{""type"":""MultiPoint"",""coordinates"":[]}"
20191011,2019-10-11,-0.004555589858979896,282.899047988727,4.385781862025535E-6,"{""type"":""MultiPoint"",""coordinates"":[]}"
20191012,2019-10-12,-0.004579136203519537,284.9908832750958,7.120606344401058E-6,"{""type"":""MultiPoint"",""coordinates"":[]}"
20191013,2019-10-13,-0.00424472666110136,286.1889146142938,2.904626644678753E-5,"{""type"":""MultiPoint"",""coordinates"":[]}"
20191014,2019-10-14,-0.004038898343233073,286.6653832365644,1.2724109863441809E-5,"{""type"":""MultiPoint"",""coordinates"":[]}"
20191015,2019-10-15,-0.004479660201293078,286.36742903617414,0.0021477137918718917,"{""type"":""MultiPoint"",""coordinates"":[]}"
20191016,2019-10-16,-0.004815834108880655,283.5078046112644,0.003699911509370964,"{""type"":""MultiPoint"",""coordinates"":[]}"
20191017,2019-10-17,-0.003956379816471552,283.8375696436716,2.1065203819221494E-4,"{""type"":""MultiPoint"",""coordinates"":[]}"
20191018,2019-10-18,-0.0034022973398229327,284.45259569857996,3.3185015983542226E-4,"{""type"":""MultiPoint"",""coordinates"":[]}"
20191019,2019-10-19,-0.0024724201581402573,283.71662534186544,0.0012909897874956984,"{""type"":""MultiPoint"",""coordinates"":[]}"
20191020,2019-10-20,-0.0036115185406289606,285.6958596995605,1.5541957787671963E-4,"{""type"":""MultiPoint"",""coordinates"":[]}"
20191021,2019-10-21,-0.0024843898635727056,286.1342870907406,4.614738726195423E-4,"{""type"":""MultiPoint"",""coordinates"":[]}"
20191022,2019-10-22,-0.0026585427326266692,285.4132142615328,9.606726201703661E-5,"{""type"":""MultiPoint"",""coordinates"":[]}"
20191023,2019-10-23,-0.003330389769957293,285.90412538533127,3.6713433450577926E-5,"{""type"":""MultiPoint"",""coordinates"":[]}"
20191024,2019-10-24,-0.003644944626587393,285.73640321506156,4.839755622197338E-4,"{""type"":""MultiPoint"",""coordinates"":[]}"
20191025,2019-10-25,-0.002727895275076267,284.814501214525,1.32675798490475E-4,"{""type"":""MultiPoint"",""coordinates"":[]}"
20191026,2019-10-26,-0.003090642443011377,284.34465924307233,8.954027284144964E-7,"{""type"":""MultiPoint"",""coordinates"":[]}"
20191027,2019-10-27,-0.0039451949229188064,285.2230003283542,5.491678701179503E-4,"{""type"":""MultiPoint"",""coordinates"":[]}"
20191028,2019-10-28,-0.0013999758370413938,281.35659772445564,0.004220000166513673,"{""type"":""MultiPoint"",""coordinates"":[]}"
20191029,2019-10-29,-0.0016321512860615118,279.15757676520974,0.0040363893338792095,"{""type"":""MultiPoint"",""coordinates"":[]}"
20191030,2019-10-30,-0.002305764311995292,277.36986442093814,0.003010514098612238,"{""type"":""MultiPoint"",""coordinates"":[]}"
20191031,2019-10-31,-0.0021131835261348226,276.4877860004056,8.682179763585758E-4,"{""type"":""MultiPoint"",""coordinates"":[]}"
20191101,2019-11-01,-0.0029187333299228136,278.08668490287306,0.0010384475473853496,"{""type"":""MultiPoint"",""coordinates"":[]}"
20191102,2019-11-02,-0.0018605656091801473,280.8841876502702,0.0024847314059110396,"{""type"":""MultiPoint"",""coordinates"":[]}"
20191103,2019-11-03,-0.0017669799415810676,282.2908809301581,0.005387623401088491,"{""type"":""MultiPoint"",""coordinates"":[]}"
20191104,2019-11-04,-0.0031543135169607053,281.5131081016159,0.003581704728379068,"{""type"":""MultiPoint"",""coordinates"":[]}"
20191105,2019-11-05,-7.37216509087884E-4,278.598780928269,0.009231540798352826,"{""type"":""MultiPoint"",""coordinates"":[]}"
20191106,2019-11-06,-0.0016191467249346237,277.71526246880666,0.002247076676098498,"{""type"":""MultiPoint"",""coordinates"":[]}"
20191107,2019-11-07,-0.00203347105184212,277.85808565118975,7.188798975552826E-4,"{""type"":""MultiPoint"",""coordinates"":[]}"
20191108,2019-11-08,-0.0013445261460788363,278.0473921751053,0.003911624715114017,"{""type"":""MultiPoint"",""coordinates"":[]}"
20191109,2019-11-09,-0.0012242074574639445,276.204860923139,0.0036930378202396333,"{""type"":""MultiPoint"",""coordinates"":[]}"
20191110,2019-11-10,-0.0018314694818780282,274.36688517547634,1.0476966877524106E-4,"{""type"":""MultiPoint"",""coordinates"":[]}"
20191111,2019-11-11,-0.0016581253475533204,274.9213336150716,5.714283680423281E-4,"{""type"":""MultiPoint"",""coordinates"":[]}"
20191112,2019-11-12,-9.101213683760145E-4,275.7753710982785,0.00990494307810047,"{""type"":""MultiPoint"",""coordinates"":[]}"
20191113,2019-11-13,-7.093879783059401E-4,274.08018655362724,0.009753331048566821,"{""type"":""MultiPoint"",""coordinates"":[]}"
20191114,2019-11-14,-0.0014749222622893615,273.4533942132128,3.256391014402159E-5,"{""type"":""MultiPoint"",""coordinates"":[]}"
20191115,2019-11-15,-0.0013601544032918313,277.398319297868,0.006745034341542605,"{""type"":""MultiPoint"",""coordinates"":[]}"
20191116,2019-11-16,-0.0014755415984110175,277.83600137446973,0.001534884962550045,"{""type"":""MultiPoint"",""coordinates"":[]}"
20191117,2019-11-17,-0.0010547867643157956,278.7301227051527,0.009080560904621091,"{""type"":""MultiPoint"",""coordinates"":[]}"
20191118,2019-11-18,-0.0017756942941750961,277.0325999768609,0.0013929343383885034,"{""type"":""MultiPoint"",""coordinates"":[]}"
20191119,2019-11-19,-9.59386002391544E-4,276.2979842530791,8.318427614917701E-4,"{""type"":""MultiPoint"",""coordinates"":[]}"
20191120,2019-11-20,-7.989790543299714E-4,276.83280059087673,0.0016060322456603,"{""type"":""MultiPoint"",""coordinates"":[]}"
20191121,2019-11-21,-8.196757905241547E-4,277.41326035136143,0.001469626717702628,"{""type"":""MultiPoint"",""coordinates"":[]}"
20191122,2019-11-22,-0.001331226776678409,276.914116072951,1.964242309435311E-4,"{""type"":""MultiPoint"",""coordinates"":[]}"
20191123,2019-11-23,-0.0021727419681444875,278.0985902386735,3.86586284236419E-4,"{""type"":""MultiPoint"",""coordinates"":[]}"
20191124,2019-11-24,-0.001205017627430264,278.4693224077982,1.2202787409958613E-4,"{""type"":""MultiPoint"",""coordinates"":[]}"
20191125,2019-11-25,-9.310351479680239E-4,277.17216045935027,2.2286121533951063E-4,"{""type"":""MultiPoint"",""coordinates"":[]}"
20191126,2019-11-26,-8.641603510035379E-4,277.4464642968438,3.779152203711467E-4,"{""type"":""MultiPoint"",""coordinates"":[]}"
20191127,2019-11-27,-6.285173011124637E-4,277.2554633089858,0.002323185731004779,"{""type"":""MultiPoint"",""coordinates"":[]}"
20191128,2019-11-28,-0.001142347400735362,277.8581165200987,0.0021885188539127404,"{""type"":""MultiPoint"",""coordinates"":[]}"
20191129,2019-11-29,-0.0013837375717904877,276.67485548603327,0.006091174306901155,"{""type"":""MultiPoint"",""coordinates"":[]}"
20191130,2019-11-30,-0.0014422131147306188,272.9744787760644,6.964392247318287E-4,"{""type"":""MultiPoint"",""coordinates"":[]}"
20191201,2019-12-01,-9.347912476190543E-4,272.1542594173962,8.963029420803639E-4,"{""type"":""MultiPoint"",""coordinates"":[]}"
20191202,2019-12-02,-0.0011723926555669885,272.57968724606917,0.002021946729289619,"{""type"":""MultiPoint"",""coordinates"":[]}"
20191203,2019-12-03,-0.0012151339412320857,271.93930554153377,3.105802502429919E-4,"{""type"":""MultiPoint"",""coordinates"":[]}"
20191204,2019-12-04,-0.0012525352206671397,271.4777851758035,5.497384854278318E-6,"{""type"":""MultiPoint"",""coordinates"":[]}"
20191205,2019-12-05,-0.0010554356573157478,271.3565907480704,2.7243421125289212E-5,"{""type"":""MultiPoint"",""coordinates"":[]}"
20191206,2019-12-06,-0.0011349617219469069,271.8763239959137,7.368799589773449E-5,"{""type"":""MultiPoint"",""coordinates"":[]}"
20191207,2019-12-07,-8.713928619719021E-4,275.2095076293958,0.0019442395688664394,"{""type"":""MultiPoint"",""coordinates"":[]}"
20191208,2019-12-08,-0.0012197524272719138,276.02574209497607,5.004242439258416E-4,"{""type"":""MultiPoint"",""coordinates"":[]}"
20191209,2019-12-09,-0.0011560274474142155,275.64802759670596,0.0036736754579182866,"{""type"":""MultiPoint"",""coordinates"":[]}"
20191210,2019-12-10,-0.001109323596279503,272.5380357120038,0.0035152317022057794,"{""type"":""MultiPoint"",""coordinates"":[]}"
20191211,2019-12-11,-9.162479093317385E-4,270.2039462848205,4.4368125981726224E-4,"{""type"":""MultiPoint"",""coordinates"":[]}"
20191212,2019-12-12,-4.4118203345013126E-4,271.2971681876472,0.002329604926826698,"{""type"":""MultiPoint"",""coordinates"":[]}"
20191213,2019-12-13,-8.856095402341635E-4,271.4770036859746,0.003306686660680605,"{""type"":""MultiPoint"",""coordinates"":[]}"
20191214,2019-12-14,-0.0018524753846875404,274.39131643988884,0.003301579007206153,"{""type"":""MultiPoint"",""coordinates"":[]}"
20191215,2019-12-15,-0.0010285916548605138,276.0279807453415,0.0021371220438868074,"{""type"":""MultiPoint"",""coordinates"":[]}"
20191216,2019-12-16,-4.7380952758432E-4,275.5149635361342,9.938163377334152E-5,"{""type"":""MultiPoint"",""coordinates"":[]}"
20191217,2019-12-17,-5.428366174488347E-4,277.5213756956385,1.9308309627764754E-4,"{""type"":""MultiPoint"",""coordinates"":[]}"
20191218,2019-12-18,-3.512012807941632E-4,278.0073655422246,2.250925919124697E-4,"{""type"":""MultiPoint"",""coordinates"":[]}"
20191219,2019-12-19,-4.60775341868769E-4,277.6961761903303,1.9070628328646957E-4,"{""type"":""MultiPoint"",""coordinates"":[]}"
20191220,2019-12-20,-0.0014757861725561508,278.99316416228135,0.0019294481748001553,"{""type"":""MultiPoint"",""coordinates"":[]}"
20191221,2019-12-21,-2.869616202997308E-4,276.60222923419326,0.012028395650706866,"{""type"":""MultiPoint"",""coordinates"":[]}"
20191222,2019-12-22,-5.754825347359402E-4,275.2735160950321,0.003915672698202042,"{""type"":""MultiPoint"",""coordinates"":[]}"
20191223,2019-12-23,-0.0011935168598806068,275.74873996601013,0.008505020650124111,"{""type"":""MultiPoint"",""coordinates"":[]}"
20191224,2019-12-24,-0.00140958337882109,275.7605364527851,0.005763583054445556,"{""type"":""MultiPoint"",""coordinates"":[]}"
20191225,2019-12-25,-8.333445261267154E-4,275.67291756200655,0.012053849922400136,"{""type"":""MultiPoint"",""coordinates"":[]}"
20191226,2019-12-26,-8.581596615208045E-4,273.84308940028336,0.001214205059436686,"{""type"":""MultiPoint"",""coordinates"":[]}"
20191227,2019-12-27,-4.067074184905589E-4,273.2356891673781,0.004644639150578568,"{""type"":""MultiPoint"",""coordinates"":[]}"
20191228,2019-12-28,-0.0013087609838717904,271.13479701605786,8.615224218762681E-4,"{""type"":""MultiPoint"",""coordinates"":[]}"
20191229,2019-12-29,-0.0010663701014136388,269.648077244828,5.314630852591863E-5,"{""type"":""MultiPoint"",""coordinates"":[]}"
20191230,2019-12-30,-8.349012564090263E-4,270.4384720507654,2.4418016224804886E-6,"{""type"":""MultiPoint"",""coordinates"":[]}"
20191231,2019-12-31,-0.0010386165979988833,273.0977322790917,1.8704548568077105E-5,"{""type"":""MultiPoint"",""coordinates"":[]}"
20200101,2020-01-01,-5.509104426704765E-4,271.415664813903,1.3240685834922047E-5,"{""type"":""MultiPoint"",""coordinates"":[]}"
20200102,2020-01-02,-5.250469000821276E-4,271.000224137296,1.5502584029584727E-6,"{""type"":""MultiPoint"",""coordinates"":[]}"
20200103,2020-01-03,-8.277279728573557E-4,272.5162355743297,2.640649967118308E-4,"{""type"":""MultiPoint"",""coordinates"":[]}"
20200104,2020-01-04,-8.663293365542121E-4,274.3969535875872,0.005216577577353945,"{""type"":""MultiPoint"",""coordinates"":[]}"
20200105,2020-01-05,-0.0012230406025183712,272.2361752621158,0.001885329278805794,"{""type"":""MultiPoint"",""coordinates"":[]}"
20200106,2020-01-06,-6.86147777544502E-4,271.1096091165334,6.698582668009369E-6,"{""type"":""MultiPoint"",""coordinates"":[]}"
20200107,2020-01-07,-4.6563612281039294E-4,271.7899125444028,7.015182150294097E-4,"{""type"":""MultiPoint"",""coordinates"":[]}"
20200108,2020-01-08,-6.421353991237634E-4,273.1241602962359,0.0011568363751180135,"{""type"":""MultiPoint"",""coordinates"":[]}"
20200109,2020-01-09,-7.28725783313048E-4,275.53701052788625,6.269751042460801E-4,"{""type"":""MultiPoint"",""coordinates"":[]}"
20200110,2020-01-10,-0.0011239967039036126,274.8045744984659,3.7641026824085936E-4,"{""type"":""MultiPoint"",""coordinates"":[]}"
20200111,2020-01-11,-8.248028931274176E-4,274.1237324546825,9.649667568200614E-4,"{""type"":""MultiPoint"",""coordinates"":[]}"
20200112,2020-01-12,-7.473060063312289E-4,271.816794651038,3.2639899175506017E-6,"{""type"":""MultiPoint"",""coordinates"":[]}"
20200113,2020-01-13,-6.036269650078668E-4,272.3220368531573,3.761436727467094E-5,"{""type"":""MultiPoint"",""coordinates"":[]}"
20200114,2020-01-14,-0.0011707496043310479,271.8585627488093,5.842259760975628E-5,"{""type"":""MultiPoint"",""coordinates"":[]}"
20200115,2020-01-15,-0.0010063803538534308,272.8530431674141,1.3801849410622485E-4,"{""type"":""MultiPoint"",""coordinates"":[]}"
20200116,2020-01-16,-7.443804557869571E-4,274.1330228517792,1.2088148835493243E-5,"{""type"":""MultiPoint"",""coordinates"":[]}"
20200117,2020-01-17,-8.113279457021108E-4,273.25933816399987,6.568928096076514E-4,"{""type"":""MultiPoint"",""coordinates"":[]}"
20200118,2020-01-18,-4.387045751478871E-4,272.891615166558,0.005588272854271255,"{""type"":""MultiPoint"",""coordinates"":[]}"
20200119,2020-01-19,-6.570187416292402E-4,271.2097452576577,0.0031151913732277554,"{""type"":""MultiPoint"",""coordinates"":[]}"
20200120,2020-01-20,-9.249323153898738E-4,270.8838548313619,6.345671596656889E-4,"{""type"":""MultiPoint"",""coordinates"":[]}"
20200121,2020-01-21,-7.562613986730809E-4,270.09923690626454,1.0026229229126537E-5,"{""type"":""MultiPoint"",""coordinates"":[]}"
20200122,2020-01-22,-0.0011535653349125363,270.8179484942607,3.888453955095302E-5,"{""type"":""MultiPoint"",""coordinates"":[]}"
20200123,2020-01-23,-9.58770799963745E-4,270.99972845500963,1.5007534911780232E-5,"{""type"":""MultiPoint"",""coordinates"":[]}"
20200124,2020-01-24,-0.0010615098119224583,271.26047308937984,3.083308885460734E-5,"{""type"":""MultiPoint"",""coordinates"":[]}"
20200125,2020-01-25,-8.075894343806568E-4,271.8600696463537,5.9952091062772806E-5,"{""type"":""MultiPoint"",""coordinates"":[]}"
20200126,2020-01-26,-7.686376961504283E-4,272.45965330253705,2.391788692502895E-4,"{""type"":""MultiPoint"",""coordinates"":[]}"
20200127,2020-01-27,-0.0010280709500828486,273.3696851790056,3.8743398185204375E-4,"{""type"":""MultiPoint"",""coordinates"":[]}"
20200128,2020-01-28,-0.0012731243847823326,273.5519879807817,0.005389188046728049,"{""type"":""MultiPoint"",""coordinates"":[]}"
20200129,2020-01-29,-0.0019170420962700038,272.65826036857095,0.006006924883963541,"{""type"":""MultiPoint"",""coordinates"":[]}"
20200130,2020-01-30,-0.0019042229930912133,274.3155142164093,0.0013211961763848184,"{""type"":""MultiPoint"",""coordinates"":[]}"
20200131,2020-01-31,-0.001476674290402956,279.43804389868916,0.0020087964113168363,"{""type"":""MultiPoint"",""coordinates"":[]}"
20200201,2020-02-01,-0.002156742005599436,279.839760730352,0.003630828875637179,"{""type"":""MultiPoint"",""coordinates"":[]}"
20200202,2020-02-02,-0.0024758126975495858,280.0513724733633,0.009797250348737773,"{""type"":""MultiPoint"",""coordinates"":[]}"
20200203,2020-02-03,-0.0015934538213546153,279.1422057548525,0.02106062272117441,"{""type"":""MultiPoint"",""coordinates"":[]}"
20200204,2020-02-04,-0.0023615476428745035,274.9353248808784,0.01335473078016593,"{""type"":""MultiPoint"",""coordinates"":[]}"
20200205,2020-02-05,-0.0028580969536762153,271.9979936774935,0.005323049679629555,"{""type"":""MultiPoint"",""coordinates"":[]}"
20200206,2020-02-06,-0.00236573732662556,271.0409385809507,3.979703997139416E-5,"{""type"":""MultiPoint"",""coordinates"":[]}"
20200207,2020-02-07,-0.0018162774275292215,271.9942692209227,1.285729045610315E-4,"{""type"":""MultiPoint"",""coordinates"":[]}"
20200208,2020-02-08,-0.0016924503860218498,272.222765971283,1.2820448838208158E-6,"{""type"":""MultiPoint"",""coordinates"":[]}"
20200209,2020-02-09,-0.0026973095660283108,273.8034382965122,8.965811323318258E-5,"{""type"":""MultiPoint"",""coordinates"":[]}"
20200210,2020-02-10,-0.004817972957983418,277.28090171579106,0.008081902397018788,"{""type"":""MultiPoint"",""coordinates"":[]}"
20200211,2020-02-11,-0.004269976181934478,274.96232502817764,0.008148955692849642,"{""type"":""MultiPoint"",""coordinates"":[]}"
20200212,2020-02-12,-0.0036995264785148405,273.18648784787723,0.0033420348716342143,"{""type"":""MultiPoint"",""coordinates"":[]}"
20200213,2020-02-13,-0.002748988796689196,273.7796264992075,0.0032384659659261414,"{""type"":""MultiPoint"",""coordinates"":[]}"
20200214,2020-02-14,-0.0017929973754376705,275.57817968333455,0.0044892627031689674,"{""type"":""MultiPoint"",""coordinates"":[]}"
20200215,2020-02-15,-0.002346710577221373,275.7586645942065,7.54330940430623E-5,"{""type"":""MultiPoint"",""coordinates"":[]}"
20200216,2020-02-16,-0.003140782315405249,277.88724282771534,7.187335327600687E-5,"{""type"":""MultiPoint"",""coordinates"":[]}"
20200217,2020-02-17,-0.0025700603493615084,279.08086727923853,0.003543886376004539,"{""type"":""MultiPoint"",""coordinates"":[]}"
20200218,2020-02-18,-0.004475120795133632,276.6213644864816,0.0013125378360797741,"{""type"":""MultiPoint"",""coordinates"":[]}"
20200219,2020-02-19,-0.0025525250634411962,274.07671226462264,0.0035240599925335557,"{""type"":""MultiPoint"",""coordinates"":[]}"
20200220,2020-02-20,-0.0024280860904669545,274.4647453104093,2.442536981992204E-4,"{""type"":""MultiPoint"",""coordinates"":[]}"
20200221,2020-02-21,-0.0044627837466512665,274.6879112327532,0.0023785027942565106,"{""type"":""MultiPoint"",""coordinates"":[]}"
20200222,2020-02-22,-0.005389641514188485,277.3935613680569,1.1058055545777545E-4,"{""type"":""MultiPoint"",""coordinates"":[]}"
20200223,2020-02-23,-0.006115173802460013,280.99519110471135,0.004627847670994366,"{""type"":""MultiPoint"",""coordinates"":[]}"
20200224,2020-02-24,-0.00265848403248949,277.747895833354,0.006118145432410123,"{""type"":""MultiPoint"",""coordinates"":[]}"
20200225,2020-02-25,-0.0031074805502109616,278.6824060831527,0.002555281834770274,"{""type"":""MultiPoint"",""coordinates"":[]}"
20200226,2020-02-26,-0.004239531416389771,274.5698002232696,0.005032732548724931,"{""type"":""MultiPoint"",""coordinates"":[]}"
20200227,2020-02-27,-0.004716382099917752,273.4098149347355,0.005272235726709126,"{""type"":""MultiPoint"",""coordinates"":[]}"
20200228,2020-02-28,-0.004064774395957358,272.5803904587803,0.005056860360937377,"{""type"":""MultiPoint"",""coordinates"":[]}"
20200229,2020-02-29,-0.004133780486780049,275.7134752213306,0.0012991449909713394,"{""type"":""MultiPoint"",""coordinates"":[]}"
20200301,2020-03-01,-0.003094215150430743,277.4320819077383,0.0018290394110312266,"{""type"":""MultiPoint"",""coordinates"":[]}"
20200302,2020-03-02,-0.004832006267114489,278.0285468009211,0.00478350631088348,"{""type"":""MultiPoint"",""coordinates"":[]}"
20200303,2020-03-03,-0.002565717526848397,275.79081418249103,0.006444481392345792,"{""type"":""MultiPoint"",""coordinates"":[]}"
20200304,2020-03-04,-0.0037944908832168046,273.8220917201931,7.815490905545629E-4,"{""type"":""MultiPoint"",""coordinates"":[]}"
20200305,2020-03-05,-0.0037106231693759214,274.87804907830866,0.0032215908223771155,"{""type"":""MultiPoint"",""coordinates"":[]}"
20200306,2020-03-06,-0.003910925307477564,276.2549803554831,0.005663866877170742,"{""type"":""MultiPoint"",""coordinates"":[]}"
20200307,2020-03-07,-0.003176087520755757,274.9533717214998,0.0030795242819394277,"{""type"":""MultiPoint"",""coordinates"":[]}"
20200308,2020-03-08,-0.0037320430041774605,274.8023997300297,1.4186043032789943E-4,"{""type"":""MultiPoint"",""coordinates"":[]}"
20200309,2020-03-09,-0.0015803229814975474,275.3805995871974,0.0034356266424733378,"{""type"":""MultiPoint"",""coordinates"":[]}"
20200310,2020-03-10,-0.0023333516329280546,276.044104252054,0.008108209394323196,"{""type"":""MultiPoint"",""coordinates"":[]}"
20200311,2020-03-11,-0.0038739963600210006,281.692821958327,0.002026553674613337,"{""type"":""MultiPoint"",""coordinates"":[]}"
20200312,2020-03-12,-0.005695951278353654,282.354582984079,9.377039992480666E-4,"{""type"":""MultiPoint"",""coordinates"":[]}"
20200313,2020-03-13,-0.005613546432473938,278.2997192071797,0.002823319034503001,"{""type"":""MultiPoint"",""coordinates"":[]}"
20200314,2020-03-14,-0.004042419724365409,275.7442539443175,5.263617241913055E-4,"{""type"":""MultiPoint"",""coordinates"":[]}"
20200315,2020-03-15,-0.00601776313957852,275.56190087792766,3.5042870645038386E-6,"{""type"":""MultiPoint"",""coordinates"":[]}"
20200316,2020-03-16,-0.005704777180340701,278.3676110181796,3.480438612609019E-7,"{""type"":""MultiPoint"",""coordinates"":[]}"
20200317,2020-03-17,-0.003800836799869431,279.8799882992633,8.047810178831741E-4,"{""type"":""MultiPoint"",""coordinates"":[]}"
20200318,2020-03-18,-0.00453945973916882,281.20779366226697,3.664864500907616E-5,"{""type"":""MultiPoint"",""coordinates"":[]}"
20200319,2020-03-19,-0.00495334440085578,282.1757577228894,2.4738985110304622E-5,"{""type"":""MultiPoint"",""coordinates"":[]}"
20200320,2020-03-20,-0.0045847791439368474,282.02388227615313,0.00205144837400706,"{""type"":""MultiPoint"",""coordinates"":[]}"
20200321,2020-03-21,-0.00237657279123334,276.2040685614234,0.007201499073099517,"{""type"":""MultiPoint"",""coordinates"":[]}"
20200322,2020-03-22,-0.007071782749848997,272.74377844015123,6.673176911130488E-4,"{""type"":""MultiPoint"",""coordinates"":[]}"
20200323,2020-03-23,-0.007086709300396014,270.9215772318142,6.223035349882606E-5,"{""type"":""MultiPoint"",""coordinates"":[]}"
20200324,2020-03-24,-0.006477112073603624,271.37003089411024,3.6997317124354525E-5,"{""type"":""MultiPoint"",""coordinates"":[]}"
20200325,2020-03-25,-0.006480616669659473,271.90071810025535,1.7506049883874713E-4,"{""type"":""MultiPoint"",""coordinates"":[]}"
20200326,2020-03-26,-0.006079260466108182,274.5883424904902,8.754212858084299E-5,"{""type"":""MultiPoint"",""coordinates"":[]}"
20200327,2020-03-27,-0.006849412087914376,279.04732436019475,1.031103587966888E-5,"{""type"":""MultiPoint"",""coordinates"":[]}"
20200328,2020-03-28,-0.005758776543361498,279.96347127644333,1.2668342699461327E-4,"{""type"":""MultiPoint"",""coordinates"":[]}"
20200329,2020-03-29,-0.005399889939812915,277.39628021999397,0.001951267484150743,"{""type"":""MultiPoint"",""coordinates"":[]}"
20200330,2020-03-30,-0.0051149181064246005,272.7750171077426,0.002394465352629335,"{""type"":""MultiPoint"",""coordinates"":[]}"
20200331,2020-03-31,-0.0047787879128640106,272.14210408503226,7.879069153717151E-4,"{""type"":""MultiPoint"",""coordinates"":[]}"
20200401,2020-04-01,-0.005759265185403146,273.28209560050954,3.361733107314758E-6,"{""type"":""MultiPoint"",""coordinates"":[]}"
20200402,2020-04-02,-0.006580610590226546,275.96382810244955,2.159985850799193E-6,"{""type"":""MultiPoint"",""coordinates"":[]}"
20200403,2020-04-03,-0.005729605513860664,276.8459937515744,1.3972126085501832E-4,"{""type"":""MultiPoint"",""coordinates"":[]}"
20200404,2020-04-04,-0.0058209783447506465,278.3092477686583,2.2516642434844425E-4,"{""type"":""MultiPoint"",""coordinates"":[]}"
20200405,2020-04-05,-0.008623355847479912,279.8763073070339,8.787448905522964E-7,"{""type"":""MultiPoint"",""coordinates"":[]}"
20200406,2020-04-06,-0.008970060259297192,282.24337015125764,6.110934613806827E-8,"{""type"":""MultiPoint"",""coordinates"":[]}"
20200407,2020-04-07,-0.008942478136032165,283.25774863541494,8.52346317969932E-7,"{""type"":""MultiPoint"",""coordinates"":[]}"
20200408,2020-04-08,-0.008654687899553233,283.3727376660867,1.477897856357224E-6,"{""type"":""MultiPoint"",""coordinates"":[]}"
20200409,2020-04-09,-0.007804335125882694,284.31985512094445,3.7294096487292667E-6,"{""type"":""MultiPoint"",""coordinates"":[]}"
20200410,2020-04-10,-0.00809441624844961,284.25993448724705,9.566772489202635E-6,"{""type"":""MultiPoint"",""coordinates"":[]}"
20200411,2020-04-11,-0.00768936015742334,283.7776757986608,2.0336306791233714E-5,"{""type"":""MultiPoint"",""coordinates"":[]}"
20200412,2020-04-12,-0.007924882115054625,284.764587928003,1.854472917396628E-4,"{""type"":""MultiPoint"",""coordinates"":[]}"
20200413,2020-04-13,-0.007433388891950202,282.9057662373857,0.004178352401887727,"{""type"":""MultiPoint"",""coordinates"":[]}"
20200414,2020-04-14,-0.0076704725845211305,276.09774539408363,0.0010361441602407611,"{""type"":""MultiPoint"",""coordinates"":[]}"
20200415,2020-04-15,-0.00845472290460204,278.90054505176164,9.466140679306344E-7,"{""type"":""MultiPoint"",""coordinates"":[]}"
20200416,2020-04-16,-0.00865932828451282,283.791435922305,8.583068833445395E-7,"{""type"":""MultiPoint"",""coordinates"":[]}"
20200417,2020-04-17,-0.008707388837476808,286.11596288269453,1.464286694757594E-4,"{""type"":""MultiPoint"",""coordinates"":[]}"
20200418,2020-04-18,-0.007096906199868227,286.05338452176994,0.0013144745719328968,"{""type"":""MultiPoint"",""coordinates"":[]}"
20200419,2020-04-19,-0.005978267317437696,283.86169035554144,0.0037796016066634595,"{""type"":""MultiPoint"",""coordinates"":[]}"
20200420,2020-04-20,-0.011150366543961992,282.25193149312236,4.2449149573844827E-4,"{""type"":""MultiPoint"",""coordinates"":[]}"
20200421,2020-04-21,-0.01375547061862648,282.89241951162444,2.161426553396973E-5,"{""type"":""MultiPoint"",""coordinates"":[]}"
20200422,2020-04-22,-0.012800975116440102,283.38458650578707,2.6691165578522196E-6,"{""type"":""MultiPoint"",""coordinates"":[]}"
20200423,2020-04-23,-0.010148055539955934,284.08652525221936,2.2956660688935978E-6,"{""type"":""MultiPoint"",""coordinates"":[]}"
20200424,2020-04-24,-0.010897846012827525,285.4666669611453,2.445484993957496E-6,"{""type"":""MultiPoint"",""coordinates"":[]}"
20200425,2020-04-25,-0.009931791540194823,284.1042512533845,6.483914134270834E-4,"{""type"":""MultiPoint"",""coordinates"":[]}"
20200426,2020-04-26,-0.008518503103877417,283.1609140785796,4.0382251862955887E-4,"{""type"":""MultiPoint"",""coordinates"":[]}"
20200427,2020-04-27,-0.006943923029961396,284.36048056586816,0.0017396256067267193,"{""type"":""MultiPoint"",""coordinates"":[]}"
20200428,2020-04-28,-0.006680842402440147,285.38261155323124,0.0038142561804965663,"{""type"":""MultiPoint"",""coordinates"":[]}"
20200429,2020-04-29,-0.003321797367104217,282.6913992300383,0.0096346783860875,"{""type"":""MultiPoint"",""coordinates"":[]}"
20200430,2020-04-30,-0.006931319869779329,283.88912811631945,0.004173819196295231,"{""type"":""MultiPoint"",""coordinates"":[]}"
20200501,2020-05-01,-0.006676231160583929,282.9597388664387,0.007661541756128569,"{""type"":""MultiPoint"",""coordinates"":[]}"
20200502,2020-05-02,-0.007214158556964416,281.7122759443677,0.0057764999715557005,"{""type"":""MultiPoint"",""coordinates"":[]}"
20200503,2020-05-03,-0.00707216276457074,281.11649922474686,0.001176262104008557,"{""type"":""MultiPoint"",""coordinates"":[]}"
20200504,2020-05-04,-0.006146517723370765,283.360642484999,0.0032983356298227026,"{""type"":""MultiPoint"",""coordinates"":[]}"
20200505,2020-05-05,-0.004703624421907297,281.61328297886917,0.003601087556353326,"{""type"":""MultiPoint"",""coordinates"":[]}"
20200506,2020-05-06,-0.008647856080784005,280.5727535487924,2.079925525678526E-4,"{""type"":""MultiPoint"",""coordinates"":[]}"
20200507,2020-05-07,-0.010601635824318388,283.61782612425765,3.273822467440936E-8,"{""type"":""MultiPoint"",""coordinates"":[]}"
20200508,2020-05-08,-0.009505538625667897,286.9911276550109,1.1714238309179166E-5,"{""type"":""MultiPoint"",""coordinates"":[]}"
20200509,2020-05-09,-0.00785414591208533,288.62402436762756,0.0024318733135940073,"{""type"":""MultiPoint"",""coordinates"":[]}"
20200510,2020-05-10,-0.0056163403871103005,287.66553042521116,0.0023648833124760276,"{""type"":""MultiPoint"",""coordinates"":[]}"
20200511,2020-05-11,-0.005444700119676956,284.3199964701927,0.011305158792809949,"{""type"":""MultiPoint"",""coordinates"":[]}"
20200512,2020-05-12,-0.006870154746390669,278.7070323641851,0.001977266160657125,"{""type"":""MultiPoint"",""coordinates"":[]}"
20200513,2020-05-13,-0.004417913481099778,281.14897603199364,0.006305140671250004,"{""type"":""MultiPoint"",""coordinates"":[]}"
20200514,2020-05-14,-0.003727081723265217,281.8012309613427,0.003598455205613234,"{""type"":""MultiPoint"",""coordinates"":[]}"
20200515,2020-05-15,-0.0025914278371721782,280.49748701480075,0.008999207575205169,"{""type"":""MultiPoint"",""coordinates"":[]}"
20200516,2020-05-16,-0.005347566359326165,282.71894868509537,0.0012938844878771438,"{""type"":""MultiPoint"",""coordinates"":[]}"
20200517,2020-05-17,-0.008308323028335753,285.1927130638291,2.850452701168181E-4,"{""type"":""MultiPoint"",""coordinates"":[]}"
20200518,2020-05-18,-0.009012278907316899,286.9755277027191,1.2086973035168108E-4,"{""type"":""MultiPoint"",""coordinates"":[]}"
20200519,2020-05-19,-0.008742449519213737,288.43698895998426,7.748878304743553E-4,"{""type"":""MultiPoint"",""coordinates"":[]}"
20200520,2020-05-20,-0.0068551366956811285,286.5581307146034,0.0012099134097395235,"{""type"":""MultiPoint"",""coordinates"":[]}"
20200521,2020-05-21,-0.007906263811966423,286.35055342945583,4.292127927189417E-4,"{""type"":""MultiPoint"",""coordinates"":[]}"
20200522,2020-05-22,-0.008538264480954334,287.94966305030624,0.001061704058580234,"{""type"":""MultiPoint"",""coordinates"":[]}"
20200523,2020-05-23,-0.0053018815830402485,286.55180193442555,0.01682216980245557,"{""type"":""MultiPoint"",""coordinates"":[]}"
20200524,2020-05-24,-0.00968986785320208,283.7274237374333,0.002492269344472277,"{""type"":""MultiPoint"",""coordinates"":[]}"
20200525,2020-05-25,-0.005938870968737683,283.541514625252,0.008612585389667545,"{""type"":""MultiPoint"",""coordinates"":[]}"
20200526,2020-05-26,-0.006475044115398785,283.3808561478034,0.0040112651865528105,"{""type"":""MultiPoint"",""coordinates"":[]}"
20200527,2020-05-27,-0.009691637924823998,284.9183120607159,1.0259210016719988E-4,"{""type"":""MultiPoint"",""coordinates"":[]}"
20200528,2020-05-28,-0.005431612052696729,283.7738160547114,0.005570727100887166,"{""type"":""MultiPoint"",""coordinates"":[]}"
20200529,2020-05-29,-0.007305323193435641,283.24729667382195,0.0014500175871511932,"{""type"":""MultiPoint"",""coordinates"":[]}"
20200530,2020-05-30,-0.007687404677248393,283.11511106101517,0.001153423295458983,"{""type"":""MultiPoint"",""coordinates"":[]}"
20200531,2020-05-31,-0.006554627057980708,283.06471273854106,0.0033614617087680456,"{""type"":""MultiPoint"",""coordinates"":[]}"
20200601,2020-06-01,-0.010239367864313427,287.1181877646167,3.910560588599064E-4,"{""type"":""MultiPoint"",""coordinates"":[]}"
20200602,2020-06-02,-0.010597695375960989,287.4677437943605,0.0017086790577926715,"{""type"":""MultiPoint"",""coordinates"":[]}"
20200603,2020-06-03,-0.009897801421297075,288.4892302266914,0.001901339816648,"{""type"":""MultiPoint"",""coordinates"":[]}"
20200604,2020-06-04,-0.005538215199866503,287.25008283663163,0.007085254437658866,"{""type"":""MultiPoint"",""coordinates"":[]}"
20200605,2020-06-05,-0.0056774993549449015,285.36477771474193,0.0076982783033820125,"{""type"":""MultiPoint"",""coordinates"":[]}"
20200606,2020-06-06,-0.007131308339303966,287.31463600041786,0.005484150072780769,"{""type"":""MultiPoint"",""coordinates"":[]}"
20200607,2020-06-07,-0.00398789104342569,285.7229328816242,0.014442118886593407,"{""type"":""MultiPoint"",""coordinates"":[]}"
20200608,2020-06-08,-0.00450217166725313,284.4620048826303,0.00356691824933049,"{""type"":""MultiPoint"",""coordinates"":[]}"
20200609,2020-06-09,-0.0025063828688153566,284.90057673800914,0.010256091529595987,"{""type"":""MultiPoint"",""coordinates"":[]}"
20200610,2020-06-10,-0.0016484700784599874,285.12109143582654,0.013482161979019918,"{""type"":""MultiPoint"",""coordinates"":[]}"
20200611,2020-06-11,-0.005765275730942988,287.16668261085476,0.003652567081835044,"{""type"":""MultiPoint"",""coordinates"":[]}"
20200612,2020-06-12,-0.010747064662495445,290.1899931345686,1.3677091167372697E-4,"{""type"":""MultiPoint"",""coordinates"":[]}"
20200613,2020-06-13,-0.009110311147413478,291.7862577058056,0.0032091923855005543,"{""type"":""MultiPoint"",""coordinates"":[]}"
20200614,2020-06-14,-0.0033245324330671263,288.0529751920868,0.01292769942037886,"{""type"":""MultiPoint"",""coordinates"":[]}"
20200615,2020-06-15,-0.003295303646230148,287.0249375144197,0.015121401591676784,"{""type"":""MultiPoint"",""coordinates"":[]}"
20200616,2020-06-16,-0.004325988564106426,287.83891029979503,0.003737865862098287,"{""type"":""MultiPoint"",""coordinates"":[]}"
20200617,2020-06-17,-0.0060480234085546584,288.649571475947,0.007330324025271413,"{""type"":""MultiPoint"",""coordinates"":[]}"
20200618,2020-06-18,-0.006311373660603695,287.5820651767287,0.006546923441807856,"{""type"":""MultiPoint"",""coordinates"":[]}"
20200619,2020-06-19,-0.004300123340243393,286.7076875199321,0.00885656814269282,"{""type"":""MultiPoint"",""coordinates"":[]}"
20200620,2020-06-20,-0.0038484394479598462,286.4000140120357,0.010124118786374602,"{""type"":""MultiPoint"",""coordinates"":[]}"
20200621,2020-06-21,-0.005153117651477846,287.2969729328419,0.0068894779677832205,"{""type"":""MultiPoint"",""coordinates"":[]}"
20200622,2020-06-22,-0.007977393623912914,289.5681253164383,0.0016374108429032435,"{""type"":""MultiPoint"",""coordinates"":[]}"
20200623,2020-06-23,-0.010520385129388504,289.98223888688284,3.2578916268306124E-4,"{""type"":""MultiPoint"",""coordinates"":[]}"
20200624,2020-06-24,-0.010756866302723779,289.22890748123666,0.0012442851179701561,"{""type"":""MultiPoint"",""coordinates"":[]}"
20200625,2020-06-25,-0.00733376854247069,288.77672903527167,0.0033451142597698247,"{""type"":""MultiPoint"",""coordinates"":[]}"
20200626,2020-06-26,-0.0074700947055573105,290.5406757734677,0.005192091499471218,"{""type"":""MultiPoint"",""coordinates"":[]}"
20200627,2020-06-27,-0.009672984274066081,293.03333659674144,0.0014224966012375989,"{""type"":""MultiPoint"",""coordinates"":[]}"
20200628,2020-06-28,-0.009011541343418871,293.14644354716916,0.0045827137798701125,"{""type"":""MultiPoint"",""coordinates"":[]}"
20200629,2020-06-29,-0.00416700722653318,289.0902569804267,0.01764977732713116,"{""type"":""MultiPoint"",""coordinates"":[]}"
20200630,2020-06-30,-0.009116390678534213,290.50645553982594,1.640817381753539E-4,"{""type"":""MultiPoint"",""coordinates"":[]}"
20200701,2020-07-01,-0.007933665971034407,292.66887412646366,0.002974056660929146,"{""type"":""MultiPoint"",""coordinates"":[]}"
20200702,2020-07-02,-0.0070616898216760045,291.7769699091539,0.008229053728731789,"{""type"":""MultiPoint"",""coordinates"":[]}"
20200703,2020-07-03,-0.006622408534918646,289.31436026334137,0.0033490499571926934,"{""type"":""MultiPoint"",""coordinates"":[]}"
20200704,2020-07-04,-0.009877662648154916,290.5376202067804,5.279164448768991E-5,"{""type"":""MultiPoint"",""coordinates"":[]}"
20200705,2020-07-05,-0.010706813620093653,292.46552132574624,1.9223842502661374E-5,"{""type"":""MultiPoint"",""coordinates"":[]}"
20200706,2020-07-06,-0.00807564687608411,289.96909957490124,0.003871548995512129,"{""type"":""MultiPoint"",""coordinates"":[]}"
20200707,2020-07-07,-0.010027236614246324,286.95800139681836,3.4245565248345266E-4,"{""type"":""MultiPoint"",""coordinates"":[]}"
20200708,2020-07-08,-0.010333043151593108,289.27467061368577,5.40013181516166E-4,"{""type"":""MultiPoint"",""coordinates"":[]}"
20200709,2020-07-09,-0.010221284719390414,291.89076176066965,3.4716445039836667E-4,"{""type"":""MultiPoint"",""coordinates"":[]}"
20200710,2020-07-10,-0.011183904918277558,293.9669696055627,0.00458824336529263,"{""type"":""MultiPoint"",""coordinates"":[]}"
20200711,2020-07-11,-0.0029648737985564196,287.3138421701626,0.01874643496041397,"{""type"":""MultiPoint"",""coordinates"":[]}"
20200712,2020-07-12,-0.008660217250138848,287.2497222557577,3.9373994763974E-4,"{""type"":""MultiPoint"",""coordinates"":[]}"
20200713,2020-07-13,-0.010354844459233969,288.4279660360462,1.2474838161643186E-4,"{""type"":""MultiPoint"",""coordinates"":[]}"
20200714,2020-07-14,-0.009410092010404068,289.13280708285885,2.977838137983663E-4,"{""type"":""MultiPoint"",""coordinates"":[]}"
20200715,2020-07-15,-0.006774962981480292,288.8091378284956,0.006767876553463257,"{""type"":""MultiPoint"",""coordinates"":[]}"
20200716,2020-07-16,-0.0032191410601024586,286.6124608183485,0.01162483219626907,"{""type"":""MultiPoint"",""coordinates"":[]}"
20200717,2020-07-17,-0.005448042451372106,286.7880876125746,0.008513758927530186,"{""type"":""MultiPoint"",""coordinates"":[]}"
20200718,2020-07-18,-0.004357635115955322,287.2513330257144,0.008503599963973759,"{""type"":""MultiPoint"",""coordinates"":[]}"
20200719,2020-07-19,-0.006186132616186301,290.17129237172077,0.0024104750769872864,"{""type"":""MultiPoint"",""coordinates"":[]}"
20200720,2020-07-20,-0.009074039865049989,292.1550495102026,7.708292466488514E-4,"{""type"":""MultiPoint"",""coordinates"":[]}"
20200721,2020-07-21,-0.008170313053892767,291.6389082245377,0.0030979521132111732,"{""type"":""MultiPoint"",""coordinates"":[]}"
20200722,2020-07-22,-0.007911996735331628,291.1179404644591,0.0027568395924741146,"{""type"":""MultiPoint"",""coordinates"":[]}"
20200723,2020-07-23,-0.008780615491685533,291.36245866886463,0.0020083299181844014,"{""type"":""MultiPoint"",""coordinates"":[]}"
20200724,2020-07-24,-0.006106622482212957,290.5251912932638,0.006151115636171077,"{""type"":""MultiPoint"",""coordinates"":[]}"
20200725,2020-07-25,-0.008506074867681169,291.13154074712946,9.122722407341187E-4,"{""type"":""MultiPoint"",""coordinates"":[]}"
20200726,2020-07-26,-0.0058786005646334185,290.5832997806523,0.0054523598946646604,"{""type"":""MultiPoint"",""coordinates"":[]}"
20200727,2020-07-27,-0.009380184922436306,292.43909656343754,1.4122180854241428E-4,"{""type"":""MultiPoint"",""coordinates"":[]}"
20200728,2020-07-28,-0.010513178379318994,295.1452619734508,0.004244311635298523,"{""type"":""MultiPoint"",""coordinates"":[]}"
20200729,2020-07-29,-0.008147193445805848,292.725467549473,0.002992065544423783,"{""type"":""MultiPoint"",""coordinates"":[]}"
20200730,2020-07-30,-0.009604297222687916,293.70712557436696,2.331077775900795E-4,"{""type"":""MultiPoint"",""coordinates"":[]}"
20200731,2020-07-31,-0.010678175807193203,294.763495844394,1.8244644959516745E-4,"{""type"":""MultiPoint"",""coordinates"":[]}"
20200801,2020-08-01,-0.010419515906620694,294.8464578411633,6.30661719408881E-4,"{""type"":""MultiPoint"",""coordinates"":[]}"
20200802,2020-08-02,-0.004992986336473325,292.20094720053714,0.011372536186467714,"{""type"":""MultiPoint"",""coordinates"":[]}"
20200803,2020-08-03,-0.0026152269290961555,288.9827435965873,0.03106347142742974,"{""type"":""MultiPoint"",""coordinates"":[]}"
20200804,2020-08-04,-0.002540651920848938,286.13507584905574,0.02275118685577437,"{""type"":""MultiPoint"",""coordinates"":[]}"
20200805,2020-08-05,-0.006428321942652775,287.7345229027694,3.2058462370702315E-4,"{""type"":""MultiPoint"",""coordinates"":[]}"
20200806,2020-08-06,-0.00835366704631196,291.02616276855457,2.8548513251208126E-4,"{""type"":""MultiPoint"",""coordinates"":[]}"
20200807,2020-08-07,-0.009740903751881797,293.57034382974194,6.289864028997957E-5,"{""type"":""MultiPoint"",""coordinates"":[]}"
20200808,2020-08-08,-0.01016299714469437,294.68863493264564,3.427931447251026E-5,"{""type"":""MultiPoint"",""coordinates"":[]}"
20200809,2020-08-09,-0.00984806956277007,294.94462210660225,1.1214643683518176E-4,"{""type"":""MultiPoint"",""coordinates"":[]}"
20200810,2020-08-10,-0.009714662911743194,294.8134644778718,0.0010307866283571071,"{""type"":""MultiPoint"",""coordinates"":[]}"
20200811,2020-08-11,-0.008633040183005982,294.2186955895647,0.002199683746943451,"{""type"":""MultiPoint"",""coordinates"":[]}"
20200812,2020-08-12,-0.010031793003732456,294.43689609832586,3.79917696815641E-4,"{""type"":""MultiPoint"",""coordinates"":[]}"
20200813,2020-08-13,-0.006241455734189629,293.26941138950764,0.0065017828111839015,"{""type"":""MultiPoint"",""coordinates"":[]}"
20200814,2020-08-14,-0.0057145834655718515,291.7976835934267,0.006937700182182996,"{""type"":""MultiPoint"",""coordinates"":[]}"
20200815,2020-08-15,-0.0052038438910869,291.5759324773338,0.005730411594905874,"{""type"":""MultiPoint"",""coordinates"":[]}"
20200816,2020-08-16,-0.007466447015464384,292.10069105102076,0.0017926488185687115,"{""type"":""MultiPoint"",""coordinates"":[]}"
20200817,2020-08-17,-0.004458127343787986,290.886824814849,0.006525433786701629,"{""type"":""MultiPoint"",""coordinates"":[]}"
20200818,2020-08-18,-0.004971491988616261,290.0536062277819,0.005722028463956218,"{""type"":""MultiPoint"",""coordinates"":[]}"
20200819,2020-08-19,-0.007652989835252478,290.3852416809997,0.0012999017957935242,"{""type"":""MultiPoint"",""coordinates"":[]}"
20200820,2020-08-20,-0.008579477792570255,292.69770822166834,2.2880073888956377E-4,"{""type"":""MultiPoint"",""coordinates"":[]}"
20200821,2020-08-21,-0.009246832145711682,295.3581642312507,3.899185749379625E-5,"{""type"":""MultiPoint"",""coordinates"":[]}"
20200822,2020-08-22,-0.005081985381776697,292.7422387304269,0.01577232557355861,"{""type"":""MultiPoint"",""coordinates"":[]}"
20200823,2020-08-23,-0.006585614857016177,290.4753126442035,0.002669601068300258,"{""type"":""MultiPoint"",""coordinates"":[]}"
20200824,2020-08-24,-0.005817145918148017,289.1313974288071,0.0016145649437385996,"{""type"":""MultiPoint"",""coordinates"":[]}"
20200825,2020-08-25,-0.008243653846291424,289.58244504596274,2.513929100268025E-5,"{""type"":""MultiPoint"",""coordinates"":[]}"
20200826,2020-08-26,-0.014295200611900871,291.8937215144844,3.715854972800254E-5,"{""type"":""MultiPoint"",""coordinates"":[]}"
20200827,2020-08-27,-0.009136559217619388,289.49478085834915,3.551064667299396E-5,"{""type"":""MultiPoint"",""coordinates"":[]}"
20200828,2020-08-28,-0.007506803256337982,290.6601444778561,0.005469314756294738,"{""type"":""MultiPoint"",""coordinates"":[]}"
20200829,2020-08-29,-0.002590680958289853,288.2989779254921,0.01676990592360162,"{""type"":""MultiPoint"",""coordinates"":[]}"
20200830,2020-08-30,-0.003249878200510681,288.12668834757517,0.01383986865626857,"{""type"":""MultiPoint"",""coordinates"":[]}"
20200831,2020-08-31,-0.005344224941577394,286.2612125321935,0.002980019670584768,"{""type"":""MultiPoint"",""coordinates"":[]}"
20200901,2020-09-01,-0.002811237374169018,284.878657720035,0.014385764718588993,"{""type"":""MultiPoint"",""coordinates"":[]}"
20200902,2020-09-02,-0.004708061882252526,285.1624713421534,0.0019441403768184207,"{""type"":""MultiPoint"",""coordinates"":[]}"
20200903,2020-09-03,-0.006754846934843624,286.5844893631771,2.6344449694571287E-4,"{""type"":""MultiPoint"",""coordinates"":[]}"
20200904,2020-09-04,-0.0074155418643391344,290.28869341738755,2.8944381311651666E-5,"{""type"":""MultiPoint"",""coordinates"":[]}"
20200905,2020-09-05,-0.007502126083846605,291.34855399660074,0.0023748487078789566,"{""type"":""MultiPoint"",""coordinates"":[]}"
20200906,2020-09-06,-0.0029482399542318546,287.6918532098102,0.012772106161943594,"{""type"":""MultiPoint"",""coordinates"":[]}"
20200907,2020-09-07,-0.004130173532104064,286.4991760819935,0.0031939244073601104,"{""type"":""MultiPoint"",""coordinates"":[]}"
20200908,2020-09-08,-0.006149841807278055,287.6624992394856,2.0226199192004913E-6,"{""type"":""MultiPoint"",""coordinates"":[]}"
20200909,2020-09-09,-0.006644102899828025,289.09935661928245,1.2240059475952563E-5,"{""type"":""MultiPoint"",""coordinates"":[]}"
20200910,2020-09-10,-0.005450622840973438,289.34043709124984,2.983465956423269E-4,"{""type"":""MultiPoint"",""coordinates"":[]}"
20200911,2020-09-11,-0.004697570400176103,289.4276283053943,7.862571773974282E-4,"{""type"":""MultiPoint"",""coordinates"":[]}"
20200912,2020-09-12,-0.005250072638006128,290.63619201152744,5.558504483639559E-4,"{""type"":""MultiPoint"",""coordinates"":[]}"
20200913,2020-09-13,-0.0066417415794803505,291.5621052565313,1.2945774832457619E-5,"{""type"":""MultiPoint"",""coordinates"":[]}"
20200914,2020-09-14,-0.007446538306734283,291.8308459697579,2.572770582800326E-6,"{""type"":""MultiPoint"",""coordinates"":[]}"
20200915,2020-09-15,-0.00736568963159326,292.2780942035256,2.9428549892251376E-5,"{""type"":""MultiPoint"",""coordinates"":[]}"
20200916,2020-09-16,-0.0062450237666868075,291.81146311359885,0.0015243480556228692,"{""type"":""MultiPoint"",""coordinates"":[]}"
20200917,2020-09-17,-0.005279160928323977,288.9714692160589,0.004249570973423294,"{""type"":""MultiPoint"",""coordinates"":[]}"
20200918,2020-09-18,-0.008283652828365712,286.48197238250816,1.2019433774178848E-5,"{""type"":""MultiPoint"",""coordinates"":[]}"
20200919,2020-09-19,-0.006679382286271274,287.06670440296585,3.725493279482016E-5,"{""type"":""MultiPoint"",""coordinates"":[]}"
20200920,2020-09-20,-0.005892574799378008,287.53964134851935,6.061011740050625E-4,"{""type"":""MultiPoint"",""coordinates"":[]}"
20200921,2020-09-21,-0.0052899899313411875,288.33446215880326,0.0015515977084177386,"{""type"":""MultiPoint"",""coordinates"":[]}"
20200922,2020-09-22,-0.00544088900064094,289.1108381856535,0.0018330571387186428,"{""type"":""MultiPoint"",""coordinates"":[]}"
20200923,2020-09-23,-0.0025799917509057467,287.73619372133817,0.006831856147880312,"{""type"":""MultiPoint"",""coordinates"":[]}"
20200924,2020-09-24,-0.004777517702651963,288.0901609747488,0.002518009471592302,"{""type"":""MultiPoint"",""coordinates"":[]}"
20200925,2020-09-25,-0.0019576989987269695,283.2089287020767,0.021711555430378296,"{""type"":""MultiPoint"",""coordinates"":[]}"
20200926,2020-09-26,-0.0028208948536229553,278.6801158797479,0.015028853992648037,"{""type"":""MultiPoint"",""coordinates"":[]}"
20200927,2020-09-27,-0.005121275856456437,280.6165937174247,3.408088482515583E-4,"{""type"":""MultiPoint"",""coordinates"":[]}"
20200928,2020-09-28,-0.001626277922355245,280.4003946362619,0.007860704802467689,"{""type"":""MultiPoint"",""coordinates"":[]}"
20200929,2020-09-29,-0.0019075454620105872,281.9472015085539,0.0030741943896712112,"{""type"":""MultiPoint"",""coordinates"":[]}"
20200930,2020-09-30,-0.003169907785053862,283.7897877532136,8.311571209976434E-4,"{""type"":""MultiPoint"",""coordinates"":[]}"
20201001,2020-10-01,-0.003927009362348204,283.78472254251045,9.898964726867713E-4,"{""type"":""MultiPoint"",""coordinates"":[]}"
20201002,2020-10-02,-0.00487615977993145,285.5750932896573,0.001373364554464749,"{""type"":""MultiPoint"",""coordinates"":[]}"
20201003,2020-10-03,-0.005293920051953848,286.6640977570546,0.004875342016784064,"{""type"":""MultiPoint"",""coordinates"":[]}"
20201004,2020-10-04,-0.005668275964750986,284.4045389187512,0.0018798972670311857,"{""type"":""MultiPoint"",""coordinates"":[]}"
20201005,2020-10-05,-0.0035391473150546324,282.82753052005665,0.004102735220462418,"{""type"":""MultiPoint"",""coordinates"":[]}"
20201006,2020-10-06,-0.00425900558464085,283.0025691343369,0.0044798617664250215,"{""type"":""MultiPoint"",""coordinates"":[]}"
20201007,2020-10-07,-0.0030227848525410835,281.8928981035577,0.0063117587358497785,"{""type"":""MultiPoint"",""coordinates"":[]}"
20201008,2020-10-08,-0.004406159477993188,282.7742527871691,4.068570816444512E-4,"{""type"":""MultiPoint"",""coordinates"":[]}"
20201009,2020-10-09,-0.004261484959098572,284.9711253309685,2.1352202667522584E-4,"{""type"":""MultiPoint"",""coordinates"":[]}"
20201010,2020-10-10,-0.0020622879003505856,282.4807664695666,0.007670465142242821,"{""type"":""MultiPoint"",""coordinates"":[]}"
20201011,2020-10-11,-0.0019397041927896425,278.86832094747155,0.00797575251068498,"{""type"":""MultiPoint"",""coordinates"":[]}"
20201012,2020-10-12,-0.002437547452997562,277.76062137996996,0.00559477863680876,"{""type"":""MultiPoint"",""coordinates"":[]}"
20201013,2020-10-13,-0.0021914834412316807,277.35366814647915,0.008060829281307406,"{""type"":""MultiPoint"",""coordinates"":[]}"
20201014,2020-10-14,-0.0023537211093881895,277.2578479294578,0.0089601317328475,"{""type"":""MultiPoint"",""coordinates"":[]}"
20201015,2020-10-15,-0.0014656270718568947,278.6528635618923,0.004042685494163649,"{""type"":""MultiPoint"",""coordinates"":[]}"
20201016,2020-10-16,-0.0010057736613025927,278.3367770785699,0.00944661689636331,"{""type"":""MultiPoint"",""coordinates"":[]}"
20201017,2020-10-17,-0.001661304015520276,278.17568742895656,0.0035150043022091145,"{""type"":""MultiPoint"",""coordinates"":[]}"
20201018,2020-10-18,-0.0024970621170621325,278.43777549878774,6.545872894138358E-4,"{""type"":""MultiPoint"",""coordinates"":[]}"
20201019,2020-10-19,-0.0027859428822887057,278.5998041461812,2.8917275373590776E-5,"{""type"":""MultiPoint"",""coordinates"":[]}"
20201020,2020-10-20,-0.0032455477196112613,279.87604728626775,9.942224412047688E-6,"{""type"":""MultiPoint"",""coordinates"":[]}"
20201021,2020-10-21,-0.002993347926757608,282.0737721684239,3.101402718425501E-5,"{""type"":""MultiPoint"",""coordinates"":[]}"
20201022,2020-10-22,-0.0028366020043094626,282.93032768951474,1.648425010283262E-4,"{""type"":""MultiPoint"",""coordinates"":[]}"
20201023,2020-10-23,-0.0018051844826184734,283.36848998092535,0.0036245011065055123,"{""type"":""MultiPoint"",""coordinates"":[]}"
20201024,2020-10-24,-0.0012360741265864173,282.7499374118536,0.006839858863628758,"{""type"":""MultiPoint"",""coordinates"":[]}"
20201025,2020-10-25,-0.002513854835432002,281.56065608610027,3.705245788784398E-5,"{""type"":""MultiPoint"",""coordinates"":[]}"
20201026,2020-10-26,-0.001764810874287475,280.8741740112423,0.009473255300567817,"{""type"":""MultiPoint"",""coordinates"":[]}"
20201027,2020-10-27,-0.0015000198714253692,278.2306262798881,0.005944354216334742,"{""type"":""MultiPoint"",""coordinates"":[]}"
20201028,2020-10-28,-0.0017201682327516437,278.84160675651094,0.0011114458691073074,"{""type"":""MultiPoint"",""coordinates"":[]}"
20201029,2020-10-29,-0.0013094720399873527,279.83547814380603,0.010041835967941217,"{""type"":""MultiPoint"",""coordinates"":[]}"
20201030,2020-10-30,-0.001546989723434897,281.61534008674823,0.005325170919527896,"{""type"":""MultiPoint"",""coordinates"":[]}"
20201031,2020-10-31,-0.002280120760693938,282.03164202632485,6.232966059534124E-4,"{""type"":""MultiPoint"",""coordinates"":[]}"
20201101,2020-11-01,-0.001545864368423268,281.8065484759248,0.005457587259115788,"{""type"":""MultiPoint"",""coordinates"":[]}"
20201102,2020-11-02,-0.0016426852444768772,285.3860203497264,6.385978983283623E-4,"{""type"":""MultiPoint"",""coordinates"":[]}"
20201103,2020-11-03,-7.879836807490749E-4,284.3756997176027,0.006407402297286083,"{""type"":""MultiPoint"",""coordinates"":[]}"
20201104,2020-11-04,-0.0015322609806083997,280.44104689720797,0.00491549353770476,"{""type"":""MultiPoint"",""coordinates"":[]}"
20201105,2020-11-05,-0.0017353333058837649,278.7874482044681,7.428390467331341E-5,"{""type"":""MultiPoint"",""coordinates"":[]}"
20201106,2020-11-06,-0.002215373615284431,277.26587887828947,8.824937116562832E-6,"{""type"":""MultiPoint"",""coordinates"":[]}"
20201107,2020-11-07,-0.0021531009556921337,277.898485955556,7.64169469625024E-6,"{""type"":""MultiPoint"",""coordinates"":[]}"
20201108,2020-11-08,-0.002107504749384746,278.0549110535768,8.706045273946633E-6,"{""type"":""MultiPoint"",""coordinates"":[]}"
20201109,2020-11-09,-0.0018368707209000163,277.6606871885693,6.362881865179938E-5,"{""type"":""MultiPoint"",""coordinates"":[]}"
20201110,2020-11-10,-0.0016540692107496477,277.9476079406995,1.1973945075414615E-4,"{""type"":""MultiPoint"",""coordinates"":[]}"
20201111,2020-11-11,-0.0013003982088185565,278.0694753022298,2.4617683292391687E-4,"{""type"":""MultiPoint"",""coordinates"":[]}"
20201112,2020-11-12,-0.0018686598344461413,278.38528065837613,2.169104165959714E-4,"{""type"":""MultiPoint"",""coordinates"":[]}"
20201113,2020-11-13,-0.0018797292057899351,278.96482787395513,3.872510827449144E-5,"{""type"":""MultiPoint"",""coordinates"":[]}"
20201114,2020-11-14,-0.0018273910184547844,279.3220438767851,2.863904766713372E-5,"{""type"":""MultiPoint"",""coordinates"":[]}"
20201115,2020-11-15,-0.0017802233684984672,278.45642088374495,3.1980824124809885E-4,"{""type"":""MultiPoint"",""coordinates"":[]}"
20201116,2020-11-16,-0.00121194352733517,278.6389627491854,0.0038671201627692715,"{""type"":""MultiPoint"",""coordinates"":[]}"
20201117,2020-11-17,-0.0016837371426934736,278.5116577438639,1.328465668555686E-4,"{""type"":""MultiPoint"",""coordinates"":[]}"
20201118,2020-11-18,-0.0014589416437581868,278.5828355039932,2.288660928946621E-5,"{""type"":""MultiPoint"",""coordinates"":[]}"
20201119,2020-11-19,-0.001530552109861248,278.4388405670513,0.003760981183523048,"{""type"":""MultiPoint"",""coordinates"":[]}"
20201120,2020-11-20,-0.0016600916741631073,274.70658674433406,0.0030899593584902373,"{""type"":""MultiPoint"",""coordinates"":[]}"
20201121,2020-11-21,-0.0015999105390093063,272.093234828479,9.054303254339555E-5,"{""type"":""MultiPoint"",""coordinates"":[]}"
20201122,2020-11-22,-0.0019446850882342236,273.477276666889,1.701933794413273E-4,"{""type"":""MultiPoint"",""coordinates"":[]}"
20201123,2020-11-23,-0.0011687626122187838,275.02541704069864,7.208313265688365E-4,"{""type"":""MultiPoint"",""coordinates"":[]}"
20201124,2020-11-24,-0.0011346387250229643,274.08902258545146,3.5973513668975826E-5,"{""type"":""MultiPoint"",""coordinates"":[]}"
20201125,2020-11-25,-0.0012998664571905404,273.40052185272515,1.5938377334995276E-4,"{""type"":""MultiPoint"",""coordinates"":[]}"
20201126,2020-11-26,-0.0013730456604778912,273.2231332141474,4.132630504611436E-5,"{""type"":""MultiPoint"",""coordinates"":[]}"
20201127,2020-11-27,-0.0013595539437552405,272.8172964215304,2.376318727073809E-5,"{""type"":""MultiPoint"",""coordinates"":[]}"
20201128,2020-11-28,-0.001249447059123371,272.8386281086752,6.302300098705714E-5,"{""type"":""MultiPoint"",""coordinates"":[]}"
20201129,2020-11-29,-0.0013849224215551235,271.9509549160993,3.002994784608607E-4,"{""type"":""MultiPoint"",""coordinates"":[]}"
20201130,2020-11-30,-0.0013591296874159615,271.43816474254885,9.115682317419293E-5,"{""type"":""MultiPoint"",""coordinates"":[]}"
20201201,2020-12-01,-0.001272770437809428,271.14000357610297,0.0020548380080785728,"{""type"":""MultiPoint"",""coordinates"":[]}"
20201202,2020-12-02,-0.0012817672532830083,270.32693759974075,4.3077555681058727E-4,"{""type"":""MultiPoint"",""coordinates"":[]}"
20201203,2020-12-03,-0.001086233572824947,270.4659976939991,0.002760598281299931,"{""type"":""MultiPoint"",""coordinates"":[]}"
20201204,2020-12-04,-0.0015174207168607435,272.79389097662755,0.0020503401085116306,"{""type"":""MultiPoint"",""coordinates"":[]}"
20201205,2020-12-05,-6.407893828753342E-4,274.87277840551815,0.008200800248089078,"{""type"":""MultiPoint"",""coordinates"":[]}"
20201206,2020-12-06,-8.308392024611536E-4,276.16501344127994,0.008772588953720533,"{""type"":""MultiPoint"",""coordinates"":[]}"
20201207,2020-12-07,-9.114095210930861E-4,274.5120583301892,0.001830869264077011,"{""type"":""MultiPoint"",""coordinates"":[]}"
20201208,2020-12-08,-5.777801618094565E-4,272.9263116111701,0.0016319143189844822,"{""type"":""MultiPoint"",""coordinates"":[]}"
20201209,2020-12-09,-4.2481374045619485E-4,273.292539508994,0.005751904604522378,"{""type"":""MultiPoint"",""coordinates"":[]}"
20201210,2020-12-10,-5.359014495501417E-4,272.1783634204638,0.002537979063377158,"{""type"":""MultiPoint"",""coordinates"":[]}"
20201211,2020-12-11,-5.572437566656141E-4,271.67255511784816,3.682027793418492E-4,"{""type"":""MultiPoint"",""coordinates"":[]}"
20201212,2020-12-12,-6.211338195133892E-4,273.1217795694407,0.0016218907445884128,"{""type"":""MultiPoint"",""coordinates"":[]}"
20201213,2020-12-13,-2.9139159765670207E-4,274.2421574936746,0.0025190975975407223,"{""type"":""MultiPoint"",""coordinates"":[]}"
20201214,2020-12-14,-5.275350124547891E-4,273.5149704598354,1.6397228851511037E-5,"{""type"":""MultiPoint"",""coordinates"":[]}"
20201215,2020-12-15,-5.472634793274965E-4,274.18206353196734,3.7114884430375654E-4,"{""type"":""MultiPoint"",""coordinates"":[]}"
20201216,2020-12-16,-2.8459211751333393E-4,273.95227420797966,9.643089534225446E-4,"{""type"":""MultiPoint"",""coordinates"":[]}"
20201217,2020-12-17,-5.119689007957759E-4,274.02077037907287,7.210359873017188E-5,"{""type"":""MultiPoint"",""coordinates"":[]}"
20201218,2020-12-18,-4.6337848984494127E-4,274.25987149536707,1.4791300182085075E-5,"{""type"":""MultiPoint"",""coordinates"":[]}"
20201219,2020-12-19,-5.953676541199451E-4,272.93232957055653,3.326758282954715E-4,"{""type"":""MultiPoint"",""coordinates"":[]}"
20201220,2020-12-20,-6.258176643946872E-4,273.0495278744592,6.158757840779121E-4,"{""type"":""MultiPoint"",""coordinates"":[]}"
20201221,2020-12-21,-4.482016923042262E-4,274.32261242962903,0.002021559106534582,"{""type"":""MultiPoint"",""coordinates"":[]}"
20201222,2020-12-22,-6.880392457759024E-4,278.34959961590187,0.006593545011682615,"{""type"":""MultiPoint"",""coordinates"":[]}"
20201223,2020-12-23,-4.880308850156197E-4,279.5930180901177,0.00520062482379103,"{""type"":""MultiPoint"",""coordinates"":[]}"
20201224,2020-12-24,-0.0011047836873406905,277.461872788981,0.006900478512436981,"{""type"":""MultiPoint"",""coordinates"":[]}"
20201225,2020-12-25,-6.901448428926173E-4,273.0032505146192,0.006289455161799055,"{""type"":""MultiPoint"",""coordinates"":[]}"
20201226,2020-12-26,-0.0013426213196810477,269.87559732348683,4.96163274664345E-4,"{""type"":""MultiPoint"",""coordinates"":[]}"
20201227,2020-12-27,-0.0015841426514554469,268.8606367057824,8.342371493923435E-5,"{""type"":""MultiPoint"",""coordinates"":[]}"
20201228,2020-12-28,-0.0011800652463801978,271.85034440454746,0.004819773557769028,"{""type"":""MultiPoint"",""coordinates"":[]}"
20201229,2020-12-29,-8.024824844516166E-4,272.06280010708537,0.0016986537959559117,"{""type"":""MultiPoint"",""coordinates"":[]}"
20201230,2020-12-30,-4.337543437537333E-4,271.56723157622946,0.0010307372871307804,"{""type"":""MultiPoint"",""coordinates"":[]}"
20201231,2020-12-31,-5.823755916924014E-4,270.4049672914403,3.276511751706133E-4,"{""type"":""MultiPoint"",""coordinates"":[]}"
